id_venda,id_cliente,id_produto,data_venda,quantidade,valor_total,preco_usd,taxa_cambio,custo_unitario_brl,custo_total_brl,prejuizo
1230,17,91,2023-01-01,4,512566.8,26303.31,5.3436,140554.36731600002,562217.4692640001,49650.669264000084
2300,30,95,2023-01-01,9,596858.4,12945.63,5.3436,69176.268468,622586.416212,25728.01621199993
3131,28,130,2023-01-01,13,53873.0,749.89,5.3436,4007.112204,52092.458652,0.0
4212,9,96,2023-01-01,6,402538.75,13063.42,5.3436,69805.691112,418834.146672,16295.396672000003
4294,7,44,2023-01-01,5,51332.3,1963.02,5.3436,10489.593672,52447.968360000006,1115.6683600000033
4997,23,133,2023-01-01,1,1893.0,348.47,5.3436,1862.0842920000002,1862.0842920000002,0.0
3549,10,53,2023-01-01,13,662886.25,9958.63,5.3436,53214.935268,691794.158484,28907.908484000014
5256,19,78,2023-01-01,12,1461139.0,23053.04,5.3436,123186.22454400001,1478234.6945280002,17095.694528000196
666,14,15,2023-01-01,5,132524.05,5325.4,5.3436,28456.80744,142284.0372,9759.987200000003
7765,30,22,2023-01-01,2,74960.7,7630.67,5.3436,40775.248212000006,81550.49642400001,6589.796424000015
8211,14,67,2023-01-01,3,257367.0,16720.73,5.3436,89348.892828,268046.678484,10679.678483999975
3477,18,46,2023-01-02,2,9469.6,959.01,5.3436,5124.565836000001,10249.131672000001,779.531672000001
8092,34,55,2023-01-02,8,879898.0,23326.09,5.3436,124645.29452400001,997162.3561920001,117264.3561920001
1238,42,149,2023-01-02,4,4654.0,217.62,5.3436,1162.8742320000001,4651.4969280000005,0.0
6459,3,91,2023-01-02,8,1079088.0,26303.31,5.3436,140554.36731600002,1124434.9385280001,45346.938528000144
4286,33,18,2023-01-02,7,176706.65,4834.43,5.3436,25833.260148000005,180832.82103600004,4126.171036000043
7082,41,140,2023-01-02,6,17866.65,586.81,5.3436,3135.677916,18814.067496,947.4174959999982
663,39,147,2023-01-02,9,25907.45,592.19,5.3436,3164.4264840000005,28479.838356000004,2572.388356000003
4770,28,124,2023-01-02,4,14326.0,719.16,5.3436,3842.903376,15371.613504,1045.6135040000008
3932,34,125,2023-01-02,9,29088.05,630.46,5.3436,3368.9260560000002,30320.334504000002,1232.284504000003
7777,26,25,2023-01-02,11,126721.45,2389.36,5.3436,12767.784096000001,140445.62505600002,13724.175056000022
4996,24,29,2023-01-02,9,328593.0,7689.63,5.3436,41090.306868,369812.761812,41219.76181200001
5121,27,61,2023-01-02,11,308205.0,5564.33,5.3436,29733.553788,327069.09166800004,18864.091668000037
5239,21,48,2023-01-02,14,206309.0,2836.04,5.3436,15154.663344,212165.286816,5856.286816000007
9643,22,65,2023-01-02,14,357808.0,5008.66,5.3436,26764.275576,374699.85806400003,16891.85806400003
3525,32,133,2023-01-02,6,11356.0,348.47,5.3436,1862.0842920000002,11172.505752000001,0.0
4034,5,86,2023-01-02,8,710775.75,17824.79,5.3436,95248.54784400002,761988.3827520001,51212.63275200012
2602,35,115,2023-01-02,8,6312.75,157.17,5.3436,839.853612,6718.828896,406.078896
7899,41,78,2023-01-02,7,809714.45,23053.04,5.3436,123186.22454400001,862303.5718080001,52589.12180800014
9894,1,26,2023-01-03,15,259248.0,3412.88,5.3759,18347.301592,275209.52388,15961.523879999993
1727,40,72,2023-01-03,14,1395305.0,30675.48,5.3759,164908.312932,2308716.381048,913411.381048
7226,24,26,2023-01-03,1,17283.0,3412.88,5.3759,18347.301592,18347.301592,1064.3015919999998
3291,13,74,2023-01-03,10,865586.0,22250.99,5.3759,119619.097141,1196190.97141,330604.97141
6966,28,74,2023-01-03,15,1298378.0,22250.99,5.3759,119619.097141,1794286.457115,495908.4571150001
8172,46,72,2023-01-03,12,1136177.2,30675.48,5.3759,164908.312932,1978899.755184,842722.5551839999
8378,21,36,2023-01-03,15,339021.0,4221.25,5.3759,22693.017874999998,340395.26812499994,1374.2681249999441
5775,16,39,2023-01-03,8,237063.0,5270.87,5.3759,28335.670033,226685.360264,0.0
1767,11,1,2023-01-03,1,33123.0,6538.2,5.3759,35148.70938,35148.70938,2025.7093800000002
2622,27,116,2023-01-03,11,26914.45,502.24,5.3759,2699.9920159999997,29699.912175999998,2785.4621759999973
8897,37,5,2023-01-03,12,284028.0,4920.79,5.3759,26453.674960999997,317444.09953199996,33416.099531999964
9975,16,8,2023-01-03,15,71023.9,951.1,5.3759,5113.0184899999995,76695.27734999999,5671.377349999995
4010,16,63,2023-01-03,13,1728477.5,27618.14,5.3759,148472.35882599998,1930140.6647379997,201663.16473799967
4071,28,84,2023-01-03,13,564510.0,8041.61,5.3759,43230.891199,562001.585587,0.0
1832,5,56,2023-01-03,1,42989.0,8087.59,5.3759,43478.075080999995,43478.075080999995,489.0750809999954
1384,21,57,2023-01-04,11,1306696.0,22497.79,5.4459,122520.714561,1347727.860171,41031.86017100001
9581,25,2,2023-01-04,15,199473.4,2577.22,5.4459,14035.282398,210529.23596999998,11055.835969999986
6905,17,106,2023-01-04,12,49987.1,837.06,5.4459,4558.545053999999,54702.540647999995,4715.440647999996
306,12,70,2023-01-04,6,206133.0,6655.06,5.4459,36242.791254,217456.747524,11323.747524000006
8343,14,20,2023-01-04,8,234334.6,5689.04,5.4459,30981.942936,247855.543488,13520.94348799999
2017,45,92,2023-01-04,1,88854.0,16745.97,5.4459,91196.87802300001,91196.87802300001,2342.878023000012
472,26,56,2023-01-04,7,285874.95,8087.59,5.4459,44044.206381,308309.44466700003,22434.49466700002
7677,11,61,2023-01-04,13,364242.0,5564.33,5.4459,30302.784746999998,393936.20171099994,29694.201710999943
3342,48,41,2023-01-04,13,137800.0,1886.32,5.4459,10272.710088,133545.231144,0.0
6768,1,11,2023-01-04,4,144928.0,6733.8,5.4459,36671.60142,146686.40568,1758.4056799999962
9228,47,15,2023-01-04,7,195298.0,5325.4,5.4459,29001.595859999998,203011.17101999998,7713.17101999998
5938,37,81,2023-01-04,11,1276451.35,23345.09,5.4459,127135.025631,1398485.281941,122033.93194099981
4874,6,5,2023-01-04,1,23669.0,4920.79,5.4459,26798.130261,26798.130261,3129.1302609999984
9151,49,41,2023-01-04,5,53000.0,1886.32,5.4459,10272.710088,51363.55044,0.0
631,43,15,2023-01-04,2,55800.0,5325.4,5.4459,29001.595859999998,58003.191719999995,2203.1917199999953
6811,12,13,2023-01-04,11,85218.0,1356.5,5.4459,7387.36335,81260.99685,0.0
727,43,19,2023-01-05,3,46832.15,3163.35,5.4026,17090.31471,51270.944129999996,4438.794129999995
9792,41,12,2023-01-05,8,21809.0,527.97,5.4026,2852.410722,22819.285776,1010.2857760000006
9786,8,50,2023-01-05,14,149970.8,2179.61,5.4026,11775.560986,164857.853804,14887.053804000025
7582,48,89,2023-01-05,6,472068.0,14832.32,5.4026,80133.09203199999,480798.5521919999,8730.552191999916
7309,27,22,2023-01-05,13,487242.65,7630.67,5.4026,41225.457742,535930.950646,48688.30064599996
4226,45,49,2023-01-05,7,92850.0,2627.0,5.4026,14192.6302,99348.4114,6498.411399999997
1248,26,148,2023-01-05,10,45463.2,901.95,5.4026,4872.87507,48728.750700000004,3265.550700000007
5135,26,98,2023-01-05,4,317445.0,15262.93,5.4026,82459.505618,329838.022472,12393.022471999982
6821,33,56,2023-01-05,15,644832.0,8087.59,5.4026,43694.013734,655410.20601,10578.206009999965
8334,28,40,2023-01-05,3,42552.0,2757.45,5.4026,14897.399369999997,44692.19810999999,2140.1981099999903
6752,24,86,2023-01-05,15,1332704.65,17824.79,5.4026,96300.210454,1444503.15681,111798.50681000017
1098,6,27,2023-01-05,5,78429.15,3051.23,5.4026,16484.575198,82422.87599,3993.7259900000063
6014,26,142,2023-01-05,10,8264.0,160.09,5.4026,864.9022339999999,8649.02234,385.02233999999953
4929,8,73,2023-01-05,11,1496021.05,27407.95,5.4026,148074.19066999998,1628816.0973699999,132795.0473699998
2333,3,18,2023-01-05,6,159435.0,4834.43,5.4026,26118.491518,156710.949108,0.0
4478,32,46,2023-01-05,6,29903.0,959.01,5.4026,5181.1474259999995,31086.884555999997,1183.8845559999972
2113,6,121,2023-01-05,11,40637.0,718.35,5.4026,3880.9577099999997,42690.53481,2053.5348099999974
2686,49,108,2023-01-05,7,23419.0,653.47,5.4026,3530.437022,24713.059154000002,1294.0591540000023
6572,24,66,2023-01-05,3,35829.25,2360.29,5.4026,12751.702753999998,38255.108261999994,2425.8582619999943
8521,49,146,2023-01-06,7,3472.0,99.02,5.2855,523.3702099999999,3663.5914699999994,191.5914699999994
1708,11,19,2023-01-06,4,62442.55,3163.35,5.2855,16719.886425,66879.5457,4436.9956999999995
1503,25,32,2023-01-06,8,95019.0,2585.66,5.2855,13666.50593,109332.04744,14313.047439999995
8097,34,128,2023-01-06,5,23254.0,853.09,5.2855,4509.007195,22545.035975,0.0
9377,16,18,2023-01-06,9,227194.4,4834.43,5.2855,25552.379765,229971.417885,2777.0178850000084
91,23,36,2023-01-06,15,339021.0,4221.25,5.2855,22311.416875,334671.253125,0.0
2729,45,105,2023-01-06,10,3095.0,59.15,5.2855,312.637325,3126.3732499999996,31.373249999999643
4730,13,35,2023-01-07,8,83641.8,2199.13,5.2855,11623.501615000001,92988.01292000001,9346.212920000005
7501,9,142,2023-01-07,2,1570.35,160.09,5.2855,846.155695,1692.31139,121.96139000000016
9652,6,113,2023-01-07,6,25051.5,815.5,5.2855,4310.32525,25861.9515,810.4514999999992
9555,17,110,2023-01-07,6,14973.0,476.03,5.2855,2516.056565,15096.33939,123.33938999999918
9129,42,32,2023-01-07,10,118773.75,2585.66,5.2855,13666.50593,136665.0593,17891.309299999994
5434,10,18,2023-01-07,4,100975.5,4834.43,5.2855,25552.379765,102209.51906,1234.019060000006
9162,40,45,2023-01-07,1,9904.0,1900.9,5.2855,10047.20695,10047.20695,143.20694999999978
3887,1,85,2023-01-07,6,231472.0,7499.89,5.2855,39640.668595,237844.01157000003,6372.0115700000315
6876,27,82,2023-01-07,11,567974.0,9770.29,5.2855,51640.867795000006,568049.545745,75.54574500001036
945,2,80,2023-01-07,12,1473151.7,24177.04,5.2855,127787.74492,1533452.93904,60301.23904000013
2016,29,27,2023-01-07,4,62743.7,3051.23,5.2855,16127.276165,64509.10466,1765.4046600000001
1402,9,83,2023-01-08,13,1664827.5,35839.7,5.2855,189430.73434999998,2462599.5465499996,797772.0465499996
1728,29,46,2023-01-08,14,66284.35,959.01,5.2855,5068.847355,70963.86297,4679.512969999996
9221,29,80,2023-01-08,2,258448.0,24177.04,5.2855,127787.74492,255575.48984,0.0
6740,46,147,2023-01-08,4,11514.0,592.19,5.2855,3130.020245,12520.08098,1006.0809800000006
3542,29,77,2023-01-08,1,42469.75,8617.27,5.2855,45546.580585,45546.580585,3076.8305850000033
1169,47,2,2023-01-08,10,139982.0,2577.22,5.2855,13621.896309999998,136218.9631,0.0
4081,2,133,2023-01-08,10,17980.65,348.47,5.2855,1841.838185,18418.38185,437.7318500000001
3114,40,42,2023-01-08,6,35957.0,1263.57,5.2855,6678.599235,40071.595409999994,4114.595409999994
3864,43,23,2023-01-08,9,95577.6,2108.74,5.2855,11145.74527,100311.70743,4734.107429999989
9616,44,56,2023-01-08,10,408393.6,8087.59,5.2855,42746.956945,427469.56944999995,19075.969449999975
2643,11,107,2023-01-08,6,9080.0,295.48,5.2855,1561.75954,9370.55724,290.5572400000001
3256,48,127,2023-01-08,8,12395.0,293.17,5.2855,1549.550035,12396.40028,1.4002799999998388
839,8,20,2023-01-08,8,246668.0,5689.04,5.2855,30069.42092,240555.36736,0.0
6207,30,120,2023-01-08,5,15622.0,586.85,5.2855,3101.795675,15508.978374999999,0.0
1839,10,114,2023-01-08,13,9871.45,144.69,5.2855,764.7589949999999,9941.866934999998,70.41693499999747
7471,39,89,2023-01-08,15,1121162.45,14832.32,5.2855,78396.22735999999,1175943.4104,54780.96039999998
315,12,137,2023-01-08,8,27084.0,619.79,5.2855,3275.900045,26207.20036,0.0
236,33,113,2023-01-08,10,41752.5,815.5,5.2855,4310.32525,43103.2525,1350.7525000000023
1490,27,82,2023-01-09,14,722877.0,9770.29,5.2967,51750.295043000006,724504.130602,1627.1306020000484
5044,39,35,2023-01-09,8,88044.0,2199.13,5.2967,11648.131871000001,93185.05496800001,5141.054968000011
1591,36,106,2023-01-09,7,29159.3,837.06,5.2967,4433.655702,31035.589914,1876.2899140000009
5566,11,17,2023-01-09,15,210582.0,2706.74,5.2967,14336.789758,215051.84637,4469.846370000014
3641,15,113,2023-01-09,11,45927.75,815.5,5.2967,4319.45885,47514.04735,1586.2973500000007
174,42,16,2023-01-09,6,180036.0,5615.94,5.2967,29745.949398,178475.696388,0.0
8423,37,144,2023-01-09,14,30998.0,422.52,5.2967,2237.961684,31331.463576,333.4635759999983
185,39,27,2023-01-09,7,115580.0,3051.23,5.2967,16161.449941,113130.149587,0.0
1108,1,147,2023-01-09,5,15150.0,592.19,5.2967,3136.6527730000007,15683.263865000004,533.2638650000044
3327,18,134,2023-01-09,9,42458.0,899.33,5.2967,4763.481211,42871.330899,413.3308990000005
5082,1,144,2023-01-09,6,12620.75,422.52,5.2967,2237.961684,13427.770104,807.0201039999993
1067,38,136,2023-01-09,12,22497.9,533.84,5.2967,2827.590328,33931.083936,11433.183936000001
7604,4,37,2023-01-09,4,24271.0,1132.29,5.2967,5997.400443,23989.601772,0.0
8554,31,73,2023-01-09,12,1632023.05,27407.95,5.2967,145171.68876500003,1742060.2651800003,110037.21518000029
9807,8,142,2023-01-09,7,5495.75,160.09,5.2967,847.9487030000001,5935.640921000001,439.8909210000011
8432,32,72,2023-01-10,2,189362.55,30675.48,5.2395,160724.17745999998,321448.35491999995,132085.80491999997
9497,14,43,2023-01-10,6,210581.0,6219.32,5.2395,32586.127139999997,195516.76283999998,0.0
820,32,20,2023-01-10,3,87875.0,5689.04,5.2395,29807.725079999997,89423.17523999998,1548.1752399999823
1176,17,38,2023-01-10,10,264611.0,5097.21,5.2395,26706.831795,267068.31795,2457.317949999997
9979,7,146,2023-01-10,5,2480.0,99.02,5.2395,518.8152899999999,2594.0764499999996,114.07644999999957
8359,44,150,2023-01-10,14,21887.05,321.31,5.2395,1683.503745,23569.05243,1682.0024300000005
4572,27,69,2023-01-10,7,316855.0,8542.02,5.2395,44755.91379,313291.39652999997,0.0
1286,44,54,2023-01-10,3,346373.8,23191.9,5.2395,121513.96005,364541.88015,18168.080149999994
4706,3,91,2023-01-10,9,1213974.0,26303.31,5.2395,137816.192745,1240345.7347050002,26371.734705000184
9607,15,2,2023-01-11,11,153980.0,2577.22,5.202,13406.698439999998,147473.68284,0.0
8560,48,142,2023-01-11,12,9917.0,160.09,5.202,832.78818,9993.45816,76.45816000000013
2707,9,25,2023-01-11,13,149761.8,2389.36,5.202,12429.45072,161582.85936,11821.059360000014
9231,36,105,2023-01-11,8,2352.2,59.15,5.202,307.6983,2461.5864,109.38640000000032
5378,35,55,2023-01-11,14,1539821.0,23326.09,5.202,121342.32018,1698792.4825199998,158971.48251999984
93,37,113,2023-01-11,11,45927.75,815.5,5.202,4242.231,46664.541,736.7909999999974
1571,6,34,2023-01-11,11,51388.35,960.12,5.202,4994.54424,54939.98664,3551.6366400000043
8273,48,98,2023-01-11,14,1111056.0,15262.93,5.202,79397.76186,1111568.66604,512.6660400000401
1220,42,65,2023-01-11,8,204462.0,5008.66,5.202,26055.04932,208440.39456,3978.394559999986
2888,24,122,2023-01-11,8,10051.0,255.46,5.202,1328.90292,10631.22336,580.22336
6231,8,124,2023-01-11,2,7163.0,719.16,5.202,3741.07032,7482.14064,319.1406399999996
4522,33,116,2023-01-11,14,34254.15,502.24,5.202,2612.65248,36577.13472,2322.9847200000004
6120,27,22,2023-01-11,3,118359.0,7630.67,5.202,39694.74534,119084.23602000001,725.2360200000112
6173,49,45,2023-01-11,4,39615.0,1900.9,5.202,9888.4818,39553.9272,0.0
134,7,18,2023-01-11,7,176706.65,4834.43,5.202,25148.70486,176040.93402000002,0.0
9818,46,68,2023-01-11,10,668971.0,11988.94,5.202,62366.46588,623664.6588000001,0.0
4383,49,118,2023-01-11,13,56096.0,797.41,5.202,4148.1268199999995,53925.64865999999,0.0
7914,36,61,2023-01-12,3,79853.2,5564.33,5.14,28600.656199999998,85801.9686,5948.768599999996
2865,19,147,2023-01-12,15,43178.45,592.19,5.14,3043.8566,45657.849,2479.399000000005
8381,16,66,2023-01-12,13,163431.0,2360.29,5.14,12131.890599999999,157714.57779999997,0.0
6947,19,1,2023-01-12,7,220265.1,6538.2,5.14,33606.348,235244.436,14979.335999999981
4920,19,105,2023-01-12,12,3714.0,59.15,5.14,304.03099999999995,3648.3719999999994,0.0
2241,9,150,2023-01-12,13,20324.3,321.31,5.14,1651.5333999999998,21469.934199999996,1145.6341999999968
9217,41,3,2023-01-12,8,72194.0,1753.77,5.14,9014.3778,72115.0224,0.0
7370,5,31,2023-01-12,9,74548.0,2418.07,5.14,12428.8798,111859.9182,37311.9182
9663,43,69,2023-01-12,12,543180.0,8542.02,5.14,43905.9828,526871.7936,0.0
5706,29,79,2023-01-12,7,439876.6,11724.63,5.14,60264.59819999999,421852.18739999994,0.0
7720,1,38,2023-01-12,12,317534.0,5097.21,5.14,26199.659399999997,314395.91279999993,0.0
506,40,35,2023-01-13,6,62731.35,2199.13,5.1146,11247.670298000001,67486.02178800001,4754.671788000014
6456,6,115,2023-01-13,10,8306.0,157.17,5.1146,803.861682,8038.616819999999,0.0
6211,6,48,2023-01-13,7,97996.3,2836.04,5.1146,14505.210184000001,101536.47128800002,3540.1712880000123
4006,35,91,2023-01-13,9,1153275.3,26303.31,5.1146,134530.90932600002,1210778.1839340003,57502.883934000274
2438,11,8,2023-01-13,12,59810.0,951.1,5.1146,4864.49606,58373.95272,0.0
9839,24,130,2023-01-13,12,49729.0,749.89,5.1146,3835.3873940000003,46024.648728,0.0
8012,45,56,2023-01-13,12,490071.75,8087.59,5.1146,41364.787814,496377.453768,6305.703768000007
2910,5,120,2023-01-13,8,23746.2,586.85,5.1146,3001.5030100000004,24012.024080000003,265.82408000000214
1747,29,148,2023-01-13,4,18184.9,901.95,5.1146,4613.11347,18452.45388,267.5538799999995
8429,4,124,2023-01-13,12,42977.05,719.16,5.1146,3678.215736,44138.588832,1161.5388319999984
6052,25,31,2023-01-13,11,91114.0,2418.07,5.1146,12367.460822000001,136042.06904200002,44928.06904200002
4338,42,18,2023-01-13,15,378657.65,4834.43,5.1146,24726.175678000003,370892.63517,0.0
3191,43,87,2023-01-13,2,133720.0,11794.37,5.1146,60323.484802000006,120646.96960400001,0.0
9274,11,120,2023-01-13,7,21871.0,586.85,5.1146,3001.5030100000004,21010.521070000003,0.0
2228,10,127,2023-01-13,3,4415.6,293.17,5.1146,1499.447282,4498.341846,82.7418459999999
3836,18,98,2023-01-13,12,952334.0,15262.93,5.1146,78063.781778,936765.381336,0.0
7218,39,88,2023-01-13,7,321437.25,8866.48,5.1146,45348.498608,317439.490256,0.0
6596,39,22,2023-01-13,10,374802.55,7630.67,5.1146,39027.824782,390278.24782000005,15475.69782000006
9253,11,35,2023-01-13,5,55028.0,2199.13,5.1146,11247.670298000001,56238.35149,1210.351490000001
6156,33,109,2023-01-13,6,3549.2,169.23,5.1146,865.543758,5193.262548000001,1644.0625480000008
5380,39,36,2023-01-13,4,85885.7,4221.25,5.1146,21590.005250000002,86360.02100000001,474.3210000000108
8764,15,37,2023-01-14,14,84948.0,1132.29,5.1146,5791.2104340000005,81076.94607600001,0.0
4205,46,83,2023-01-14,13,1664827.5,35839.7,5.1146,183305.72962,2382974.48506,718146.9850599999
9952,46,120,2023-01-14,15,46867.0,586.85,5.1146,3001.5030100000004,45022.545150000005,0.0
1952,15,140,2023-01-14,1,2978.25,586.81,5.1146,3001.298426,3001.298426,23.048425999999836
520,29,10,2023-01-14,13,416430.0,5615.0,5.1146,28718.479000000003,373340.227,0.0
7580,19,17,2023-01-14,11,154427.0,2706.74,5.1146,13843.892404,152282.816444,0.0
5060,39,33,2023-01-14,6,40295.0,1268.8,5.1146,6489.40448,38936.42688,0.0
936,29,57,2023-01-14,7,831534.0,22497.79,5.1146,115067.19673400001,805470.3771380001,0.0
3430,20,141,2023-01-14,13,62163.0,942.08,5.1146,4818.362368,62638.710784,475.7107840000026
3056,47,116,2023-01-14,10,24467.25,502.24,5.1146,2568.7567040000004,25687.56704,1220.3170400000017
6774,2,87,2023-01-14,3,200580.0,11794.37,5.1146,60323.484802000006,180970.45440600003,0.0
1332,14,102,2023-01-14,13,10275.2,199.93,5.1146,1022.5619780000001,13293.305714,3018.1057139999994
6282,26,146,2023-01-14,14,6596.8,99.02,5.1146,506.447692,7090.267688,493.4676879999997
4581,27,13,2023-01-14,10,77471.0,1356.5,5.1146,6937.954900000001,69379.549,0.0
425,23,90,2023-01-14,11,826567.45,14083.78,5.1146,72032.901188,792361.913068,0.0
8706,2,88,2023-01-14,1,48336.0,8866.48,5.1146,45348.498608,45348.498608,0.0
1255,41,10,2023-01-16,12,365176.2,5615.0,5.1115,28701.072500000002,344412.87,0.0
5852,6,1,2023-01-16,2,62932.75,6538.2,5.1115,33420.009300000005,66840.01860000001,3907.2686000000103
7712,2,27,2023-01-16,3,49534.0,3051.23,5.1115,15596.362145000001,46789.086435000005,0.0
3460,42,26,2023-01-16,2,32837.7,3412.88,5.1115,17444.936120000002,34889.872240000004,2052.172240000007
7902,10,64,2023-01-16,14,1483024.1,21352.22,5.1115,109141.87253000001,1527986.21542,44962.11541999993
6560,21,102,2023-01-16,5,4160.0,199.93,5.1115,1021.9421950000001,5109.710975,949.710975
8847,5,61,2023-01-16,9,239559.6,5564.33,5.1115,28442.072795,255978.655155,16419.05515499998
714,24,29,2023-01-16,11,401614.0,7689.63,5.1115,39305.543745,432360.981195,30746.981195
7227,46,4,2023-01-16,1,3212.9,654.31,5.1115,3344.505565,3344.505565,131.60556499999984
4978,4,94,2023-01-16,11,425846.05,7181.14,5.1115,36706.397110000005,403770.36821000004,0.0
485,23,149,2023-01-17,6,6982.0,217.62,5.1203,1114.279686,6685.678116000001,0.0
1167,3,111,2023-01-17,7,28497.15,821.82,5.1203,4207.964946,29455.754622,958.6046219999989
5721,8,66,2023-01-17,6,71658.5,2360.29,5.1203,12085.392887,72512.357322,853.8573219999962
3800,4,45,2023-01-17,13,128748.0,1900.9,5.1203,9733.17827,126531.31751000001,0.0
8821,28,102,2023-01-17,10,7904.0,199.93,5.1203,1023.701579,10237.015790000001,2333.0157900000013
2908,41,148,2023-01-17,12,54555.65,901.95,5.1203,4618.254585000001,55419.05502000001,863.4050200000056
3491,24,6,2023-01-17,3,33687.95,2104.66,5.1203,10776.490598,32329.471794,0.0
6868,49,42,2023-01-17,6,35957.0,1263.57,5.1203,6469.857471,38819.144826,2862.1448260000034
1356,33,30,2023-01-17,11,354727.0,5636.75,5.1203,28861.851025,317480.361275,0.0
1877,48,81,2023-01-17,2,244297.0,23345.09,5.1203,119533.864327,239067.728654,0.0
536,19,86,2023-01-17,8,748185.0,17824.79,5.1203,91268.27223700001,730146.1778960001,0.0
8127,8,127,2023-01-17,14,20606.45,293.17,5.1203,1501.118351,21015.656914,409.2069139999985
5935,15,59,2023-01-17,11,910886.6,16694.98,5.1203,85483.306094,940316.367034,29429.76703400002
2750,37,127,2023-01-17,2,2944.05,293.17,5.1203,1501.118351,3002.236702,58.18670199999997
7216,37,2,2023-01-17,5,66491.45,2577.22,5.1203,13196.139566,65980.69783,0.0
4716,38,90,2023-01-17,14,1107363.0,14083.78,5.1203,72113.178734,1009584.502276,0.0
9943,15,131,2023-01-17,11,10599.0,185.47,5.1203,949.662041,10446.282451000001,0.0
865,11,150,2023-01-17,14,21887.05,321.31,5.1203,1645.2035930000002,23032.850302000003,1145.8003020000033
5953,37,72,2023-01-18,7,662769.4,30675.48,5.0909,156165.80113200002,1093160.6079240001,430391.2079240001
1596,45,77,2023-01-18,13,581161.0,8617.27,5.0909,43869.65984300001,570305.5779590001,0.0
4938,19,87,2023-01-18,1,63517.0,11794.37,5.0909,60043.95823300001,60043.95823300001,0.0
9886,9,12,2023-01-18,1,2589.7,527.97,5.0909,2687.842473,2687.842473,98.14247300000034
4320,40,3,2023-01-18,6,54145.0,1753.77,5.0909,8928.267693,53569.606157999995,0.0
3554,19,37,2023-01-18,8,46114.9,1132.29,5.0909,5764.375161,46115.001288,0.1012879999980214
203,13,18,2023-01-18,3,79717.0,4834.43,5.0909,24611.599687,73834.799061,0.0
7962,1,106,2023-01-18,13,57003.0,837.06,5.0909,4261.3887540000005,55398.05380200001,0.0
7548,42,4,2023-01-18,12,40583.0,654.31,5.0909,3331.026779,39972.321348,0.0
713,23,117,2023-01-18,9,36927.0,823.4,5.0909,4191.84706,37726.62354,799.6235400000005
7366,26,60,2023-01-18,2,206626.9,19341.09,5.0909,98463.55508100001,196927.11016200003,0.0
8023,46,6,2023-01-18,12,141843.0,2104.66,5.0909,10714.613594,128575.363128,0.0
9665,40,129,2023-01-18,4,13065.0,598.62,5.0909,3047.5145580000003,12190.058232000001,0.0
5593,27,65,2023-01-18,12,291357.4,5008.66,5.0909,25498.587194,305983.046328,14625.646328000003
4433,27,103,2023-01-19,2,3399.1,341.7,5.2144,1781.7604800000001,3563.5209600000003,164.42096000000038
2461,26,44,2023-01-19,3,32421.0,1963.02,5.2144,10235.971488000001,30707.914464,0.0
8070,10,125,2023-01-19,12,38783.75,630.46,5.2144,3287.4706240000005,39449.647488,665.8974880000023
7951,29,19,2023-01-19,6,98594.0,3163.35,5.2144,16494.97224,98969.83343999999,375.8334399999876
1346,48,43,2023-01-19,10,333420.55,6219.32,5.2144,32430.022208000002,324300.22208000004,0.0
1496,44,81,2023-01-19,2,232082.15,23345.09,5.2144,121730.63729600002,243461.27459200003,11379.124592000037
3478,27,29,2023-01-19,7,255572.0,7689.63,5.2144,40096.806672000006,280677.6467040001,25105.64670400007
1855,41,103,2023-01-19,15,25496.1,341.7,5.2144,1781.7604800000001,26726.4072,1230.307200000003
4012,46,123,2023-01-19,5,13885.0,535.37,5.2144,2791.6333280000003,13958.166640000001,73.16664000000128
9194,7,127,2023-01-19,7,10845.0,293.17,5.2144,1528.705648,10700.939536000002,0.0
8529,33,10,2023-01-19,9,288297.0,5615.0,5.2144,29278.856000000003,263509.704,0.0
6616,28,39,2023-01-19,2,56302.7,5270.87,5.2144,27484.424528,54968.849056,0.0
108,4,139,2023-01-19,6,8121.55,246.89,5.2144,1287.383216,7724.299295999999,0.0
9424,4,101,2023-01-19,5,2317.0,87.95,5.2144,458.60648000000003,2293.0324,0.0
2557,45,47,2023-01-20,3,18369.0,1496.29,5.1986,7778.613194,23335.839582,4966.8395820000005
1180,8,103,2023-01-20,1,1789.0,341.7,5.1986,1776.36162,1776.36162,0.0
916,42,112,2023-01-20,15,31078.3,398.23,5.1986,2070.238478,31053.577170000004,0.0
9378,47,62,2023-01-20,5,485554.5,20000.78,5.1986,103976.05490799999,519880.27453999995,34325.774539999955
6286,21,114,2023-01-20,15,11389.55,144.69,5.1986,752.185434,11282.78151,0.0
637,38,89,2023-01-20,7,523208.7,14832.32,5.1986,77107.298752,539751.091264,16542.391264000034
1681,17,129,2023-01-20,3,9309.05,598.62,5.1986,3111.985932,9335.957796,26.907796000001326
9076,48,118,2023-01-20,15,61490.65,797.41,5.1986,4145.415626,62181.23439,690.5843899999963
6302,41,94,2023-01-20,11,448259.0,7181.14,5.1986,37331.874404,410650.618444,0.0
6223,8,23,2023-01-20,15,167679.0,2108.74,5.1986,10962.495764,164437.43646,0.0
2175,15,90,2023-01-20,12,949168.0,14083.78,5.1986,73215.938708,878591.264496,0.0
9656,7,112,2023-01-20,3,6215.85,398.23,5.1986,2070.238478,6210.715434000001,0.0
2703,3,93,2023-01-20,8,763625.2,19409.47,5.1986,100902.07074200001,807216.5659360001,43591.36593600013
2850,37,103,2023-01-20,4,7157.0,341.7,5.1986,1776.36162,7105.44648,0.0
1710,28,88,2023-01-20,3,145009.0,8866.48,5.1986,46093.28292799999,138279.84878399997,0.0
8434,26,70,2023-01-20,9,309199.0,6655.06,5.1986,34596.994916,311372.954244,2173.9542440000223
1881,34,74,2023-01-20,2,164461.15,22250.99,5.1986,115673.996614,231347.993228,66886.84322800001
4108,25,61,2023-01-20,9,239559.6,5564.33,5.1986,28926.725938,260340.53344199999,20780.93344199998
2104,10,145,2023-01-20,14,60898.0,820.56,5.1986,4265.763215999999,59720.68502399999,0.0
6164,4,68,2023-01-21,15,1003457.0,11988.94,5.1986,62325.703484,934885.55226,0.0
5164,40,77,2023-01-21,2,89409.0,8617.27,5.1986,44797.739822,89595.479644,186.47964400000637
5304,8,75,2023-01-21,12,373559.95,6193.58,5.1986,32197.944988,386375.339856,12815.389855999965
2676,6,69,2023-01-21,2,86003.5,8542.02,5.1986,44406.545172,88813.090344,2809.5903439999965
677,18,7,2023-01-21,8,156150.0,3678.62,5.1986,19123.673931999998,152989.39145599998,0.0
100,22,93,2023-01-21,4,381812.6,19409.47,5.1986,100902.07074200001,403608.28296800004,21795.682968000066
5797,25,129,2023-01-21,14,45727.0,598.62,5.1986,3111.985932,43567.803048,0.0
8479,4,30,2023-01-21,1,30635.6,5636.75,5.1986,29303.20855,29303.20855,0.0
5228,27,106,2023-01-21,11,45822.3,837.06,5.1986,4351.540115999999,47866.94127599999,2044.6412759999876
8340,29,27,2023-01-21,6,94115.55,3051.23,5.1986,15862.124278,95172.74566799999,1057.1956679999857
9884,36,56,2023-01-21,8,343910.0,8087.59,5.1986,42044.145374,336353.162992,0.0
8099,7,104,2023-01-21,8,29704.0,742.54,5.1986,3860.168444,30881.347552,1177.3475519999993
7503,27,126,2023-01-21,4,10172.6,467.05,5.1986,2428.00613,9712.02452,0.0
1610,3,74,2023-01-21,15,1298378.0,22250.99,5.1986,115673.996614,1735109.94921,436731.94921
3112,45,15,2023-01-21,2,55800.0,5267.98,5.1986,27386.120827999996,54772.24165599999,0.0
6701,23,109,2023-01-21,12,7098.4,169.23,5.1986,879.7590779999999,10557.108935999999,3458.708935999999
2285,48,27,2023-01-22,4,62743.7,3051.23,5.1986,15862.124278,63448.497112,704.7971120000002
7878,19,53,2023-01-22,14,713877.5,10045.86,5.1986,52224.407796,731141.709144,17264.209143999964
8581,10,26,2023-01-22,8,131351.75,3412.88,5.1986,17742.197968,141937.583744,10585.833744000003
5746,13,131,2023-01-22,1,915.8,185.47,5.1986,964.184342,964.184342,48.38434200000006
4606,39,119,2023-01-22,4,12371.85,625.1,5.1986,3249.64486,12998.57944,626.7294399999992
8252,4,129,2023-01-22,11,35928.0,598.62,5.1986,3111.985932,34231.845252,0.0
862,3,100,2023-01-22,10,993701.9,19807.28,5.1986,102970.125808,1029701.2580799999,35999.35807999992
9930,35,48,2023-01-22,9,125995.65,2836.04,5.1986,14743.437544,132690.937896,6695.287895999994
5700,20,33,2023-01-22,5,33579.0,1268.8,5.1986,6595.983679999999,32979.918399999995,0.0
1565,40,120,2023-01-22,2,5936.55,586.85,5.1986,3050.79841,6101.59682,165.04681999999957
1736,26,7,2023-01-22,6,111257.35,3678.62,5.1986,19123.673931999998,114742.04359199999,3484.6935919999814
8368,5,31,2023-01-22,3,24849.0,2418.07,5.1986,12570.578702,37711.736106000004,12862.736106000004
9202,38,70,2023-01-23,8,274843.0,6655.06,5.1922,34554.402532,276435.220256,1592.2202560000005
1045,3,136,2023-01-23,10,19735.0,533.84,5.1922,2771.804048,27718.04048,7983.04048
5779,6,118,2023-01-23,2,8198.5,797.41,5.1922,4140.312201999999,8280.624403999998,82.12440399999832
8274,43,11,2023-01-23,15,516305.05,6733.8,5.1922,34963.236359999995,524448.5454,8143.495399999956
6503,7,145,2023-01-23,6,26099.0,820.56,5.1922,4260.511632,25563.069792,0.0
9087,42,138,2023-01-23,3,11921.55,826.61,5.1922,4291.9244419999995,12875.773325999999,954.2233259999994
7740,4,11,2023-01-23,10,362319.0,6733.8,5.1922,34963.236359999995,349632.3635999999,0.0
7872,25,25,2023-01-23,15,181897.0,2389.36,5.1922,12406.034992,186090.52488,4193.524880000012
9887,49,115,2023-01-23,1,831.0,157.17,5.1922,816.0580739999999,816.0580739999999,0.0
6410,36,44,2023-01-23,9,97262.0,1963.02,5.1922,10192.392444,91731.53199599999,0.0
2973,32,81,2023-01-23,7,855039.0,23345.09,5.1922,121212.37629799999,848486.6340859999,0.0
1363,26,32,2023-01-23,11,130650.65,2585.66,5.1922,13425.263851999998,147677.90237199998,17027.252371999988
9168,3,45,2023-01-23,7,65859.7,1900.9,5.1922,9869.85298,69088.97086,3229.270860000004
3313,15,86,2023-01-24,13,1155010.95,17824.79,5.1696,92147.034384,1197911.446992,42900.496992000146
699,2,128,2023-01-24,8,35345.7,853.09,5.1696,4410.134064,35281.072512,0.0
4965,13,59,2023-01-24,4,348665.0,16694.98,5.1696,86306.368608,345225.474432,0.0
3402,23,125,2023-01-24,12,38783.75,630.46,5.1696,3259.226016,39110.712192,326.96219199999905
8828,36,41,2023-01-24,9,95400.0,2005.71,5.1696,10368.718416,93318.465744,0.0
3020,14,61,2023-01-24,10,280186.0,5396.92,5.1696,27899.917632,278999.17632,0.0
2541,10,101,2023-01-24,13,5722.8,87.95,5.1696,454.66632,5910.66216,187.86215999999968
1842,3,133,2023-01-24,11,20820.0,348.47,5.1696,1801.4505120000001,19815.955632,0.0
9508,10,18,2023-01-24,14,372014.0,4834.43,5.1696,24992.069328,349888.970592,0.0
169,23,101,2023-01-24,2,927.0,87.95,5.1696,454.66632,909.33264,0.0
4635,22,122,2023-01-24,8,10580.0,255.46,5.1696,1320.626016,10565.008128,0.0
2395,14,49,2023-01-24,12,159171.0,2627.0,5.1696,13580.5392,162966.4704,3795.470399999991
4080,23,80,2023-01-24,11,1350388.9,24177.04,5.1696,124985.625984,1374841.885824,24452.98582400009
2492,29,35,2023-01-24,1,11006.0,2199.13,5.1696,11368.622448,11368.622448,362.6224480000001
2664,31,117,2023-01-24,11,42876.35,823.4,5.1696,4256.648639999999,46823.135039999994,3946.785039999995
2256,36,68,2023-01-25,6,401383.0,11988.94,5.1042,61193.947548,367163.685288,0.0
6602,15,35,2023-01-25,1,10455.7,2199.13,5.1042,11224.799346,11224.799346,769.0993459999991
1231,25,131,2023-01-25,1,915.8,185.47,5.1042,946.6759739999999,946.6759739999999,30.87597399999993
3673,21,140,2023-01-25,14,41689.8,586.81,5.1042,2995.1956019999993,41932.73842799999,242.93842799998674
9746,22,80,2023-01-25,12,1550686.0,24177.04,5.1042,123404.44756799999,1480853.3708159998,0.0
8132,8,7,2023-01-25,11,214706.0,3678.62,5.1042,18776.412203999997,206540.53424399995,0.0
502,45,72,2023-01-25,12,1136177.2,30675.48,5.1042,156573.78501599998,1878885.4201919998,742708.2201919998
7741,9,138,2023-01-25,4,16732.0,826.61,5.1042,4219.1827619999995,16876.731047999998,144.73104799999783
786,37,35,2023-01-25,5,55028.0,2199.13,5.1042,11224.799346,56123.99673,1095.996729999999
7600,49,121,2023-01-25,9,31585.6,718.35,5.1042,3666.60207,32999.41863,1413.8186300000016
8011,42,36,2023-01-25,3,67804.0,4221.25,5.1042,21546.104249999997,64638.31274999999,0.0
9055,18,1,2023-01-25,3,94399.6,6538.2,5.1042,33372.280439999995,100116.84131999998,5717.241319999972
6441,43,136,2023-01-25,6,11841.0,533.84,5.1042,2724.826128,16348.956768,4507.956768
6030,25,18,2023-01-26,13,345442.0,4834.43,5.0951,24631.904293000003,320214.75580900005,0.0
9237,46,18,2023-01-26,6,159435.0,4834.43,5.0951,24631.904293000003,147791.42575800003,0.0
4546,39,49,2023-01-26,4,53057.0,2627.0,5.0951,13384.827700000002,53539.31080000001,482.31080000000657
9265,43,78,2023-01-26,15,1735101.85,23053.04,5.0951,117457.54410400002,1761863.1615600002,26761.31156000006
4061,19,48,2023-01-26,5,69997.9,2836.04,5.0951,14449.907404000001,72249.53702,2251.637020000009
9065,25,77,2023-01-26,1,44705.0,8617.27,5.0951,43905.852377,43905.852377,0.0
6582,8,127,2023-01-26,13,19134.9,293.17,5.0951,1493.730467,19418.496071,283.59607099999994
1562,36,1,2023-01-26,8,264980.0,6538.2,5.0951,33312.78282,266502.26256,1522.2625600000028
2985,26,107,2023-01-26,7,10064.3,295.48,5.0951,1505.5001480000003,10538.501036000001,474.2010360000022
5103,41,70,2023-01-26,2,68711.0,6655.06,5.0951,33908.19620600001,67816.39241200002,0.0
2817,27,40,2023-01-26,12,161697.6,2757.45,5.0951,14049.483495,168593.80194,6896.201939999999
6157,11,70,2023-01-26,4,137422.0,6655.06,5.0951,33908.19620600001,135632.78482400003,0.0
6789,20,119,2023-01-26,6,19535.0,625.1,5.0951,3184.9470100000003,19109.682060000003,0.0
4687,19,150,2023-01-26,7,11520.0,321.31,5.0951,1637.1065810000002,11459.746067000002,0.0
2085,37,34,2023-01-26,8,39340.0,960.12,5.0951,4891.9074120000005,39135.259296000004,0.0
5757,26,30,2023-01-26,10,306355.05,5636.75,5.0951,28719.804925000004,287198.04925000004,0.0
3638,24,15,2023-01-26,6,159029.05,5267.98,5.0951,26840.884898,161045.309388,2016.2593880000059
1488,28,148,2023-01-26,15,68193.85,901.95,5.0951,4595.525445,68932.881675,739.0316749999911
8142,13,10,2023-01-26,9,273882.15,5615.0,5.0951,28608.986500000003,257480.87850000002,0.0
1313,32,111,2023-01-27,5,20354.7,821.82,5.0767,4172.133594,20860.66797,505.9679699999979
2977,24,121,2023-01-27,6,22166.0,718.35,5.0767,3646.847445,21881.08467,0.0
6706,21,34,2023-01-27,11,54093.0,960.12,5.0767,4874.241204,53616.653244,0.0
558,43,42,2023-01-27,2,11386.7,1263.57,5.0767,6414.765818999999,12829.531637999999,1442.8316379999978
6936,45,46,2023-01-27,3,14203.45,959.01,5.0767,4868.606067,14605.818200999998,402.3682009999975
3898,42,133,2023-01-27,8,15142.0,348.47,5.0767,1769.077649,14152.621192,0.0
1814,2,107,2023-01-27,8,12107.0,295.48,5.0767,1500.063316,12000.506528,0.0
1306,39,73,2023-01-27,2,286320.0,27541.35,5.0767,139819.171545,279638.34309,0.0
5466,41,26,2023-01-27,10,172832.0,3412.88,5.0767,17326.167896,173261.67896,429.6789599999902
9150,14,118,2023-01-27,5,21576.0,797.41,5.0767,4048.2113469999995,20241.056735,0.0
175,19,88,2023-01-28,6,275518.05,8866.48,5.0767,45012.45901599999,270074.754096,0.0
9358,36,121,2023-01-28,13,48026.0,718.35,5.0767,3646.847445,47409.016785,0.0
4919,3,64,2023-01-28,12,1271163.65,21352.22,5.0767,108398.81527400001,1300785.7832880002,29622.133288000245
7196,2,66,2023-01-28,12,150860.0,2360.29,5.0767,11982.484242999999,143789.810916,0.0
9335,37,61,2023-01-28,4,106471.25,5396.92,5.0767,27398.543764,109594.175056,3122.9250559999928
553,20,122,2023-01-28,7,9257.0,255.46,5.0767,1296.8937819999999,9078.256474,0.0
4563,13,22,2023-01-28,15,591793.0,7630.67,5.0767,38738.622389,581079.3358349999,0.0
6884,33,13,2023-01-28,15,110395.7,1356.5,5.0767,6886.543549999999,103298.15324999999,0.0
753,23,120,2023-01-28,14,41555.85,586.85,5.0767,2979.261395,41709.65953,153.80952999999863
5413,16,1,2023-01-29,9,283197.85,6538.2,5.0767,33192.47994,298732.31945999997,15534.469459999993
3601,14,1,2023-01-29,12,377596.5,6538.2,5.0767,33192.47994,398309.75928,20713.25928
7921,48,114,2023-01-29,12,9591.0,144.69,5.0767,734.5477229999999,8814.572676,0.0
2916,33,57,2023-01-29,3,338553.4,22497.79,5.0767,114214.530493,342643.591479,4090.191478999972
310,20,110,2023-01-29,6,14224.35,476.03,5.0767,2416.6615009999996,14499.969005999998,275.61900599999717
3484,27,101,2023-01-29,13,6024.0,87.95,5.0767,446.495765,5804.444945,0.0
6599,13,104,2023-01-29,3,11139.0,742.54,5.0767,3769.6528179999996,11308.958454,169.95845399999962
5120,3,15,2023-01-29,12,318057.15,5267.98,5.0767,26743.954065999995,320927.44879199995,2870.2987919999287
6883,39,83,2023-01-29,2,256127.6,35839.7,5.0767,181947.40498999998,363894.80997999996,107767.20997999996
8408,6,150,2023-01-29,10,15634.15,321.31,5.0767,1631.194477,16311.94477,677.7947700000004
1422,11,126,2023-01-29,3,8031.0,467.05,5.0767,2371.0727349999997,7113.218204999999,0.0
8846,36,6,2023-01-29,6,67374.95,2104.66,5.0767,10684.727421999998,64108.36453199999,0.0
6139,11,86,2023-01-29,7,621928.9,17824.79,5.0767,90491.111393,633437.779751,11508.879750999971
3778,4,13,2023-01-30,15,110395.7,1356.5,5.0959,6912.58835,103688.82525,0.0
6848,12,23,2023-01-30,10,106196.7,2108.74,5.0959,10745.928166,107459.28166,1262.5816599999962
8970,47,6,2023-01-30,11,123520.9,2104.66,5.0959,10725.136894,117976.505834,0.0
871,20,145,2023-01-30,7,30449.0,820.56,5.0959,4181.491704,29270.441928,0.0
7952,1,60,2023-01-30,10,1033135.45,19341.09,5.0959,98560.260531,985602.60531,0.0
6746,3,133,2023-01-30,2,3595.75,348.47,5.0959,1775.7682730000004,3551.5365460000007,0.0
8613,26,28,2023-01-30,6,81273.45,2653.5,5.0959,13521.970650000001,81131.8239,0.0
3387,34,106,2023-01-30,4,16662.05,837.06,5.0959,4265.574054,17062.296216,400.24621599999955
5392,5,63,2023-01-30,15,1994396.75,27618.14,5.0959,140739.279626,2111089.19439,116692.44438999984
2068,17,122,2023-01-30,5,6612.0,255.46,5.0959,1301.798614,6508.99307,0.0
7660,36,5,2023-01-30,14,331366.0,4920.79,5.0959,25075.853761000002,351061.952654,19695.952654000022
1141,17,61,2023-01-30,8,212941.55,5396.92,5.0959,27502.164628000002,220017.31702400002,7075.76702400003
2281,42,57,2023-01-31,15,1692766.05,22497.79,5.0993,114722.98054700001,1720844.7082050003,28078.658205000218
9380,37,147,2023-01-31,2,6060.0,592.19,5.0993,3019.7544670000007,6039.508934000001,0.0
7781,28,66,2023-01-31,8,100573.0,2360.29,5.0993,12035.826797000002,96286.61437600001,0.0
3364,13,71,2023-01-31,1,123665.3,24528.75,5.0993,125079.45487500001,125079.45487500001,1414.1548750000075
7496,27,105,2023-01-31,5,1470.6,59.15,5.0993,301.623595,1508.1179750000001,37.517975000000206
3392,49,68,2023-01-31,7,468280.0,11988.94,5.0993,61135.201742000005,427946.41219400003,0.0
911,40,16,2023-01-31,5,150030.0,5615.94,5.0993,28637.362842,143186.81420999998,0.0
1524,29,103,2023-01-31,12,21470.0,341.7,5.0993,1742.43081,20909.16972,0.0
5649,20,128,2023-01-31,7,32555.0,853.09,5.0993,4350.161837000001,30451.132859000005,0.0
3052,9,72,2023-01-31,12,1195976.0,30675.48,5.0993,156423.475164,1877081.701968,681105.701968
2322,29,147,2023-01-31,6,18180.0,592.19,5.0993,3019.7544670000007,18118.526802000004,0.0
3548,36,26,2023-01-31,7,114932.9,3412.88,5.0993,17403.298984,121823.09288800001,6890.19288800002
1734,17,115,2023-01-31,7,5523.3,160.69,5.0993,819.406517,5735.845619,212.54561899999953
7788,30,95,2023-01-31,9,596858.4,12945.63,5.0993,66013.651059,594122.859531,0.0
2419,40,22,2023-01-31,10,374802.55,7630.67,5.0993,38911.075531,389110.75531000004,14308.205310000048
1613,34,90,2023-01-31,4,300569.55,14083.78,5.0993,71817.41935400001,287269.67741600005,0.0
1083,10,119,2023-02-01,3,9278.65,625.1,5.0721,3170.56971,9511.709130000001,233.05913000000146
3793,22,4,2023-02-01,2,6425.8,654.31,5.0721,3318.7257509999995,6637.451501999999,211.6515019999988
2920,19,50,2023-02-01,2,21424.4,2179.61,5.0721,11055.199881,22110.399762,685.9997619999995
4150,3,33,2023-02-01,1,6716.0,1268.8,5.0721,6435.480479999999,6435.480479999999,0.0
8156,46,83,2023-02-01,12,1617647.0,35839.7,5.0721,181782.54236999998,2181390.50844,563743.50844
9562,2,18,2023-02-01,7,186007.0,4834.43,5.0721,24520.712403,171644.986821,0.0
7479,14,145,2023-02-01,4,17399.0,820.56,5.0721,4161.9623759999995,16647.849503999998,0.0
2171,24,117,2023-02-01,6,23387.1,823.4,5.0721,4176.367139999999,25058.202839999998,1671.1028399999996
2476,25,126,2023-02-01,10,25432.45,467.05,5.0721,2368.924305,23689.24305,0.0
6552,30,46,2023-02-01,12,59805.0,959.01,5.0721,4864.194621,58370.335452,0.0
2513,8,82,2023-02-01,3,147156.9,9770.29,5.0721,49555.887909000005,148667.663727,1510.7637270000123
958,18,50,2023-02-01,5,56380.0,2179.61,5.0721,11055.199881,55275.999405,0.0
9161,26,145,2023-02-01,14,60898.0,820.56,5.0721,4161.9623759999995,58267.47326399999,0.0
6093,6,64,2023-02-01,10,1115056.0,21352.22,5.0721,108300.59506200001,1083005.95062,0.0
6175,36,50,2023-02-01,13,146588.0,2179.61,5.0721,11055.199881,143717.598453,0.0
3577,14,9,2023-02-01,8,317644.0,7933.96,5.0721,40241.838515999996,321934.70812799997,4290.708127999969
7687,29,120,2023-02-02,2,6249.0,586.85,4.9901,2928.440185,5856.88037,0.0
9488,47,85,2023-02-02,13,501523.0,7499.89,4.9901,37425.201089,486527.61415700003,0.0
1202,36,18,2023-02-02,4,100975.5,4834.43,4.9901,24124.289143,96497.156572,0.0
8045,28,27,2023-02-02,8,132092.0,3051.23,4.9901,15225.942823,121807.542584,0.0
5909,7,103,2023-02-02,10,17892.0,341.7,4.9901,1705.11717,17051.1717,0.0
2264,48,143,2023-02-02,4,17746.0,845.69,4.9901,4220.077669,16880.310676,0.0
181,28,127,2023-02-02,11,16190.85,293.17,4.9901,1462.947617,16092.423787,0.0
3721,20,149,2023-02-02,8,9309.0,217.62,4.9901,1085.945562,8687.564496,0.0
6453,44,17,2023-02-02,8,106694.5,2706.74,4.9901,13506.903273999998,108055.22619199999,1360.7261919999873
8072,6,16,2023-02-02,10,300060.0,5615.94,4.9901,28024.102194,280241.02194,0.0
4712,28,78,2023-02-02,2,231346.85,23053.04,4.9901,115036.974904,230073.949808,0.0
6267,31,113,2023-02-02,12,52740.0,815.5,4.9901,4069.42655,48833.1186,0.0
6796,9,99,2023-02-02,6,611420.0,21330.89,4.9901,106443.274189,638659.645134,27239.64513399999
7972,43,100,2023-02-02,6,596220.95,19807.28,4.9901,98840.307928,593041.847568,0.0
782,6,113,2023-02-03,13,57134.0,815.5,5.103,4161.4965,54099.4545,0.0
2445,49,92,2023-02-03,13,1097347.85,16745.97,5.103,85454.68491,1110910.90383,13563.053829999873
1110,29,68,2023-02-03,13,869662.0,11988.94,5.103,61179.56082,795334.2906599999,0.0
4,20,23,2023-02-03,5,55893.0,2108.74,5.103,10760.900219999998,53804.50109999999,0.0
3885,31,106,2023-02-03,8,33325.05,837.06,5.103,4271.51718,34172.13744,847.0874399999957
7683,14,104,2023-02-03,13,48269.0,742.54,5.103,3789.18162,49259.361059999996,990.3610599999956
1686,45,62,2023-02-03,4,408888.0,20000.78,5.103,102063.98034,408255.92136,0.0
8961,8,21,2023-02-03,7,58084.9,1674.22,5.103,8543.54466,59804.81262,1719.9126199999955
2860,1,37,2023-02-03,11,63407.75,1132.29,5.103,5778.07587,63558.83457,151.08456999999908
8893,35,18,2023-02-03,7,176706.65,4834.43,5.103,24670.09629,172690.67403,0.0
2696,13,75,2023-02-03,5,155649.9,6193.58,5.103,31605.83874,158029.1937,2379.2937000000093
4017,17,51,2023-02-03,15,962385.0,12243.38,5.103,62477.96813999999,937169.5220999998,0.0
9112,9,58,2023-02-03,14,1523544.0,20157.55,5.103,102863.97764999999,1440095.6870999997,0.0
6266,8,94,2023-02-03,4,154852.85,7181.14,5.103,36645.35742,146581.42968,0.0
1406,7,100,2023-02-03,2,198740.0,19807.28,5.103,101076.54983999999,202153.09967999998,3413.099679999985
2929,45,4,2023-02-03,14,47346.0,654.31,5.103,3338.9439299999995,46745.21501999999,0.0
9798,49,88,2023-02-03,10,459196.75,8866.48,5.103,45245.64743999999,452456.47439999995,0.0
5947,40,56,2023-02-03,12,515865.0,8087.59,5.103,41270.97177,495251.6612399999,0.0
4033,26,104,2023-02-03,5,17636.75,742.54,5.103,3789.18162,18945.9081,1309.1581000000006
1349,30,137,2023-02-04,5,16080.65,619.79,5.103,3162.7883699999998,15813.94185,0.0
6285,42,31,2023-02-04,12,99397.0,2418.07,5.103,12339.41121,148072.93452,48675.93452000001
1325,48,45,2023-02-04,10,99037.0,1900.9,5.103,9700.2927,97002.927,0.0
8711,41,22,2023-02-04,9,337322.2,7630.67,5.103,38939.30901,350453.78108999995,13131.581089999934
9816,43,82,2023-02-04,12,588627.6,9770.29,5.103,49857.78987,598293.47844,9665.87844
2849,29,17,2023-02-04,11,154427.0,2706.74,5.103,13812.494219999999,151937.43641999998,0.0
4361,11,48,2023-02-04,14,206309.0,2836.04,5.103,14472.312119999999,202612.36967999997,0.0
2486,14,23,2023-02-04,1,11179.0,2108.74,5.103,10760.900219999998,10760.900219999998,0.0
7671,2,101,2023-02-04,4,1854.0,87.95,5.103,448.80885,1795.2354,0.0
7793,35,65,2023-02-04,2,51115.0,5008.66,5.103,25559.19198,51118.38396,3.383959999999206
5354,19,21,2023-02-04,3,24893.8,1674.22,5.103,8543.54466,25630.63398,736.8339799999994
6295,32,46,2023-02-04,11,54821.0,959.01,5.103,4893.82803,53832.108329999995,0.0
5272,9,149,2023-02-04,15,17454.0,217.62,5.103,1110.51486,16657.7229,0.0
23,7,132,2023-02-04,15,23445.0,276.61,5.103,1411.54083,21173.11245,0.0
3202,10,46,2023-02-05,5,23673.05,959.01,5.103,4893.82803,24469.14015,796.09015
8390,23,137,2023-02-05,9,30469.0,619.79,5.103,3162.7883699999998,28465.095329999996,0.0
1668,18,136,2023-02-05,6,11841.0,533.84,5.103,2724.18552,16345.11312,4504.11312
6193,27,22,2023-02-05,9,337322.2,7630.67,5.103,38939.30901,350453.78108999995,13131.581089999934
7901,10,23,2023-02-05,10,111786.0,2108.74,5.103,10760.900219999998,107609.00219999997,0.0
3423,39,131,2023-02-05,15,14454.0,185.47,5.103,946.45341,14196.80115,0.0
9277,15,81,2023-02-05,9,1044369.2,23345.09,5.103,119129.99427,1072169.9484299999,27800.74842999992
7243,46,110,2023-02-05,13,32442.0,476.03,5.103,2429.1810899999996,31579.354169999995,0.0
4675,48,56,2023-02-05,4,171955.0,8087.59,5.103,41270.97177,165083.88708,0.0
2184,3,98,2023-02-05,5,396806.0,15262.93,5.103,77886.73178999999,389433.65894999995,0.0
7017,47,149,2023-02-05,8,9309.0,217.62,5.103,1110.51486,8884.11888,0.0
4632,23,29,2023-02-05,3,109531.0,7689.63,5.103,39240.18189,117720.54566999999,8189.545669999992
3326,12,96,2023-02-05,7,469628.7,13063.42,5.103,66662.63226,466638.42582,0.0
3259,32,68,2023-02-05,14,889731.05,11988.94,5.103,61179.56082,856513.85148,0.0
2144,37,75,2023-02-05,10,311299.8,6193.58,5.103,31605.83874,316058.3874,4758.5874000000185
435,33,55,2023-02-05,1,109987.0,23326.09,5.103,119033.03727,119033.03727,9046.03727
7022,5,144,2023-02-05,11,23138.2,422.52,5.103,2156.1195599999996,23717.315159999995,579.1151599999939
5632,49,119,2023-02-05,1,3093.2,625.1,5.103,3189.8853,3189.8853,96.6853000000001
2021,18,52,2023-02-06,10,130188.95,2634.69,5.1763,13637.945847,136379.45847,6190.508470000015
6765,25,140,2023-02-06,15,47019.0,586.81,5.1763,3037.504603,45562.569045,0.0
3821,1,32,2023-02-06,1,12502.0,2585.66,5.1763,13384.151858,13384.151858,882.1518579999993
8701,18,111,2023-02-06,8,34282.0,821.82,5.1763,4253.986866,34031.894928,0.0
768,36,124,2023-02-06,11,39395.55,719.16,5.1763,3722.587908,40948.466988,1552.9169879999972
7412,7,54,2023-02-06,13,1579953.0,23191.9,5.1763,120048.23197000002,1560627.0156100004,0.0
1065,11,125,2023-02-06,8,27217.0,630.46,5.1763,3263.4500980000003,26107.600784000002,0.0
9576,23,138,2023-02-06,2,8366.0,826.61,5.1763,4278.781343000001,8557.562686000001,191.56268600000112
5761,24,86,2023-02-06,11,977316.3,17824.79,5.1763,92266.46047700002,1014931.0652470002,37614.76524700015
1701,49,49,2023-02-06,7,92850.0,2627.0,5.1763,13598.1401,95186.9807,2336.9807
1527,48,135,2023-02-06,8,12498.2,318.15,5.1763,1646.839845,13174.71876,676.518759999999
7317,46,91,2023-02-06,7,896991.9,26303.31,5.1763,136153.82355300002,953076.7648710002,56084.86487100017
6594,49,39,2023-02-06,7,197058.5,5270.87,5.1763,27283.604381,190985.230667,0.0
6895,18,87,2023-02-07,13,825720.05,11794.37,5.1695,60970.995715000005,792622.944295,0.0
6566,10,61,2023-02-07,3,79853.2,5396.92,5.1695,27899.377940000002,83698.13382,3844.9338200000057
586,36,130,2023-02-07,14,58017.0,749.89,5.1695,3876.556355,54271.78897,0.0
2981,45,57,2023-02-07,3,338553.4,22497.79,5.1695,116302.32540500001,348906.97621500003,10353.576215000008
5550,32,12,2023-02-07,10,27262.0,527.97,5.1695,2729.340915,27293.409150000003,31.409150000003137
7970,32,50,2023-02-07,10,107122.0,2179.61,5.1695,11267.493895000001,112674.93895000001,5552.938950000011
1308,38,3,2023-02-07,1,9024.0,1753.77,5.1695,9066.114015000001,9066.114015000001,42.11401500000102
3152,10,147,2023-02-07,2,6060.0,592.19,5.1695,3061.3262050000003,6122.652410000001,62.6524100000006
4210,16,63,2023-02-07,6,839746.0,27618.14,5.1695,142771.97473000002,856631.8483800001,16885.848380000098
5062,27,133,2023-02-07,3,5394.1,348.47,5.1695,1801.4156650000002,5404.246995,10.14699500000006
9536,16,41,2023-02-07,10,100700.0,2005.71,5.1695,10368.517845,103685.17845,2985.1784500000067
1472,32,6,2023-02-07,2,23640.0,2104.66,5.1695,10880.03987,21760.07974,0.0
4424,37,43,2023-02-07,2,70194.0,6219.32,5.1695,32150.77474,64301.54948,0.0
1470,36,77,2023-02-07,7,297286.35,8959.75,5.1695,46317.427625000004,324221.993375,26935.643375000043
5564,3,143,2023-02-07,3,13309.0,845.69,5.1695,4371.794455,13115.383365000002,0.0
3938,23,144,2023-02-07,9,18930.65,422.52,5.1695,2184.21714,19657.954260000002,727.3042600000008
6344,14,73,2023-02-08,10,1360019.05,27541.35,5.2036,143314.16885999998,1433141.6885999998,73122.63859999971
706,21,98,2023-02-08,5,396806.0,15262.93,5.2036,79422.182548,397110.91274,304.91273999999976
4779,49,104,2023-02-08,4,14852.0,742.54,5.2036,3863.8811439999995,15455.524575999998,603.524575999998
8816,33,50,2023-02-08,8,90208.0,2179.61,5.2036,11341.818596000001,90734.54876800001,526.5487680000078
7145,10,39,2023-02-08,3,88898.0,5270.87,5.2036,27427.499131999997,82282.49739599999,0.0
3742,7,149,2023-02-08,11,12800.0,217.62,5.2036,1132.407432,12456.481752,0.0
7628,21,116,2023-02-08,2,4893.45,502.24,5.2036,2613.456064,5226.912128,333.4621280000001
1208,23,86,2023-02-08,8,748185.0,17824.79,5.2036,92753.077244,742024.617952,0.0
8014,30,110,2023-02-08,8,19964.0,476.03,5.2036,2477.0697079999995,19816.557663999996,0.0
4158,32,49,2023-02-08,11,145907.0,2627.0,5.2036,13669.857199999999,150368.42919999998,4461.429199999984
8663,20,124,2023-02-08,9,32232.55,719.16,5.2036,3742.2209759999996,33679.988783999994,1447.4387839999945
3594,17,89,2023-02-08,4,314712.0,14832.32,5.2036,77181.460352,308725.841408,0.0
2952,26,75,2023-02-08,14,458757.0,6193.58,5.2036,32228.912888,451204.780432,0.0
4757,13,31,2023-02-08,8,66265.0,2418.07,5.2036,12582.669052000001,100661.35241600001,34396.35241600001
6668,42,74,2023-02-08,9,779027.0,22250.99,5.2036,115785.251564,1042067.2640760001,263040.2640760001
1694,41,49,2023-02-08,12,159171.0,2627.0,5.2036,13669.857199999999,164038.28639999998,4867.286399999983
2878,23,20,2023-02-08,8,234334.6,5689.04,5.2036,29603.488544,236827.908352,2493.3083519999927
7423,25,67,2023-02-08,15,1286836.0,16720.73,5.2036,87007.990628,1305119.85942,18283.85942000011
4449,15,10,2023-02-09,5,160165.0,5615.0,5.2315,29374.872499999998,146874.3625,0.0
3936,44,106,2023-02-09,1,4385.0,837.06,5.2315,4379.079389999999,4379.079389999999,0.0
9003,16,144,2023-02-09,1,2214.0,422.52,5.2315,2210.41338,2210.41338,0.0
5750,48,122,2023-02-09,8,10580.0,255.46,5.2315,1336.4389899999999,10691.511919999999,111.51191999999901
5170,27,27,2023-02-09,1,16511.0,3051.23,5.2315,15962.509745,15962.509745,0.0
1537,18,70,2023-02-09,4,130550.9,6655.06,5.2315,34815.94639,139263.78556,8712.885559999995
941,33,5,2023-02-09,14,331366.0,4920.79,5.2315,25743.112885,360403.58038999996,29037.58038999996
6040,16,69,2023-02-09,1,43001.75,8542.02,5.2315,44687.57763,44687.57763,1685.8276299999998
2421,35,97,2023-02-09,7,947345.0,25607.88,5.2315,133967.62422,937773.36954,0.0
3004,44,139,2023-02-10,4,5700.0,246.89,5.2526,1296.814414,5187.257656,0.0
4167,26,82,2023-02-10,5,245261.5,9770.29,5.2526,51319.42525400001,256597.12627000004,11335.626270000037
1178,11,60,2023-02-10,9,978760.0,19341.09,5.2526,101591.009334,914319.0840060001,0.0
3278,41,4,2023-02-10,12,40583.0,654.31,5.2526,3436.828706,41241.944471999996,658.9444719999956
3920,2,14,2023-02-10,10,358111.0,6841.36,5.2526,35934.927536,359349.27536,1238.2753600000287
283,3,124,2023-02-10,10,35814.05,719.16,5.2526,3777.459816,37774.59816,1960.5481599999985
7632,8,109,2023-02-10,11,6850.0,169.23,5.2526,888.8974979999999,9777.872478,2927.8724779999993
2084,4,125,2023-02-10,8,25856.15,630.46,5.2526,3311.5541960000005,26492.433568000004,636.2835680000026
3629,12,29,2023-02-10,3,109531.0,7689.63,5.2526,40390.550538,121171.651614,11640.651614000002
5050,8,98,2023-02-11,14,1111056.0,15262.93,5.2526,80170.066118,1122380.9256520001,11324.925652000122
7691,49,13,2023-02-11,13,95676.4,1356.5,5.2526,7125.1519,92626.97469999999,0.0
6003,44,73,2023-02-11,13,1861079.0,27541.35,5.2526,144663.69501,1880628.03513,19549.035129999975
8121,26,58,2023-02-11,13,1414720.0,20157.55,5.2526,105879.54713,1376434.11269,0.0
219,9,115,2023-02-11,14,11628.0,160.69,5.2526,844.040294,11816.564116,188.56411599999956
4217,45,116,2023-02-11,6,15453.0,502.24,5.2526,2638.0658240000002,15828.394944000001,375.3949440000015
7044,14,79,2023-02-11,4,264587.0,11724.63,5.2526,61584.791538,246339.166152,0.0
2158,44,44,2023-02-11,15,153997.85,1963.02,5.2526,10310.958852,154664.38277999999,666.5327799999795
1573,3,46,2023-02-12,11,52079.95,959.01,5.2526,5037.295926,55410.255185999995,3330.305185999998
3409,41,39,2023-02-12,6,168907.15,5270.87,5.2526,27685.771762,166114.630572,0.0
7920,25,9,2023-02-12,12,476466.0,7933.96,5.2526,41673.918296,500087.01955200004,23621.01955200004
1845,39,38,2023-02-12,5,125690.7,5097.21,5.2526,26773.605246000003,133868.02623000002,8177.326230000021
9632,28,27,2023-02-12,2,31371.85,3051.23,5.2526,16026.890698000001,32053.781396000002,681.9313960000036
738,46,3,2023-02-12,7,60010.55,1753.77,5.2526,9211.852302,64482.966113999995,4472.416113999992
5555,47,120,2023-02-12,6,18747.0,586.85,5.2526,3082.48831,18494.92986,0.0
4500,20,145,2023-02-12,10,41324.05,820.56,5.2526,4310.073456,43100.73456,1776.6845599999942
2291,48,6,2023-02-12,5,59101.0,2104.66,5.2526,11054.937116,55274.68558,0.0
4103,27,51,2023-02-12,9,548559.45,12243.38,5.2526,64309.577787999995,578786.200092,30226.750092000002
8872,15,78,2023-02-12,6,730569.0,23053.04,5.2526,121088.39790400001,726530.3874240001,0.0
867,13,94,2023-02-13,10,407508.0,7181.14,5.1834,37222.721076,372227.21076000005,0.0
8532,16,108,2023-02-13,10,31783.2,653.47,5.1834,3387.196398,33871.96398,2088.7639799999997
6593,7,142,2023-02-13,6,4710.1,160.09,5.1834,829.810506,4978.863036000001,268.7630360000003
7593,40,19,2023-02-13,12,197188.0,3163.35,5.1834,16396.90839,196762.90068000002,0.0
2136,45,21,2023-02-13,1,8735.0,1674.22,5.1834,8678.151948,8678.151948,0.0
4194,38,72,2023-02-13,11,1041495.45,30675.48,5.1834,159003.28303199998,1749036.1133519998,707540.6633519998
4530,37,9,2023-02-13,14,555877.0,7933.96,5.1834,41124.888264,575748.435696,19871.435696
1831,24,136,2023-02-13,2,3947.0,533.84,5.1834,2767.106256,5534.212512,1587.212512
9040,3,98,2023-02-13,4,317445.0,15262.93,5.1834,79113.871362,316455.485448,0.0
8596,41,130,2023-02-13,8,31495.35,749.89,5.1834,3886.979826,31095.838608,0.0
3487,44,106,2023-02-13,15,65773.0,837.06,5.1834,4338.816803999999,65082.252059999984,0.0
9066,13,105,2023-02-13,8,2352.2,59.15,5.1834,306.59810999999996,2452.7848799999997,100.58487999999988
7314,17,140,2023-02-13,6,17866.65,586.81,5.1834,3041.6709539999997,18250.025724,383.3757239999977
8784,29,12,2023-02-13,11,28488.6,527.97,5.1834,2736.679698,30103.476678,1614.8766780000005
1517,37,110,2023-02-14,11,27451.0,476.03,5.1507,2451.8877209999996,26970.764930999994,0.0
4621,32,49,2023-02-14,6,79586.0,2627.0,5.1507,13530.888899999998,81185.33339999999,1599.3333999999886
6429,7,133,2023-02-14,8,15142.0,348.47,5.1507,1794.864429,14358.915432,0.0
9467,42,100,2023-02-14,5,496850.95,19807.28,5.1507,102021.35709599999,510106.78547999996,13255.83547999995
9750,21,109,2023-02-14,12,7472.0,169.23,5.1507,871.6529609999999,10459.835532,2987.835531999999
3746,27,99,2023-02-14,2,214533.0,21330.89,5.1507,109869.01512299999,219738.03024599998,5205.03024599998
4945,47,127,2023-02-14,14,20606.45,293.17,5.1507,1510.0307189999999,21140.430065999997,533.9800659999964
2094,9,33,2023-02-14,4,26863.0,1268.8,5.1507,6535.208159999999,26140.832639999997,0.0
2590,47,143,2023-02-14,15,66546.0,845.69,5.1507,4355.895483,65338.432245,0.0
8356,33,117,2023-02-14,5,19489.25,823.4,5.1507,4241.08638,21205.4319,1716.1818999999996
1200,12,83,2023-02-15,9,1152573.25,35839.7,5.2243,187237.34471,1685136.1023900001,532562.8523900001
1528,35,98,2023-02-15,3,238083.0,15262.93,5.2243,79738.125199,239214.375597,1131.3755970000057
6191,16,105,2023-02-15,8,2476.0,59.15,5.2243,309.01734500000003,2472.1387600000003,0.0
3176,39,112,2023-02-15,9,19629.0,398.23,5.2243,2080.4729890000003,18724.256901000004,0.0
9024,45,63,2023-02-15,15,1994396.75,27618.14,5.2243,144285.448802,2164281.73203,169884.98203000007
3853,31,112,2023-02-15,7,14503.65,398.23,5.2243,2080.4729890000003,14563.310923000003,59.660923000003095
5401,18,30,2023-02-15,10,306355.05,5636.75,5.2243,29448.073025,294480.73025,0.0
4417,23,40,2023-02-15,14,198577.0,2757.45,5.2243,14405.746035,201680.44449,3103.4444899999944
7194,20,13,2023-02-15,2,14719.3,1356.5,5.2243,7086.76295,14173.5259,0.0
6679,18,142,2023-02-15,1,826.0,160.09,5.2243,836.358187,836.358187,10.358187000000044
6831,30,34,2023-02-15,6,28029.75,960.12,5.2243,5015.954916000001,30095.729496000004,2065.9794960000036
8703,40,129,2023-02-15,5,15514.45,598.62,5.2243,3127.3704660000003,15636.852330000002,122.4023300000008
2989,18,8,2023-02-15,13,64794.0,951.1,5.2243,4968.831730000001,64594.81249000001,0.0
8730,35,6,2023-02-15,7,82741.0,2104.66,5.2243,10995.375238,76967.626666,0.0
8748,28,124,2023-02-16,10,35814.05,719.16,5.2432,3770.6997119999996,37706.99712,1892.947119999997
9659,42,80,2023-02-16,8,982101.45,24177.04,5.2432,126765.056128,1014120.449024,32018.99902400002
3912,23,13,2023-02-16,11,80957.1,1356.5,5.2432,7112.400799999999,78236.40879999999,0.0
5848,7,11,2023-02-16,5,172102.0,6733.8,5.2432,35306.66016,176533.3008,4431.300799999997
8770,30,120,2023-02-16,15,44523.65,586.85,5.2432,3076.97192,46154.5788,1630.9288000000015
4720,43,109,2023-02-16,8,4732.9,169.23,5.2432,887.3067359999999,7098.453887999999,2365.5538879999995
915,19,100,2023-02-16,1,104600.0,19807.28,5.2432,103853.53049599999,103853.53049599999,0.0
2110,4,116,2023-02-16,2,4893.45,502.24,5.2432,2633.344768,5266.689536,373.23953600000004
4582,39,47,2023-02-16,13,79598.0,1496.29,5.2432,7845.347728,101989.520464,22391.520464
824,45,26,2023-02-16,6,98514.05,3412.88,5.2432,17894.412416,107366.474496,8852.424495999992
9691,42,51,2023-02-17,15,962385.0,12243.38,5.2012,63680.26805599999,955204.0208399999,0.0
4494,26,108,2023-02-17,15,50183.0,653.47,5.2012,3398.828164,50982.42246,799.4224600000016
5431,24,149,2023-02-17,13,15127.0,225.94,5.2012,1175.159128,15277.068664,150.06866400000035
2854,20,109,2023-02-17,11,6850.0,169.23,5.2012,880.199076,9682.189836,2832.1898359999996
675,2,148,2023-02-17,14,63648.1,901.95,5.2012,4691.22234,65677.11276,2029.012760000005
8593,10,107,2023-02-17,8,11501.65,295.48,5.2012,1536.850576,12294.804608,793.1546080000007
7213,13,53,2023-02-17,14,751450.0,10045.86,5.2012,52250.527032000005,731507.3784480001,0.0
3636,21,46,2023-02-17,6,29903.0,959.01,5.2012,4988.002812,29928.016872,25.01687200000015
742,8,99,2023-02-17,3,305710.0,21330.89,5.2012,110946.225068,332838.67520399997,27128.67520399997
166,28,111,2023-02-17,2,8570.0,821.82,5.2012,4274.450184,8548.900368,0.0
3882,24,129,2023-02-17,15,48993.0,598.62,5.2012,3113.542344,46703.13516,0.0
2714,41,150,2023-02-17,9,14070.45,321.31,5.2012,1671.197572,15040.778148000001,970.3281480000005
2359,31,69,2023-02-17,12,543180.0,8542.02,5.2012,44428.754424000006,533145.053088,0.0
9261,34,39,2023-02-18,6,177797.0,5270.87,5.2012,27414.849044,164489.09426399998,0.0
4806,16,103,2023-02-18,7,12524.0,341.7,5.2012,1777.25004,12440.75028,0.0
1062,30,58,2023-02-18,8,827067.15,20157.55,5.2012,104843.44906,838747.59248,11680.442479999969
3689,6,135,2023-02-18,8,12498.2,318.15,5.2012,1654.7617799999998,13238.094239999999,739.8942399999978
8550,19,1,2023-02-18,5,157332.35,6538.2,5.2012,34006.48584,170032.4292,12700.079200000007
4482,1,81,2023-02-18,9,1099336.0,23345.09,5.2012,121422.482108,1092802.338972,0.0
1362,5,55,2023-02-18,7,769910.0,23326.09,5.2012,121323.659308,849265.615156,79355.61515600001
3558,6,9,2023-02-18,3,119116.0,7933.96,5.2012,41266.112752,123798.338256,4682.338256000003
7963,43,82,2023-02-18,13,671243.0,9770.29,5.2012,50817.232348000005,660624.020524,0.0
4099,9,98,2023-02-18,5,396806.0,15262.93,5.2012,79385.551516,396927.75758000003,121.75758000003407
443,15,91,2023-02-18,5,674430.0,26303.31,5.2012,136808.775972,684043.87986,9613.879859999986
2342,34,30,2023-02-18,10,322479.0,5636.75,5.2012,29317.8641,293178.641,0.0
7843,32,93,2023-02-18,3,301431.0,19409.47,5.2012,100952.53536400001,302857.60609200003,1426.606092000031
556,38,40,2023-02-18,9,127656.0,2757.45,5.2012,14342.048939999999,129078.44045999998,1422.4404599999834
1859,32,139,2023-02-18,7,9475.3,246.89,5.2012,1284.124268,8988.869876,0.0
5077,30,102,2023-02-18,3,2496.0,199.93,5.2012,1039.875916,3119.627748,623.6277479999999
8984,4,37,2023-02-19,9,51878.55,1132.29,5.2012,5889.266748,53003.400732,1124.850731999999
1386,30,114,2023-02-19,13,9871.45,152.46,5.2012,792.974952,10308.674376,437.2243760000001
3156,39,52,2023-02-19,13,178153.0,2634.69,5.2012,13703.549628,178146.14516400002,0.0
4550,37,7,2023-02-19,9,166885.55,3678.62,5.2012,19133.238344,172199.14509600002,5313.595096000034
8873,8,150,2023-02-19,10,16457.0,321.31,5.2012,1671.197572,16711.975720000002,254.97572000000218
9090,20,55,2023-02-19,6,626926.85,23326.09,5.2012,121323.659308,727941.955848,101015.10584800004
3060,5,60,2023-02-19,8,826508.55,19341.09,5.2012,100596.877308,804775.018464,0.0
7316,49,139,2023-02-19,12,17099.0,246.89,5.2012,1284.124268,15409.491216,0.0
5463,18,141,2023-02-19,11,52600.0,942.08,5.2012,4899.9464960000005,53899.411456,1299.4114560000016
9430,18,73,2023-02-19,6,816012.0,27541.35,5.2012,143248.06962,859488.41772,43476.41772000003
2161,37,13,2023-02-19,6,44158.85,1356.5,5.2012,7055.4278,42332.5668,0.0
9994,43,39,2023-02-20,10,296328.0,5270.87,5.2012,27414.849044,274148.49043999997,0.0
372,42,77,2023-02-20,7,312933.0,8959.75,5.2012,46601.4517,326210.1619,13277.161900000006
7916,15,56,2023-02-20,12,490071.75,8087.59,5.2012,42065.173108,504782.07729600003,14710.327296000032
2503,18,91,2023-02-20,6,809316.0,26303.31,5.2012,136808.775972,820852.6558320001,11536.655832000077
495,2,43,2023-02-20,8,280775.0,6219.32,5.2012,32347.927184,258783.417472,0.0
1212,8,124,2023-02-20,7,26390.0,719.16,5.2012,3740.494992,26183.464944,0.0
9853,36,88,2023-02-20,10,459196.75,9351.41,5.2012,48638.553692,486385.53692,27188.786919999984
3289,40,87,2023-02-20,13,869179.0,11794.37,5.2012,61344.877244,797483.404172,0.0
4177,40,82,2023-02-20,8,413072.0,9770.29,5.2012,50817.232348000005,406537.85878400004,0.0
2999,14,119,2023-02-21,13,42326.0,625.1,5.2012,3251.27012,42266.51156,0.0
827,47,91,2023-02-21,5,640708.5,26303.31,5.2012,136808.775972,684043.87986,43335.37985999999
709,24,94,2023-02-21,8,309706.65,7181.14,5.2012,37350.545368,298804.362944,0.0
8833,27,107,2023-02-21,15,21565.95,295.48,5.2012,1536.850576,23052.75864,1486.8086399999993
5144,11,146,2023-02-21,7,3472.0,99.02,5.2012,515.022824,3605.159768,133.15976799999999
1311,12,4,2023-02-21,7,23673.0,654.31,5.2012,3403.1971719999997,23822.380203999997,149.38020399999732
3876,6,97,2023-02-21,13,1759356.0,25607.88,5.2012,133191.705456,1731492.170928,0.0
7023,20,127,2023-02-21,2,3099.0,293.17,5.2012,1524.835804,3049.671608,0.0
1836,46,86,2023-02-21,5,444235.2,17824.79,5.2012,92710.29774800001,463551.48874000006,19316.288740000047
6766,38,135,2023-02-21,10,15622.75,318.15,5.2012,1654.7617799999998,16547.6178,924.8678
7350,19,129,2023-02-21,14,45727.0,598.62,5.2012,3113.542344,43589.592816,0.0
387,5,115,2023-02-21,12,9967.0,160.69,5.2012,835.780828,10029.369936000001,62.36993600000096
3556,37,43,2023-02-21,12,400103.9,6219.32,5.2012,32347.927184,388175.126208,0.0
504,7,102,2023-02-21,8,6323.2,199.93,5.2012,1039.875916,8319.007328,1995.8073279999999
4328,10,106,2023-02-21,4,16662.05,837.06,5.2012,4353.716472,17414.865888,752.815888000001
5861,45,131,2023-02-21,14,12815.5,185.47,5.2012,964.666564,13505.331896,689.8318959999997
278,21,129,2023-02-21,1,3102.7,598.62,5.2012,3113.542344,3113.542344,10.84234400000014
3177,24,7,2023-02-22,10,185428.6,3678.62,5.173,19029.50126,190295.01260000002,4866.412600000011
9662,18,23,2023-02-22,3,33536.0,2108.74,5.173,10908.512019999998,32725.536059999995,0.0
420,38,12,2023-02-22,5,12949.45,527.97,5.173,2731.18881,13655.94405,706.4940499999993
4181,15,115,2023-02-22,6,4734.8,160.69,5.173,831.24937,4987.49622,252.6962199999998
5601,12,98,2023-02-22,14,1055503.2,15262.93,5.173,78955.13689000001,1105371.9164600002,49868.71646000026
5629,5,9,2023-02-22,10,397055.0,7933.96,5.173,41042.37508,410423.7508,13368.75079999998
7973,24,76,2023-02-22,9,1333784.0,27945.06,5.173,144559.79538,1301038.15842,0.0
5352,25,135,2023-02-22,14,23023.0,318.15,5.173,1645.7899499999999,23041.059299999997,18.059299999997165
3211,4,22,2023-02-22,8,315623.0,7630.67,5.173,39473.455910000004,315787.64728000003,164.6472800000338
5347,25,53,2023-02-23,15,764868.75,10045.86,5.133,51565.39938,773480.9907000001,8612.240700000082
243,40,98,2023-02-23,14,1055503.2,15262.93,5.133,78344.61969,1096824.6756600002,41321.47566000023
212,5,9,2023-02-23,4,150880.9,7933.96,5.133,40725.01668,162900.06672,12019.166720000008
2072,21,145,2023-02-23,2,8265.0,820.56,5.133,4211.93448,8423.86896,158.8689599999998
5718,13,47,2023-02-23,14,81434.95,1496.29,5.133,7680.456569999999,107526.39197999999,26091.44197999999
1471,46,68,2023-02-23,9,571970.3,11988.94,5.133,61539.229020000006,553853.0611800001,0.0
2620,38,16,2023-02-23,3,90018.0,5615.94,5.133,28826.62002,86479.86005999999,0.0
2464,42,99,2023-02-23,6,611420.0,21330.89,5.133,109491.45837,656948.7502199999,45528.75021999993
3471,36,91,2023-02-23,13,1753518.0,26303.31,5.133,135014.89023000002,1755193.5729900002,1675.572990000248
8921,13,118,2023-02-23,9,36894.2,797.41,5.133,4093.10553,36837.94977,0.0
7096,16,108,2023-02-23,14,44496.1,653.47,5.133,3354.2615100000003,46959.661140000004,2463.5611400000053
5834,45,72,2023-02-23,10,996646.0,30675.48,5.133,157457.23884,1574572.3884,577926.3884
996,31,4,2023-02-24,12,38553.85,654.31,5.1791,3388.7369209999997,40664.843052,2110.993051999998
7011,22,64,2023-02-24,7,780539.0,21352.22,5.1791,110585.282602,774096.978214,0.0
2155,19,83,2023-02-24,2,256127.6,35839.7,5.1791,185617.39026999997,371234.78053999995,115107.18053999994
3463,41,79,2023-02-24,5,314197.3,11724.63,5.1791,60723.031232999994,303615.156165,0.0
5509,12,126,2023-02-24,6,15258.9,467.05,5.1791,2418.898655,14513.39193,0.0
737,22,106,2023-02-24,5,20827.8,837.06,5.1791,4335.217446,21676.087229999997,848.2872299999981
2132,47,18,2023-02-24,8,212580.0,4834.43,5.1791,25037.996413,200303.971304,0.0
2417,24,110,2023-02-24,7,17469.0,476.03,5.1791,2465.4069729999997,17257.848810999996,0.0
4353,21,128,2023-02-24,2,9301.0,853.09,5.1791,4418.238419,8836.476838,0.0
7773,29,102,2023-02-24,12,9484.8,199.93,5.1791,1035.457463,12425.489556,2940.689556000001
7557,18,119,2023-02-24,4,13023.0,625.1,5.1791,3237.45541,12949.82164,0.0
8181,9,42,2023-02-24,3,17979.0,1263.57,5.1791,6544.155387,19632.466161,1653.4661610000003
6059,30,82,2023-02-24,7,343366.1,9770.29,5.1791,50601.308939,354209.162573,10843.062573000032
4244,13,102,2023-02-24,7,5824.0,199.93,5.1791,1035.457463,7248.202241,1424.202241
2790,2,135,2023-02-25,1,1645.0,318.15,5.1791,1647.7306649999998,1647.7306649999998,2.730664999999817
4872,24,108,2023-02-25,11,34960.95,653.47,5.1791,3384.386477,37228.251247,2267.301247000003
6822,15,30,2023-02-25,9,275719.45,5636.75,5.1791,29193.291925,262739.627325,0.0
2636,15,78,2023-02-25,5,578367.6,23053.04,5.1791,119393.99946400001,596969.9973200001,18602.397320000106
5638,46,66,2023-02-25,4,50287.0,2360.29,5.1791,12224.177939,48896.711756,0.0
7898,29,71,2023-02-25,6,741991.8,24528.75,5.1791,127036.84912500001,762221.09475,20229.29475
2182,15,52,2023-02-25,6,82225.0,2634.69,5.1791,13645.322979,81871.937874,0.0
6907,45,116,2023-02-25,15,38633.0,502.24,5.1791,2601.1511840000003,39017.26776,384.26776000000245
3416,15,6,2023-02-25,10,112291.9,2104.66,5.1791,10900.244606,109002.44606,0.0
4982,26,124,2023-02-25,11,39395.55,719.16,5.1791,3724.601556,40970.617116,1575.0671159999984
3208,2,110,2023-02-25,14,33190.15,476.03,5.1791,2465.4069729999997,34515.69762199999,1325.547621999991
6669,4,37,2023-02-25,12,69172.35,1132.29,5.1791,5864.243139,70370.91766800001,1198.5676680000033
2471,9,81,2023-02-25,13,1587930.0,23345.09,5.1791,120906.555619,1571785.2230470001,0.0
6511,37,127,2023-02-25,6,9296.0,293.17,5.1791,1518.356747,9110.140482,0.0
669,25,110,2023-02-25,4,9982.0,476.03,5.1791,2465.4069729999997,9861.627891999999,0.0
8670,23,99,2023-02-25,5,536333.0,21330.89,5.1791,110474.812399,552374.061995,16041.061994999996
758,38,96,2023-02-25,7,469628.7,13063.42,5.1791,67656.758522,473597.30965400004,3968.609654000029
5540,45,11,2023-02-25,12,434783.0,6733.8,5.1791,34875.02358,418500.28296,0.0
8767,31,41,2023-02-25,1,10600.0,2005.71,5.1791,10387.772661,10387.772661,0.0
840,12,143,2023-02-26,2,8873.0,845.69,5.1791,4379.913079,8759.826158,0.0
9038,42,55,2023-02-26,3,329962.0,23326.09,5.1791,120808.152719,362424.458157,32462.458157000015
5652,38,115,2023-02-26,15,11836.05,160.69,5.1791,832.229579,12483.443684999998,647.3936849999991
9925,36,116,2023-02-26,12,29360.7,502.24,5.1791,2601.1511840000003,31213.814208000003,1853.1142080000027
6205,41,81,2023-02-26,11,1276451.35,23345.09,5.1791,120906.555619,1329972.1118090001,53520.76180900005
5934,22,11,2023-02-26,11,378623.45,6733.8,5.1791,34875.02358,383625.25938,5001.8093799999915
2166,40,32,2023-02-26,10,125025.0,2585.66,5.1791,13391.391705999999,133913.91705999998,8888.917059999978
5782,31,109,2023-02-26,13,7690.25,169.23,5.1791,876.4590929999999,11393.968208999999,3703.7182089999988
7876,26,41,2023-02-26,10,106000.0,2005.71,5.1791,10387.772661,103877.72661000001,0.0
262,1,65,2023-02-26,15,383366.0,5008.66,5.1791,25940.351006,389105.26509,5739.265090000001
1617,26,146,2023-02-26,9,4464.0,99.02,5.1791,512.834482,4615.510338,151.51033800000005
5758,40,105,2023-02-26,15,4643.0,59.15,5.1791,306.343765,4595.156475000001,0.0
9226,7,67,2023-02-27,5,428945.0,16720.73,5.196,86880.91308,434404.56539999996,5459.565399999963
395,3,29,2023-02-27,11,381533.3,7689.63,5.196,39955.31748,439508.49228,57975.19228000002
6597,8,29,2023-02-27,5,173424.4,7689.63,5.196,39955.31748,199776.5874,26352.187399999995
4579,18,140,2023-02-27,13,40750.0,586.81,5.196,3049.0647599999998,39637.84188,0.0
6300,3,29,2023-02-27,15,520272.25,7689.63,5.196,39955.31748,599329.7622,79057.5122
9608,17,47,2023-02-27,15,87251.8,1496.29,5.196,7774.722839999999,116620.84259999999,29369.042599999986
537,9,63,2023-02-27,2,265919.25,27618.14,5.196,143503.85543999998,287007.71087999997,21088.46087999997
9526,37,54,2023-02-27,15,1731870.9,23191.9,5.196,120505.1124,1807576.686,75705.78600000008
8813,7,131,2023-02-27,11,10599.0,185.47,5.196,963.7021199999999,10600.72332,1.7233199999991484
9157,9,80,2023-02-27,3,368288.4,24177.04,5.196,125623.89984,376871.69952,8583.29952
1013,33,148,2023-02-27,10,47856.0,901.95,5.196,4686.5322,46865.322,0.0
4988,45,134,2023-02-28,8,37741.0,899.33,5.2078,4683.530774,37468.246192,0.0
4568,18,21,2023-02-28,12,104815.0,1674.22,5.2078,8719.002916,104628.034992,0.0
8235,5,114,2023-02-28,2,1599.0,152.46,5.2078,793.981188,1587.962376,0.0
3753,15,58,2023-02-28,10,1033833.7,20157.55,5.2078,104976.48889,1049764.8889,15931.18889999995
7819,26,23,2023-02-28,5,53098.35,2108.74,5.2078,10981.896171999999,54909.480859999996,1811.1308599999975
2841,48,111,2023-02-28,14,56993.35,821.82,5.2078,4279.874196,59918.238743999995,2924.888743999996
486,48,17,2023-02-28,8,106694.5,2706.74,5.2078,14096.160571999999,112769.28457599999,6074.784575999991
5089,30,82,2023-02-28,2,98104.6,9770.29,5.2078,50881.716262,101763.432524,3658.8325239999976
6095,6,100,2023-02-28,11,1093072.85,19807.28,5.2078,103152.35278399999,1134675.880624,41603.03062399989
6942,34,94,2023-02-28,11,448259.0,7181.14,5.2078,37397.940892,411377.349812,0.0
7157,4,131,2023-02-28,2,1830.65,185.47,5.2078,965.8906659999999,1931.7813319999998,101.1313319999997
2702,2,86,2023-02-28,14,1309324.0,17824.79,5.2078,92827.941362,1299591.179068,0.0
5695,1,91,2023-02-28,7,944202.0,26303.31,5.2078,136982.377818,958876.644726,14674.644726000028
2482,8,98,2023-02-28,9,714250.0,15262.93,5.2078,79486.28685399999,715376.5816859999,1126.581685999874
7360,5,79,2023-02-28,7,463028.0,11724.63,5.2078,61059.52811399999,427416.69679799996,0.0
7564,45,94,2023-03-01,14,570512.0,7181.14,5.207,37392.195980000004,523490.74372,0.0
3510,24,123,2023-03-01,8,22217.0,535.37,5.207,2787.67159,22301.37272,84.37271999999939
6561,17,131,2023-03-01,2,1927.0,185.47,5.207,965.7422899999999,1931.4845799999998,4.4845799999998235
5896,35,131,2023-03-01,8,7709.0,185.47,5.207,965.7422899999999,7725.938319999999,16.938319999999294
3713,1,119,2023-03-01,1,3256.0,625.1,5.207,3254.8957,3254.8957,0.0
488,33,30,2023-03-01,1,32248.0,5636.75,5.207,29350.557249999998,29350.557249999998,0.0
5215,21,65,2023-03-01,4,102231.0,5008.66,5.207,26080.09262,104320.37048,2089.3704799999978
1145,16,127,2023-03-01,6,8831.2,293.17,5.207,1526.53619,9159.21714,328.0171399999999
8233,49,99,2023-03-01,1,101903.65,21330.89,5.207,111069.94423,111069.94423,9166.29423
4024,2,92,2023-03-02,12,1012936.55,16745.97,5.208,87213.01176000001,1046556.14112,33619.59112
5939,35,92,2023-03-02,10,888541.0,16745.97,5.208,87213.01176000001,872130.1176000001,0.0
8525,36,15,2023-03-02,8,223198.0,5267.98,5.208,27435.63984,219485.11872,0.0
8093,13,73,2023-03-02,10,1360019.05,27541.35,5.208,143435.3508,1434353.508,74334.45799999987
136,16,70,2023-03-02,10,343554.0,6655.06,5.208,34659.552480000006,346595.5248000001,3041.524800000072
6794,12,116,2023-03-02,5,12878.0,502.24,5.208,2615.66592,13078.3296,200.32959999999912
5216,40,95,2023-03-02,1,66317.6,12945.63,5.208,67420.84104,67420.84104,1103.2410399999935
728,32,115,2023-03-02,14,11628.0,160.69,5.208,836.87352,11716.22928,88.22927999999956
6749,33,146,2023-03-02,11,5456.0,99.02,5.208,515.69616,5672.65776,216.65776000000005
526,8,12,2023-03-02,7,18128.85,527.97,5.208,2749.6677600000003,19247.674320000002,1118.8243200000034
5543,40,1,2023-03-02,2,62932.75,6360.91,5.208,33127.61928,66255.23856,3322.488559999998
6584,13,138,2023-03-02,7,29281.0,826.61,5.208,4304.98488,30134.89416,853.8941599999998
3978,41,76,2023-03-02,13,1830248.15,27945.06,5.208,145537.87248000002,1891992.3422400001,61744.19224000024
6251,10,2,2023-03-02,8,106385.75,2577.22,5.208,13422.161759999999,107377.29407999999,991.5440799999924
9315,18,71,2023-03-03,6,741991.8,24528.75,5.2037,127640.25637500001,765841.5382500001,23849.738250000053
1696,25,90,2023-03-03,8,601140.05,14083.78,5.2037,73287.76598600001,586302.1278880001,0.0
7235,5,122,2023-03-03,1,1322.0,255.46,5.2037,1329.3372020000002,1329.3372020000002,7.337202000000161
2005,7,122,2023-03-03,5,6612.0,255.46,5.2037,1329.3372020000002,6646.686010000001,34.68601000000126
1237,45,124,2023-03-03,10,37699.0,725.63,5.2037,3775.9608310000003,37759.60831,60.60831000000326
6016,18,117,2023-03-03,13,53339.0,823.4,5.2037,4284.7265800000005,55701.44554000001,2362.445540000008
7791,35,140,2023-03-03,13,38712.5,586.81,5.2037,3053.583197,39696.581561,984.081560999999
1707,21,127,2023-03-03,4,5887.15,293.17,5.2037,1525.5687290000003,6102.274916000001,215.12491600000158
8809,11,35,2023-03-03,12,132066.0,2106.85,5.2037,10963.415345000001,131560.98414000002,0.0
2935,34,85,2023-03-03,4,154315.0,7499.89,5.2037,39027.17759300001,156108.71037200003,1793.7103720000305
1585,15,42,2023-03-03,15,85398.35,1263.57,5.2037,6575.239209,98628.588135,13230.238134999992
9444,8,103,2023-03-03,13,22096.05,341.7,5.2037,1778.10429,23115.35577,1019.305769999999
7072,13,142,2023-03-03,6,4958.0,160.09,5.2037,833.0603330000001,4998.361998,40.36199800000031
9591,44,130,2023-03-03,15,59052.95,749.89,5.2037,3902.2025930000004,58533.038895000005,0.0
4728,33,110,2023-03-03,8,19964.0,476.03,5.2037,2477.117311,19816.938488,0.0
2722,39,71,2023-03-03,10,1236653.95,24528.75,5.2037,127640.25637500001,1276402.5637500002,39748.61375000025
8435,29,71,2023-03-04,14,1822437.0,24528.75,5.2037,127640.25637500001,1786963.5892500002,0.0
4725,42,61,2023-03-04,2,56037.0,5396.92,5.2037,28083.952604000002,56167.905208000004,130.90520800000377
1520,30,45,2023-03-04,4,37634.25,1900.9,5.2037,9891.71333,39566.85332,1932.603320000002
7729,12,84,2023-03-04,4,173696.0,8041.61,5.2037,41846.125957000004,167384.50382800002,0.0
6938,46,11,2023-03-04,14,507247.0,6733.8,5.2037,35040.67506,490569.45084,0.0
7031,25,35,2023-03-04,8,83641.8,2106.85,5.2037,10963.415345000001,87707.32276000001,4065.522760000007
883,11,9,2023-03-04,13,516172.0,7933.96,5.2037,41285.947652,536717.319476,20545.319476000033
2043,37,51,2023-03-04,11,670461.55,12243.38,5.2037,63710.876506,700819.641566,30358.0915659999
4415,49,56,2023-03-04,6,245036.35,8087.59,5.2037,42085.392083000006,252512.35249800002,7476.002498000016
2922,41,94,2023-03-04,13,503272.95,7181.14,5.2037,37368.49821800001,485790.4768340001,0.0
5860,16,44,2023-03-04,3,32421.0,1963.02,5.2037,10214.967174000001,30644.901522000004,0.0
7231,26,132,2023-03-04,2,2969.7,276.61,5.2037,1439.395457,2878.790914,0.0
3806,14,54,2023-03-04,14,1616412.65,23191.9,5.2037,120683.69003000001,1689571.66042,73159.01042000018
6510,2,135,2023-03-04,12,18747.3,318.15,5.2037,1655.557155,19866.685859999998,1119.3858599999985
4888,19,110,2023-03-04,8,18965.8,476.03,5.2037,2477.117311,19816.938488,851.1384880000005
5096,43,123,2023-03-04,7,18467.05,535.37,5.2037,2785.9048690000004,19501.334083,1034.2840830000023
5092,21,29,2023-03-05,2,73021.0,7689.63,5.2037,40014.527631000004,80029.05526200001,7008.055262000009
6419,11,86,2023-03-05,1,88846.85,17824.79,5.2037,92754.85972300002,92754.85972300002,3908.00972300001
7649,49,18,2023-03-05,5,132862.0,4834.43,5.2037,25156.923391000004,125784.61695500002,0.0
3270,45,57,2023-03-05,6,677105.85,22497.79,5.2037,117071.74982300002,702430.4989380001,25324.648938000086
2586,46,24,2023-03-05,12,278786.0,4129.65,5.2037,21489.459705,257873.51646,0.0
476,3,86,2023-03-05,11,977316.3,17824.79,5.2037,92754.85972300002,1020303.4569530002,42987.156953000114
6517,35,101,2023-03-05,7,3244.0,87.95,5.2037,457.66541500000005,3203.6579050000005,0.0
2591,26,74,2023-03-05,8,657844.6,22250.99,5.2037,115787.47666300002,926299.8133040002,268455.2133040002
6488,19,81,2023-03-05,7,855039.0,23345.09,5.2037,121480.84483300001,850365.9138310001,0.0
1785,24,103,2023-03-05,5,8498.7,341.7,5.2037,1778.10429,8890.52145,391.82144999999946
7682,33,41,2023-03-05,11,116600.0,2005.71,5.2037,10437.113127,114808.244397,0.0
930,35,108,2023-03-05,10,31783.2,653.47,5.2037,3400.4618390000005,34004.61839,2221.4183900000025
6933,26,134,2023-03-05,3,14153.0,899.33,5.2037,4679.843521000001,14039.530563000002,0.0
8840,43,73,2023-03-05,12,1717919.0,27541.35,5.2037,143316.922995,1719803.07594,1884.0759399998933
7469,32,117,2023-03-05,3,11693.55,823.4,5.2037,4284.7265800000005,12854.179740000001,1160.6297400000021
4554,28,59,2023-03-05,7,579654.85,16694.98,5.2037,86875.667426,608129.671982,28474.821982000023
2626,45,50,2023-03-05,10,112760.0,2179.61,5.2037,11342.036557000001,113420.36557000001,660.365570000009
9642,31,122,2023-03-06,10,13225.0,255.46,5.197,1327.62562,13276.2562,51.25619999999981
5772,10,73,2023-03-06,14,1904027.05,27541.35,5.197,143132.39595,2003853.5433,99826.49329999997
6897,13,59,2023-03-06,6,522997.0,16694.98,5.197,86763.81105999999,520582.86636,0.0
111,28,32,2023-03-06,10,125025.0,2585.66,5.197,13437.675019999999,134376.75019999998,9351.75019999998
8317,10,96,2023-03-06,15,1059313.0,13063.42,5.197,67890.59374,1018358.9060999999,0.0
7894,33,69,2023-03-06,15,678975.0,8542.02,5.197,44392.877940000006,665893.1691,0.0
9587,2,58,2023-03-06,5,544123.0,20157.55,5.197,104758.78735,523793.93675,0.0
8105,28,115,2023-03-06,11,8679.2,160.69,5.197,835.10593,9186.165229999999,506.965229999998
479,2,60,2023-03-06,6,652507.0,19341.09,5.197,100515.64473,603093.86838,0.0
6636,40,58,2023-03-06,6,620300.6,20157.55,5.197,104758.78735,628552.7241,8252.124100000015
3345,43,78,2023-03-06,13,1503755.0,23053.04,5.197,119806.64888000001,1557486.4354400001,53731.43544000015
1700,15,89,2023-03-06,8,597952.8,14832.32,5.197,77083.56704,616668.53632,18715.73631999991
9479,14,114,2023-03-06,2,1519.05,152.46,5.197,792.3346200000001,1584.6692400000002,65.61924000000022
725,33,130,2023-03-06,1,4144.0,749.89,5.197,3897.17833,3897.17833,0.0
2930,48,109,2023-03-07,14,8282.1,169.23,5.1901,878.320623,12296.488722,4014.3887219999997
8117,43,33,2023-03-07,7,47010.0,1268.8,5.1901,6585.19888,46096.39216,0.0
7728,37,97,2023-03-07,4,514273.0,25607.88,5.1901,132907.457988,531629.831952,17356.831952000037
7783,22,13,2023-03-07,10,77471.0,1356.5,5.1901,7040.37065,70403.7065,0.0
7319,2,104,2023-03-07,15,55695.0,742.54,5.1901,3853.856854,57807.852810000004,2112.852810000004
2530,31,75,2023-03-07,9,294915.0,6193.58,5.1901,32145.299558,289307.696022,0.0
6102,4,137,2023-03-07,3,9648.2,619.79,5.1901,3216.772079,9650.316237,2.116236999998364
2456,34,31,2023-03-07,1,7868.85,2418.07,5.1901,12550.025107000001,12550.025107000001,4681.175107000001
9113,4,33,2023-03-07,15,100737.0,1268.8,5.1901,6585.19888,98777.9832,0.0
6667,30,133,2023-03-07,5,8990.8,348.47,5.1901,1808.5941470000002,9042.970735,52.170735000001514
5387,38,55,2023-03-07,5,549936.0,23326.09,5.1901,121064.739709,605323.698545,55387.69854500005
2303,30,5,2023-03-07,12,269826.6,4920.79,5.1901,25539.392179000002,306472.706148,36646.10614800005
5602,30,130,2023-03-07,3,12432.0,749.89,5.1901,3892.004089,11676.012267,0.0
8376,2,92,2023-03-07,14,1181759.15,16745.97,5.1901,86913.258897,1216785.6245580001,35026.47455800022
2609,47,16,2023-03-07,12,360072.0,5615.94,5.1901,29147.290193999997,349767.48232799995,0.0
3440,48,139,2023-03-08,14,19948.0,246.89,5.1387,1268.6936429999998,17761.711001999996,0.0
7343,25,21,2023-03-08,7,61142.0,1674.22,5.1387,8603.314314000001,60223.200198000006,0.0
4564,41,81,2023-03-08,11,1343633.0,23345.09,5.1387,119963.413983,1319597.553813,0.0
6178,47,98,2023-03-08,15,1190417.0,15262.93,5.1387,78431.618391,1176474.275865,0.0
8064,21,93,2023-03-08,1,100477.0,19409.47,5.1387,99739.44348900001,99739.44348900001,0.0
7534,42,29,2023-03-08,4,146041.0,7689.63,5.1387,39514.701681,158058.806724,12017.806723999995
9684,16,67,2023-03-08,14,1201047.0,16720.73,5.1387,85922.81525099999,1202919.413514,1872.413513999898
7610,28,23,2023-03-08,5,53098.35,2108.74,5.1387,10836.182238,54180.91119,1082.5611900000004
8329,6,61,2023-03-08,14,392261.0,5396.92,5.1387,27733.152804,388264.139256,0.0
2035,43,145,2023-03-08,12,52198.0,820.56,5.1387,4216.611672,50599.340064,0.0
755,9,35,2023-03-08,7,73187.05,2106.85,5.1387,10826.470094999999,75785.290665,2598.2406649999903
4895,23,98,2023-03-08,13,1031695.0,15262.93,5.1387,78431.618391,1019611.0390829999,0.0
9639,43,118,2023-03-08,11,47466.0,797.41,5.1387,4097.650767,45074.158437,0.0
7018,44,64,2023-03-08,15,1588953.85,21352.22,5.1387,109722.652914,1645839.79371,56885.94371000002
4910,4,125,2023-03-09,13,42015.65,630.46,5.1353,3237.601238,42088.816094,73.16609400000016
1017,18,121,2023-03-09,14,51720.0,718.35,5.1353,3688.942755,51645.19857,0.0
1016,6,113,2023-03-09,12,50103.0,815.5,5.1353,4187.83715,50254.04580000001,151.04580000000715
6893,43,55,2023-03-09,7,769910.0,23326.09,5.1353,119786.469977,838505.289839,68595.28983899998
122,8,128,2023-03-09,10,44181.65,853.09,5.1353,4380.873077,43808.73077,0.0
163,4,70,2023-03-09,7,228463.6,6655.06,5.1353,34175.729618000005,239230.10732600003,10766.50732600002
6628,30,18,2023-03-09,4,100975.5,4834.43,5.1353,24826.248379,99304.993516,0.0
3789,39,21,2023-03-09,10,82978.7,1674.22,5.1353,8597.621966,85976.21966,2997.5196600000054
3358,13,61,2023-03-09,10,266176.7,5396.92,5.1353,27714.803276,277148.03276,10971.332759999961
3195,42,31,2023-03-09,15,118034.65,2418.07,5.1353,12417.514871000001,186262.72306500003,68228.07306500003
5722,36,78,2023-03-10,13,1582900.0,23053.04,5.1822,119465.463888,1553051.030544,0.0
5889,34,142,2023-03-10,11,9091.0,160.09,5.1822,829.618398,9125.802378,34.80237800000032
6397,27,26,2023-03-10,1,16418.85,3412.88,5.1822,17686.226736,17686.226736,1267.376736000002
4101,17,42,2023-03-10,10,56931.6,1263.57,5.1822,6548.072453999999,65480.724539999996,8549.124539999997
431,28,47,2023-03-10,7,40717.95,1496.29,5.1822,7754.074038,54278.518266,13560.568266000002
5814,35,94,2023-03-10,5,193566.3,7181.14,5.1822,37214.103708,186070.51854000002,0.0
7779,29,80,2023-03-10,1,129224.0,24177.04,5.1822,125290.25668800001,125290.25668800001,0.0
9935,38,4,2023-03-10,11,37201.0,654.31,5.1822,3390.765282,37298.418101999996,97.418101999996
5635,20,141,2023-03-10,11,49970.0,942.08,5.1822,4882.0469760000005,53702.516736000005,3732.516736000005
5795,12,51,2023-03-10,2,128318.0,12243.38,5.1822,63447.643835999996,126895.28767199999,0.0
7461,34,102,2023-03-10,5,3952.0,199.93,5.1822,1036.077246,5180.38623,1228.38623
6806,38,126,2023-03-10,10,25432.45,467.05,5.1822,2420.34651,24203.465099999998,0.0
5544,18,133,2023-03-10,4,7192.45,348.47,5.1822,1805.8412340000002,7223.364936000001,30.914936000001035
7305,46,93,2023-03-10,1,100477.0,19409.47,5.1822,100583.755434,100583.755434,106.75543400000606
510,48,6,2023-03-10,12,141843.0,2104.66,5.1822,10906.769052,130881.228624,0.0
8648,36,74,2023-03-10,8,657844.6,22250.99,5.1822,115309.08037800001,922472.6430240001,264628.04302400013
921,1,55,2023-03-10,1,109987.0,23326.09,5.1822,120880.463598,120880.463598,10893.463598000002
1333,29,94,2023-03-11,12,464559.5,7181.14,5.1822,37214.103708,446569.244496,0.0
8257,23,55,2023-03-11,1,104487.65,23326.09,5.1822,120880.463598,120880.463598,16392.813598000008
4262,18,31,2023-03-11,15,118034.65,2418.07,5.1822,12530.922354,187963.83531,69929.18531
3400,44,20,2023-03-11,1,30833.0,5689.04,5.1822,29481.743088,29481.743088,0.0
2363,27,61,2023-03-11,4,112075.0,5396.92,5.1822,27967.918824,111871.675296,0.0
9531,22,65,2023-03-11,1,24280.1,5008.66,5.1822,25955.877851999998,25955.877851999998,1675.7778519999993
5937,39,148,2023-03-11,1,4786.0,919.03,5.1822,4762.597266,4762.597266,0.0
9606,4,100,2023-03-11,12,1192442.85,19807.28,5.1822,102645.28641599999,1231743.4369919999,39300.586991999764
8129,29,1,2023-03-11,1,33123.0,6360.91,5.1822,32963.507802,32963.507802,0.0
8888,33,20,2023-03-11,6,175750.95,5689.04,5.1822,29481.743088,176890.458528,1139.5085279999766
3727,1,145,2023-03-11,12,52198.0,820.56,5.1822,4252.3060319999995,51027.67238399999,0.0
6294,25,30,2023-03-11,11,336990.65,5636.75,5.1822,29210.76585,321318.42435,0.0
7494,27,105,2023-03-11,5,1548.0,59.15,5.1822,306.52713,1532.63565,0.0
2045,2,63,2023-03-11,4,531839.45,27618.14,5.1822,143122.72510799998,572490.9004319999,40651.45043199998
7030,21,51,2023-03-11,2,121902.1,12243.38,5.1822,63447.643835999996,126895.28767199999,4993.1876719999855
1271,24,38,2023-03-11,1,25137.95,5097.21,5.1822,26414.761662,26414.761662,1276.811662
7320,1,119,2023-03-11,8,24744.65,625.1,5.1822,3239.39322,25915.14576,1170.495759999998
177,17,69,2023-03-11,4,181060.0,8542.02,5.1822,44266.456044,177065.824176,0.0
9995,30,139,2023-03-11,6,8549.0,246.89,5.1822,1279.433358,7676.6001479999995,0.0
4822,26,50,2023-03-11,14,149970.8,2179.61,5.1822,11295.174942,158132.449188,8161.64918800001
1769,11,32,2023-03-12,15,178160.15,2585.66,5.1822,13399.407251999999,200991.10877999998,22830.958779999986
6497,11,137,2023-03-12,5,16927.0,619.79,5.1822,3211.8757379999997,16059.378689999998,0.0
3692,14,138,2023-03-12,3,12549.0,826.61,5.1822,4283.658342,12850.975026,301.97502600000007
5361,37,130,2023-03-12,13,51179.35,749.89,5.1822,3886.079958,50519.039454,0.0
3976,5,140,2023-03-12,14,43884.0,586.81,5.1822,3040.9667819999995,42573.53494799999,0.0
9273,40,56,2023-03-12,10,408393.6,8087.59,5.1822,41911.508898,419115.08898,10721.488980000024
6351,9,126,2023-03-12,3,8031.0,467.05,5.1822,2420.34651,7261.03953,0.0
3529,38,148,2023-03-12,4,18184.9,919.03,5.1822,4762.597266,19050.389064,865.4890639999976
2057,30,6,2023-03-12,4,44916.95,2104.66,5.1822,10906.769052,43627.076208,0.0
2628,10,109,2023-03-12,10,6227.0,169.23,5.1822,876.983706,8769.83706,2542.83706
1984,11,138,2023-03-12,5,20915.0,826.61,5.1822,4283.658342,21418.291709999998,503.2917099999977
1996,40,115,2023-03-13,8,6645.0,160.69,5.24,842.0156000000001,6736.1248000000005,91.1248000000005
7633,48,122,2023-03-13,1,1322.0,255.46,5.24,1338.6104,1338.6104,16.610400000000027
7482,7,6,2023-03-13,10,112291.9,2104.66,5.24,11028.4184,110284.18400000001,0.0
7354,30,22,2023-03-13,8,315623.0,7630.67,5.24,39984.7108,319877.6864,4254.686400000006
3985,14,146,2023-03-13,2,942.4,99.02,5.24,518.8648,1037.7296,95.32959999999991
9511,49,132,2023-03-13,13,20319.0,276.61,5.24,1449.4364,18842.6732,0.0
1887,18,101,2023-03-13,7,3244.0,87.95,5.24,460.85800000000006,3226.0060000000003,0.0
4287,34,50,2023-03-13,2,22552.0,2179.61,5.24,11421.156400000002,22842.312800000003,290.31280000000334
3037,25,82,2023-03-13,12,619608.0,9770.29,5.24,51196.31960000001,614355.8352000001,0.0
1657,48,128,2023-03-13,4,18603.0,853.09,5.24,4470.1916,17880.7664,0.0
6614,17,63,2023-03-13,6,839746.0,27618.14,5.24,144719.0536,868314.3216000001,28568.32160000014
2463,26,131,2023-03-13,11,10599.0,185.47,5.24,971.8628,10690.4908,91.49079999999958
5673,23,112,2023-03-13,9,18647.55,398.23,5.24,2086.7252000000003,18780.526800000003,132.976800000004
7108,7,148,2023-03-13,9,43070.0,919.03,5.24,4815.7172,43341.4548,271.4547999999995
3044,43,145,2023-03-14,10,43499.0,820.56,5.2362,4296.616272,42966.16272,0.0
9042,19,31,2023-03-14,7,57982.0,2418.07,5.2362,12661.498134000001,88630.48693800002,30648.486938000016
293,23,23,2023-03-14,13,138055.9,2108.74,5.2362,11041.784388,143543.197044,5487.297044000006
3111,16,2,2023-03-14,11,153980.0,2577.22,5.2362,13494.839364,148443.23300399998,0.0
5912,42,136,2023-03-14,15,28121.9,533.84,5.2362,2795.293008,41929.39512,13807.49512
6891,23,139,2023-03-14,14,19948.0,246.89,5.2362,1292.765418,18098.715852,0.0
2538,20,76,2023-03-14,2,296396.0,27945.06,5.2362,146325.923172,292651.846344,0.0
9970,47,116,2023-03-14,1,2576.0,502.24,5.2362,2629.829088,2629.829088,53.829087999999956
4614,5,52,2023-03-14,10,137041.0,2634.69,5.2362,13795.763778,137957.63778,916.63777999999
7525,25,57,2023-03-14,9,1015659.25,22497.79,5.2362,117802.92799800001,1060226.351982,44567.10198200005
8904,36,37,2023-03-14,3,17292.85,1181.71,5.2362,6187.669902000001,18563.009706,1270.1597060000022
2067,49,58,2023-03-14,1,108825.0,20157.55,5.2362,105548.96331,105548.96331,0.0
1830,46,51,2023-03-14,4,256636.0,12243.38,5.2362,64108.786356,256435.145424,0.0
2753,33,78,2023-03-14,5,578367.6,23053.04,5.2362,120710.32804800001,603551.6402400001,25184.04024000012
2269,1,59,2023-03-14,4,331231.75,16694.98,5.2362,87418.254276,349673.017104,18441.267104000028
385,25,3,2023-03-14,13,111448.3,1753.77,5.2362,9183.090474,119380.176162,7931.8761620000005
968,22,27,2023-03-14,2,33023.0,3051.23,5.2362,15976.850526,31953.701052,0.0
4968,49,80,2023-03-15,14,1809134.0,24177.04,5.2981,128092.375624,1793293.258736,0.0
793,17,6,2023-03-15,3,35461.0,2104.66,5.2981,11150.699145999999,33452.097438,0.0
676,11,4,2023-03-15,5,16909.0,654.31,5.2981,3466.5998109999996,17332.999054999997,423.9990549999966
4645,31,16,2023-03-15,11,330066.0,5615.94,5.2981,29753.811713999996,327291.92885399994,0.0
9126,11,54,2023-03-15,4,461832.05,23191.9,5.2981,122873.00539,491492.02156,29659.971560000035
7806,38,141,2023-03-15,9,40884.2,942.08,5.2981,4991.234048,44921.106432,4036.9064320000034
8526,39,74,2023-03-15,9,779027.0,22250.99,5.2981,117887.970119,1060991.731071,281964.731071
2263,49,61,2023-03-15,9,239559.6,5396.92,5.2981,28593.421852,257340.796668,17781.19666799999
2448,36,59,2023-03-15,6,496847.15,16694.98,5.2981,88451.67353799999,530710.041228,33862.891227999935
8831,42,63,2023-03-16,6,839746.0,27618.14,5.2892,146077.866088,876467.1965280001,36721.19652800006
3343,12,103,2023-03-16,11,18696.95,341.7,5.2892,1807.31964,19880.51604,1183.5660399999979
3292,33,132,2023-03-16,3,4689.0,276.61,5.2892,1463.0456120000001,4389.136836000001,0.0
8079,46,137,2023-03-16,10,32162.25,619.79,5.2892,3278.193268,32781.93268,619.6826799999981
6914,16,107,2023-03-16,8,11501.65,295.48,5.2892,1562.852816,12502.822528,1001.172528000001
3842,31,17,2023-03-16,5,70194.0,2706.74,5.2892,14316.489207999999,71582.44604,1388.4460399999953
599,10,122,2023-03-16,9,11902.0,255.46,5.2892,1351.179032,12160.611288,258.61128800000006
3438,23,105,2023-03-16,4,1176.1,59.15,5.2892,312.85618,1251.42472,75.32472000000007
2225,23,142,2023-03-16,10,8264.0,160.09,5.2892,846.7480280000001,8467.480280000002,203.48028000000158
2673,15,139,2023-03-16,7,9475.3,246.89,5.2892,1305.850588,9140.954116,0.0
8207,40,137,2023-03-16,9,30469.0,619.79,5.2892,3278.193268,29503.739412,0.0
3217,18,134,2023-03-16,15,67225.8,899.33,5.2892,4756.736236000001,71351.04354000001,4125.24354000001
947,48,24,2023-03-16,15,331058.85,4129.65,5.2892,21842.54478,327638.1717,0.0
7541,49,89,2023-03-16,12,896930.15,14832.32,5.2892,78451.106944,941413.283328,44483.13332799997
5408,49,67,2023-03-16,12,977995.55,16720.73,5.2892,88439.285116,1061271.421392,83275.871392
4906,27,24,2023-03-16,7,154493.75,4129.65,5.2892,21842.54478,152897.81346,0.0
5839,24,135,2023-03-16,11,17185.5,320.27,5.2892,1693.972084,18633.692924,1448.192923999999
2866,45,13,2023-03-17,12,88316.75,1356.5,5.2679,7145.90635,85750.8762,0.0
5366,37,80,2023-03-17,3,368288.4,24177.04,5.2679,127362.22901600001,382086.68704800005,13798.287048000027
6872,5,136,2023-03-17,10,18748.25,533.84,5.2679,2812.215736,28122.15736,9373.907360000001
7054,13,20,2023-03-17,8,234334.6,5689.04,5.2679,29969.293816,239754.350528,5419.750528000004
1361,11,28,2023-03-17,15,203184.1,2723.39,5.2679,14346.546181,215198.19271499998,12014.092714999977
2374,11,122,2023-03-17,5,6612.0,255.46,5.2679,1345.737734,6728.6886700000005,116.68867000000046
4202,25,20,2023-03-17,12,370001.0,5689.04,5.2679,29969.293816,359631.525792,0.0
8642,15,28,2023-03-17,15,213878.0,2723.39,5.2679,14346.546181,215198.19271499998,1320.1927149999829
5456,31,69,2023-03-17,8,344014.0,8542.02,5.2679,44998.507158,359988.057264,15974.057264000003
9655,1,72,2023-03-18,10,946813.7,30675.48,5.2679,161595.361092,1615953.6109200001,669139.9109200002
340,24,130,2023-03-18,4,16576.0,749.89,5.2679,3950.345531,15801.382124,0.0
1624,43,65,2023-03-18,7,178904.0,5008.66,5.2679,26385.120014,184695.84009800002,5791.840098000015
9320,43,47,2023-03-18,1,6123.0,1496.29,5.2679,7882.3060909999995,7882.3060909999995,1759.3060909999995
7033,26,146,2023-03-18,15,7068.0,99.02,5.2679,521.6274579999999,7824.411869999999,756.411869999999
392,47,120,2023-03-18,1,3124.0,586.85,5.2679,3091.467115,3091.467115,0.0
8314,16,48,2023-03-18,11,153995.0,2836.04,5.2679,14939.975116,164339.726276,10344.726276000001
2076,39,34,2023-03-18,10,46716.25,960.12,5.2679,5057.816148,50578.161479999995,3861.911479999995
8583,40,150,2023-03-18,7,11520.0,321.31,5.2679,1692.628949,11848.402643,328.40264299999944
647,18,128,2023-03-19,9,39763.2,853.09,5.2679,4493.992811,40445.935299000004,682.7352990000072
4442,23,109,2023-03-19,7,4141.05,169.23,5.2679,891.486717,6240.407019,2099.357019
1651,47,67,2023-03-19,12,1029469.0,16720.73,5.2679,88083.133567,1056997.602804,27528.602804000024
1219,2,149,2023-03-19,9,9949.35,225.94,5.2679,1190.229326,10712.063934,762.7139339999994
8882,20,25,2023-03-19,14,161281.5,2389.36,5.2679,12586.909544,176216.733616,14935.233616000012
5486,24,6,2023-03-19,7,82741.0,2104.66,5.2679,11087.138414,77609.96889799999,0.0
2135,14,115,2023-03-19,10,7890.7,160.69,5.2679,846.498851,8464.98851,574.2885099999994
7797,41,36,2023-03-19,12,271217.0,4221.25,5.2679,22237.122875,266845.4745,0.0
116,7,130,2023-03-19,3,11810.4,749.89,5.2679,3950.345531,11851.036593,40.636593000001085
2498,17,47,2023-03-19,4,23267.4,1496.29,5.2679,7882.3060909999995,31529.224363999998,8261.824363999996
935,13,36,2023-03-19,2,42942.85,4221.25,5.2679,22237.122875,44474.24575,1531.3957500000033
2391,1,142,2023-03-19,4,3306.0,160.09,5.2679,843.338111,3373.352444,67.3524440000001
1906,47,100,2023-03-19,12,1255203.0,19807.28,5.2679,104342.770312,1252113.2437439999,0.0
4166,15,19,2023-03-19,6,98594.0,3163.35,5.2679,16664.211465,99985.26879,1391.268790000002
1163,21,66,2023-03-19,9,107487.75,2360.29,5.2679,12433.771691,111903.945219,4416.195219000001
6638,21,77,2023-03-19,2,89409.0,8959.75,5.2679,47199.067025,94398.13405,4989.134049999993
7523,28,63,2023-03-19,6,839746.0,27618.14,5.2679,145489.599706,872937.598236,33191.59823600005
4401,3,67,2023-03-20,13,1115258.0,16720.73,5.2467,87728.65409099999,1140472.5031829998,25214.50318299979
9646,5,121,2023-03-20,7,24567.0,718.35,5.2467,3768.966945,26382.768615,1815.7686150000009
1876,27,107,2023-03-20,3,4540.0,295.48,5.2467,1550.294916,4650.884748,110.8847480000004
5784,4,128,2023-03-20,1,4418.45,853.09,5.2467,4475.907303,4475.907303,57.45730300000014
7173,46,17,2023-03-20,2,28078.0,2706.74,5.2467,14201.452757999998,28402.905515999995,324.90551599999526
8332,12,109,2023-03-20,6,3549.2,169.23,5.2467,887.8990409999999,5327.394246,1778.194246
3196,35,20,2023-03-20,3,92500.0,5689.04,5.2467,29848.686167999997,89546.05850399999,0.0
3684,44,24,2023-03-20,7,154493.75,4129.65,5.2467,21667.034654999996,151669.24258499997,0.0
3126,16,13,2023-03-20,1,7359.65,1356.5,5.2467,7117.14855,7117.14855,0.0
9602,49,26,2023-03-20,1,17283.0,3412.88,5.2467,17906.357496,17906.357496,623.3574960000005
4154,24,58,2023-03-20,13,1414720.0,20157.55,5.2467,105760.61758499999,1374888.0286049999,0.0
28,41,60,2023-03-20,12,1239762.35,19341.09,5.2467,101476.896903,1217722.762836,0.0
31,41,91,2023-03-20,13,1665842.1,26303.31,5.2467,138005.576577,1794072.495501,128230.39550099988
9686,2,11,2023-03-20,11,398551.0,6839.44,5.2467,35884.489848,394729.388328,0.0
6758,17,33,2023-03-20,2,13432.0,1268.8,5.2467,6657.012959999999,13314.025919999998,0.0
9233,2,71,2023-03-20,8,1041392.0,24528.75,5.2467,128694.992625,1029559.941,0.0
9690,44,59,2023-03-20,4,348665.0,16694.98,5.2467,87593.551566,350374.206264,1709.2062639999785
3065,33,52,2023-03-22,5,68520.0,2634.69,5.2648,13871.115912000001,69355.57956000001,835.5795600000129
1745,5,2,2023-03-22,14,186175.3,2577.22,5.2648,13568.547856,189959.66998399998,3784.36998399999
5723,18,63,2023-03-22,6,839746.0,27618.14,5.2648,145403.983472,872423.900832,32677.900831999956
698,3,124,2023-03-22,10,37699.0,725.63,5.2648,3820.296824,38202.96824,503.96824000000197
4054,13,33,2023-03-22,2,13432.0,1268.8,5.2648,6679.97824,13359.95648,0.0
3999,3,148,2023-03-22,8,36369.8,919.03,5.2648,4838.509144,38708.073152,2338.2731519999943
7842,47,90,2023-03-22,9,676282.2,14083.78,5.2648,74148.284944,667334.564496,0.0
6721,22,54,2023-03-22,9,1093813.0,23191.9,5.2648,122100.71512000001,1098906.4360800001,5093.4360800001305
9363,47,2,2023-03-22,11,153980.0,2577.22,5.2648,13568.547856,149254.02641599998,0.0
5588,45,70,2023-03-23,13,446621.0,6655.06,5.2632,35026.911792000006,455349.8532960001,8728.853296000103
4574,29,28,2023-03-23,14,199620.0,2723.39,5.2632,14333.746248,200672.447472,1052.4474719999998
7895,15,55,2023-03-23,13,1429834.0,23326.09,5.2632,122769.87688800001,1596008.3995440002,166174.39954400016
633,21,117,2023-03-23,5,19489.25,823.4,5.2632,4333.71888,21668.5944,2179.3444000000018
5265,2,85,2023-03-23,15,578680.0,7499.89,5.2632,39473.421048000004,592101.3157200001,13421.315720000071
1458,41,127,2023-03-23,8,12395.0,293.17,5.2632,1543.0123440000002,12344.098752000002,0.0
4266,39,136,2023-03-23,7,13123.3,533.84,5.2632,2809.706688,19667.946816000003,6544.646816000004
4385,8,53,2023-03-23,15,805125.0,10045.86,5.2632,52873.370352000005,793100.5552800001,0.0
5733,10,103,2023-03-23,7,11897.8,341.7,5.2632,1798.43544,12589.04808,691.2480800000012
8805,30,48,2023-03-23,5,73682.0,2836.04,5.2632,14926.645728000001,74633.22864,951.2286400000012
9945,12,82,2023-03-23,11,567974.0,9770.29,5.2632,51422.99032800001,565652.8936080001,0.0
9868,35,74,2023-03-24,10,865586.0,22250.99,5.2921,117754.464179,1177544.64179,311958.64179
9296,28,85,2023-03-24,6,219898.4,7499.89,5.2921,39690.167869,238141.00721399998,18242.60721399999
128,1,53,2023-03-24,14,751450.0,10045.86,5.2921,53163.695706,744291.739884,0.0
2168,23,19,2023-03-24,2,32865.0,3163.35,5.2921,16740.764535,33481.52907,616.5290699999969
5236,20,1,2023-03-24,8,251731.0,6360.91,5.2921,33662.571810999994,269300.57448799995,17569.574487999955
3728,19,114,2023-03-24,8,6074.3,152.46,5.2921,806.833566,6454.668528,380.36852799999997
3715,49,10,2023-03-24,1,32033.0,5615.0,5.2921,29715.141499999998,29715.141499999998,0.0
7681,49,62,2023-03-24,14,1359552.6,20000.78,5.2921,105846.12783799999,1481845.7897319999,122293.18973199977
3212,12,33,2023-03-24,7,44659.5,1268.8,5.2921,6714.61648,47002.31536,2342.8153600000005
4430,24,138,2023-03-24,7,27816.95,826.61,5.2921,4374.502781,30621.519467000002,2804.569467000001
2099,20,77,2023-03-24,13,552102.95,8959.75,5.2921,47415.892974999995,616406.6086749999,64303.658674999955
1713,41,25,2023-03-24,15,181897.0,2389.36,5.2921,12644.732055999999,189670.98083999997,7773.980839999975
8742,5,109,2023-03-24,8,4982.0,169.23,5.2921,895.5820829999999,7164.656663999999,2182.656663999999
201,38,79,2023-03-24,11,727615.0,11724.63,5.2921,62047.91442299999,682527.0586529998,0.0
5664,1,23,2023-03-24,6,63718.4,2108.74,5.2921,11159.662953999998,66957.97772399998,3239.5777239999807
8010,39,19,2023-03-25,12,187328.6,3163.35,5.2921,16740.764535,200889.17442,13560.57441999999
3686,16,97,2023-03-25,15,1928524.7,25607.88,5.2921,135519.461748,2032791.92622,104267.22622000007
2994,1,137,2023-03-25,9,28945.55,619.79,5.2921,3279.9906589999996,29519.915930999996,574.3659309999966
7006,13,127,2023-03-25,10,15494.0,293.17,5.2921,1551.484957,15514.849569999998,20.849569999998494
7549,5,95,2023-03-25,8,530540.8,12945.63,5.2921,68509.568523,548076.548184,17535.74818399991
6856,19,118,2023-03-25,4,17260.0,797.41,5.2921,4219.973461,16879.893844,0.0
471,33,36,2023-03-25,12,271217.0,4221.25,5.2921,22339.277124999997,268071.3255,0.0
4232,40,129,2023-03-25,10,31028.9,598.62,5.2921,3167.956902,31679.56902,650.6690199999975
8163,5,69,2023-03-25,5,215008.75,8542.02,5.2921,45205.224042,226026.12021000002,11017.370210000023
4882,8,5,2023-03-25,13,292312.15,4920.79,5.2921,26041.312758999997,338537.06586699997,46224.915866999945
534,12,120,2023-03-25,5,15622.0,586.85,5.2921,3105.668885,15528.344425,0.0
1898,48,125,2023-03-25,1,3402.0,646.27,5.2921,3420.125467,3420.125467,18.125466999999844
3394,27,116,2023-03-25,2,5151.0,502.24,5.2921,2657.9043039999997,5315.808607999999,164.80860799999937
1653,37,36,2023-03-26,3,67804.0,4221.25,5.2921,22339.277124999997,67017.831375,0.0
817,20,56,2023-03-26,2,85978.0,8087.59,5.2921,42800.335039,85600.670078,0.0
2194,48,133,2023-03-26,8,15142.0,348.47,5.2921,1844.138087,14753.104696,0.0
4321,18,49,2023-03-26,11,145907.0,2627.0,5.2921,13902.346699999998,152925.81369999997,7018.81369999997
6785,35,117,2023-03-26,5,20515.0,823.4,5.2921,4357.5151399999995,21787.575699999998,1272.5756999999976
8811,41,126,2023-03-26,13,34802.0,467.05,5.2921,2471.6753049999998,32131.778964999998,0.0
5332,19,61,2023-03-26,13,364242.0,5396.92,5.2921,28561.040331999997,371293.52431599994,7051.524315999937
1366,13,85,2023-03-27,9,347208.0,7499.89,5.2306,39228.924634,353060.321706,5852.321706000017
9494,25,103,2023-03-27,1,1699.55,341.7,5.2306,1787.29602,1787.29602,87.74602000000004
3787,35,77,2023-03-27,13,581161.0,8959.75,5.2306,46864.86835,609243.2885499999,28082.28854999994
4435,1,42,2023-03-27,12,68318.3,1263.57,5.2306,6609.229241999999,79310.75090399999,10992.450903999983
4764,45,48,2023-03-27,9,125995.65,2836.04,5.2306,14834.190824,133507.717416,7512.067416000005
650,21,22,2023-03-27,13,487242.65,7630.67,5.2306,39912.982502,518868.772526,31626.122525999963
9585,17,25,2023-03-27,1,11519.7,2389.36,5.2306,12497.786416,12497.786416,978.0864160000001
2711,5,29,2023-03-27,10,346847.85,7689.63,5.2306,40221.378678,402213.78678,55365.93678000005
9353,48,126,2023-03-27,8,21416.0,467.05,5.2306,2442.95173,19543.61384,0.0
3182,42,123,2023-03-27,9,23744.3,535.37,5.2306,2800.306322,25202.756898,1458.4568980000004
3455,4,15,2023-03-27,4,111599.0,5267.98,5.2306,27554.696187999998,110218.78475199999,0.0
886,17,109,2023-03-28,1,591.85,169.23,5.1733,875.477559,875.477559,283.627559
1688,31,53,2023-03-28,1,53675.0,10045.86,5.1733,51970.247538,51970.247538,0.0
574,8,3,2023-03-28,12,102875.5,1753.77,5.1733,9072.778341000001,108873.34009200001,5997.840092000013
6096,19,121,2023-03-28,10,36943.0,718.35,5.1733,3716.240055,37162.400550000006,219.40055000000575
9725,42,45,2023-03-28,1,9408.8,1881.33,5.1733,9732.684489,9732.684489,323.88448900000003
3075,13,148,2023-03-28,11,52641.0,919.03,5.1733,4754.417899,52298.596889,0.0
2880,16,122,2023-03-28,15,18845.15,255.46,5.1733,1321.571218,19823.56827,978.4182699999983
5217,31,101,2023-03-28,14,6163.6,87.95,5.1733,454.99173500000006,6369.884290000001,206.2842900000005
832,41,11,2023-03-28,12,434783.0,6839.44,5.1733,35382.474952,424589.699424,0.0
5692,9,47,2023-03-28,13,79598.0,1496.29,5.1733,7740.757057,100629.841741,21031.841740999997
6723,28,131,2023-03-28,8,7709.0,185.47,5.1733,959.4919510000001,7675.935608000001,0.0
2968,13,81,2023-03-28,1,116040.6,23345.09,5.1733,120771.154097,120771.154097,4730.554097
4293,9,79,2023-03-28,10,661468.0,11724.63,5.1733,60655.028378999996,606550.28379,0.0
3351,3,33,2023-03-28,12,80589.0,1268.8,5.1733,6563.88304,78766.59648,0.0
1158,49,133,2023-03-28,11,19779.0,348.47,5.1733,1802.7398510000003,19830.138361000005,51.13836100000481
5398,20,110,2023-03-28,11,26078.45,476.03,5.1733,2462.645999,27089.105989,1010.655988999999
7800,26,30,2023-03-28,10,306355.05,5636.75,5.1733,29160.598775000002,291605.98775000003,0.0
8589,36,141,2023-03-28,8,36341.3,942.08,5.1733,4873.662464,38989.299712,2647.999711999997
377,15,59,2023-03-29,15,1242117.4,16694.98,5.1493,85967.460514,1289511.9077100002,47394.50771000027
1964,21,3,2023-03-29,10,90242.0,1753.77,5.1493,9030.687861,90306.87861,64.87860999999975
8685,4,4,2023-03-29,8,27055.0,654.31,5.1493,3369.2384829999996,26953.907863999997,0.0
9589,5,71,2023-03-29,1,130174.0,24528.75,5.1493,126305.89237500001,126305.89237500001,0.0
5326,18,112,2023-03-29,13,28352.0,398.23,5.1493,2050.605739,26657.874607,0.0
106,48,143,2023-03-29,8,35491.0,845.69,5.1493,4354.711517000001,34837.692136000005,0.0
1592,37,101,2023-03-29,5,2317.0,87.95,5.1493,452.880935,2264.404675,0.0
4798,8,50,2023-03-29,9,96409.8,2179.61,5.1493,11223.465773000002,101011.19195700002,4601.391957000014
8367,8,44,2023-03-29,3,30799.95,1963.02,5.1493,10108.178886,30324.536657999997,0.0
3790,2,2,2023-03-29,5,69991.0,2577.22,5.1493,13270.878945999999,66354.39473,0.0
1652,45,110,2023-03-30,15,37433.0,476.03,5.1254,2439.844162,36597.66243,0.0
6073,1,28,2023-03-30,13,176092.95,2723.39,5.1254,13958.463106,181460.020378,5367.070377999975
1404,30,148,2023-03-30,15,71783.0,919.03,5.1254,4710.3963619999995,70655.94542999999,0.0
3754,25,34,2023-03-30,13,60731.6,960.12,5.1254,4920.999048,63972.987623999994,3241.3876239999954
6293,44,50,2023-03-30,13,146588.0,2179.61,5.1254,11171.373094,145227.850222,0.0
4661,18,46,2023-03-30,3,14203.45,959.01,5.1254,4915.309854,14745.929562000001,542.4795620000004
8538,39,58,2023-03-30,1,103383.75,20157.55,5.1254,103315.50676999999,103315.50676999999,0.0
1693,35,61,2023-03-30,13,364242.0,5396.92,5.1254,27661.373768,359597.858984,0.0
7334,15,30,2023-03-30,11,336990.65,5636.75,5.1254,28890.59845,317796.58295,0.0
8940,17,120,2023-03-30,2,6249.0,586.85,5.1254,3007.84099,6015.68198,0.0
1025,13,16,2023-03-30,7,199539.9,5615.94,5.1254,28783.938875999997,201487.57213199997,1947.6721319999779
9097,35,105,2023-03-30,3,929.0,59.15,5.1254,303.16741,909.50223,0.0
6519,25,44,2023-03-30,8,82132.25,1963.02,5.1254,10061.262708,80490.101664,0.0
9766,8,59,2023-03-31,9,745270.25,16694.98,5.0804,84817.176392,763354.5875279999,18084.337527999887
4994,38,131,2023-03-31,7,6745.0,185.47,5.0804,942.261788,6595.832516,0.0
7519,18,27,2023-03-31,5,82557.0,3051.23,5.0804,15501.468892,77507.34446000001,0.0
5804,1,64,2023-03-31,4,423720.9,21352.22,5.0804,108477.818488,433911.273952,10190.373951999994
4633,21,25,2023-03-31,4,48506.0,2389.36,5.0804,12138.904544,48555.618176,49.61817600000359
3822,11,77,2023-03-31,5,212346.85,8959.75,5.0804,45519.1139,227595.56949999998,15248.719499999977
3085,26,23,2023-03-31,4,44715.0,2108.74,5.0804,10713.242696,42852.970784,0.0
8656,30,5,2023-03-31,8,189352.0,4920.79,5.0804,24999.581516,199996.652128,10644.652127999987
9987,37,93,2023-03-31,6,602862.0,19409.47,5.0804,98607.871388,591647.228328,0.0
4588,4,150,2023-03-31,7,10944.0,321.31,5.0804,1632.3833240000001,11426.683268,482.6832680000007
7769,46,39,2023-03-31,15,444492.0,5270.87,5.0804,26778.127948,401671.91922000004,0.0
774,45,33,2023-03-31,3,19139.65,1268.8,5.0804,6446.01152,19338.03456,198.3845599999986
8515,6,14,2023-03-31,1,34020.45,6767.66,5.0804,34382.419863999996,34382.419863999996,361.9698639999988
6968,44,118,2023-03-31,1,4099.25,797.41,5.0804,4051.161764,4051.161764,0.0
1762,38,71,2023-03-31,5,618326.5,24528.75,5.0804,124615.8615,623079.3075,4752.807499999995
9269,1,108,2023-04-01,3,10037.0,653.47,5.0804,3319.888988,9959.666964,0.0
5026,3,113,2023-04-01,4,16701.0,815.5,5.0804,4143.0662,16572.2648,0.0
6715,7,60,2023-04-01,8,870009.0,19341.09,5.0804,98260.473636,786083.789088,0.0
5791,20,14,2023-04-01,14,476287.25,6767.66,5.0804,34382.419863999996,481353.87809599994,5066.628095999942
4969,24,125,2023-04-01,5,17010.0,646.27,5.0804,3283.310108,16416.55054,0.0
1909,26,71,2023-04-01,14,1731315.15,24528.75,5.0804,124615.8615,1744622.061,13306.91100000008
3041,33,21,2023-04-01,14,116169.8,1674.22,5.0804,8505.707288,119079.902032,2910.1020319999952
2619,10,135,2023-04-01,5,8223.0,320.27,5.0804,1627.099708,8135.49854,0.0
9782,48,79,2023-04-01,6,377036.95,11724.63,5.0804,59565.810251999996,357394.861512,0.0
7852,5,18,2023-04-01,2,50487.75,4834.43,5.0804,24560.838172000003,49121.67634400001,0.0
8335,38,53,2023-04-01,5,254956.25,10045.86,5.0804,51036.987144000006,255184.93572000004,228.6857200000377
8571,44,62,2023-04-01,8,776887.2,20000.78,5.0804,101611.962712,812895.701696,36008.50169599999
9119,32,132,2023-04-01,3,4689.0,276.61,5.0804,1405.289444,4215.868332,0.0
2902,14,116,2023-04-01,2,5151.0,502.24,5.0804,2551.580096,5103.160192,0.0
1415,41,121,2023-04-02,4,14777.0,718.35,5.0804,3649.50534,14598.02136,0.0
7707,4,115,2023-04-02,5,4153.0,160.69,5.0804,816.369476,4081.8473799999997,0.0
9453,37,139,2023-04-02,9,12182.8,246.89,5.0804,1254.2999559999998,11288.699603999998,0.0
9397,35,98,2023-04-02,14,1111056.0,15262.93,5.0804,77541.78957200001,1085585.054008,0.0
838,41,124,2023-04-02,9,32232.55,725.63,5.0804,3686.490652,33178.415868,945.8658679999971
5257,12,96,2023-04-02,12,805077.5,13063.42,5.0804,66367.398968,796408.7876159999,0.0
3955,47,89,2023-04-02,11,865459.0,14832.32,5.0804,75354.11852799999,828895.3038079999,0.0
7533,39,119,2023-04-02,11,34023.3,625.1,5.0804,3175.75804,34933.33844,910.0384399999966
7079,26,29,2023-04-02,11,381533.3,7689.63,5.0804,39066.396252,429730.358772,48197.05877200002
4943,41,139,2023-04-02,3,4275.0,246.89,5.0804,1254.2999559999998,3762.8998679999995,0.0
3645,38,136,2023-04-02,8,14998.6,533.84,5.0804,2712.1207360000003,21696.965888000002,6698.365888000002
3931,33,117,2023-04-02,2,7795.7,823.4,5.0804,4183.20136,8366.40272,570.7027200000002
3215,43,16,2023-04-02,6,171034.2,5615.94,5.0804,28531.221576,171187.329456,153.12945599999512
8829,7,67,2023-04-02,9,772101.0,16720.73,5.0804,84947.996692,764531.970228,0.0
605,41,9,2023-04-02,4,150880.9,7933.96,5.0804,40307.690384,161230.761536,10349.861536000011
8206,16,110,2023-04-02,10,24955.0,476.03,5.0804,2418.422812,24184.22812,0.0
8395,31,56,2023-04-02,1,40839.55,8087.59,5.0804,41088.192236,41088.192236,248.64223599999968
2951,15,115,2023-04-02,2,1661.0,160.69,5.0804,816.369476,1632.738952,0.0
1999,24,103,2023-04-02,5,8946.0,341.7,5.0804,1735.9726799999999,8679.863399999998,0.0
7237,7,121,2023-04-03,13,45624.7,718.35,5.0637,3637.508895,47287.615635,1662.9156350000048
896,5,48,2023-04-03,3,44209.0,2836.04,5.0637,14360.855748,43082.567244,0.0
83,17,123,2023-04-03,5,13190.75,535.37,5.0637,2710.953069,13554.765345,364.0153449999998
8145,41,27,2023-04-03,12,198137.0,3051.23,5.0637,15450.513351,185406.160212,0.0
6042,30,113,2023-04-03,13,57134.0,815.5,5.0637,4129.4473499999995,53682.81554999999,0.0
6214,11,115,2023-04-03,9,7475.0,160.69,5.0637,813.6859529999999,7323.173577,0.0
9343,31,49,2023-04-03,14,176415.0,2627.0,5.0637,13302.339899999999,186232.7586,9817.758600000001
6783,36,63,2023-04-03,10,1399577.0,27618.14,5.0637,139849.975518,1398499.7551799999,0.0
6953,10,127,2023-04-03,5,7747.0,296.24,5.0637,1500.070488,7500.352440000001,0.0
5054,33,74,2023-04-04,14,1151229.0,22250.99,5.0762,112950.47543800001,1581306.656132,430077.65613200003
4326,2,126,2023-04-04,8,21416.0,467.05,5.0762,2370.83921,18966.71368,0.0
3011,12,58,2023-04-04,3,310150.3,20157.55,5.0762,102323.75531,306971.26593,0.0
3835,41,13,2023-04-04,15,116206.0,1356.5,5.0762,6885.8653,103287.9795,0.0
8724,43,94,2023-04-04,4,154852.85,8022.13,5.0762,40721.936306,162887.745224,8034.895224000007
1468,31,69,2023-04-04,15,678975.0,8542.02,5.0762,43361.001924000004,650415.0288600001,0.0
2822,48,133,2023-04-04,1,1893.0,348.47,5.0762,1768.903414,1768.903414,0.0
5514,45,33,2023-04-04,5,31900.05,1268.8,5.0762,6440.68256,32203.412800000002,303.3628000000026
6908,31,72,2023-04-04,3,298994.0,30675.48,5.0762,155714.871576,467144.614728,168150.61472800002
7451,28,45,2023-04-04,2,18816.65,1881.33,5.0762,9550.007346,19100.014692,283.3646919999992
4204,4,143,2023-04-04,5,21072.9,845.69,5.0762,4292.891578000001,21464.457890000005,391.5578900000037
8627,33,149,2023-04-05,1,1164.0,225.94,5.0447,1139.799518,1139.799518,0.0
6808,20,133,2023-04-05,13,24605.0,348.47,5.0447,1757.926609,22853.045917000003,0.0
9381,7,7,2023-04-05,1,19519.0,3678.62,5.0447,18557.534313999997,18557.534313999997,0.0
9158,4,22,2023-04-05,2,74960.7,7630.67,5.0447,38494.440948999996,76988.88189799999,2028.1818979999953
8276,41,48,2023-04-05,10,147364.0,2836.04,5.0447,14306.970988,143069.70987999998,0.0
7723,39,17,2023-04-05,15,200052.9,2706.74,5.0447,13654.691277999998,204820.36916999996,4767.469169999968
339,43,134,2023-04-05,3,14153.0,899.33,5.0447,4536.850051,13610.550153,0.0
949,10,144,2023-04-05,6,12620.75,422.52,5.0447,2131.4866439999996,12788.919863999998,168.1698639999977
3154,19,149,2023-04-05,3,3316.45,225.94,5.0447,1139.799518,3419.3985540000003,102.94855400000051
972,29,36,2023-04-05,14,316419.0,4221.25,5.0447,21294.939875,298129.15825,0.0
6864,3,29,2023-04-06,3,104054.45,7689.63,5.0683,38973.351729,116920.055187,12865.605187000008
7737,25,144,2023-04-06,6,12620.75,422.52,5.0683,2141.458116,12848.748695999999,227.99869599999874
6198,5,73,2023-04-06,10,1360019.05,27541.35,5.0683,139587.82420499998,1395878.2420499998,35859.19204999972
8240,25,36,2023-04-06,8,171770.45,4221.25,5.0683,21394.561374999997,171156.49099999998,0.0
8217,29,148,2023-04-06,2,9571.0,919.03,5.0683,4657.919749,9315.839498,0.0
4297,19,136,2023-04-06,12,23682.0,533.84,5.0683,2705.6612720000003,32467.935264000003,8785.935264000003
4977,15,100,2023-04-06,15,1569004.0,19807.28,5.0683,100389.237224,1505838.55836,0.0
4665,48,69,2023-04-06,14,633710.0,8542.02,5.0683,43293.519966,606109.279524,0.0
4869,27,143,2023-04-06,6,26619.0,845.69,5.0683,4286.210627,25717.263762000002,0.0
8795,22,86,2023-04-06,2,187046.0,17824.79,5.0683,90341.383157,180682.766314,0.0
4532,43,67,2023-04-06,1,81499.55,16720.73,5.0683,84745.675859,84745.675859,3246.1258589999925
1485,8,31,2023-04-06,15,118034.65,2418.07,5.0683,12255.504181,183832.562715,65797.91271500001
5802,10,142,2023-04-06,5,3925.4,160.09,5.0683,811.384147,4056.9207349999997,131.5207349999996
5942,15,121,2023-04-06,11,40637.0,718.35,5.0683,3640.813305,40048.946355,0.0
5898,49,21,2023-04-06,3,26204.0,1674.22,5.0683,8485.449226,25456.347678000002,0.0
1723,39,63,2023-04-07,14,1861436.65,27618.14,5.0683,139977.018962,1959678.265468,98241.61546800006
4208,10,140,2023-04-07,11,34480.0,586.81,5.0683,2974.1291229999997,32715.420352999998,0.0
1793,42,149,2023-04-07,3,3491.0,225.94,5.0683,1145.131702,3435.395106,0.0
2589,7,88,2023-04-07,4,183678.7,9351.41,5.0683,47395.751303,189583.005212,5904.3052119999775
1002,45,78,2023-04-07,5,608808.0,23053.04,5.0683,116839.722632,584198.6131600001,0.0
6900,23,18,2023-04-07,5,132862.0,4834.43,5.0683,24502.341569,122511.707845,0.0
5151,41,138,2023-04-07,6,25098.0,826.61,5.0683,4189.507463,25137.044778,39.044777999999496
2254,10,54,2023-04-07,7,808206.8,23191.9,5.0683,117543.50677,822804.5473900001,14597.747390000033
8287,20,63,2023-04-07,2,279915.0,27618.14,5.0683,139977.018962,279954.037924,39.03792400000384
6998,2,35,2023-04-07,14,146373.15,2106.85,5.0683,10678.147855,149494.06996999998,3120.919969999988
2420,16,7,2023-04-07,7,136631.0,3678.62,5.0683,18644.349746,130510.448222,0.0
9770,24,77,2023-04-07,3,127408.3,8959.75,5.0683,45410.700925,136232.10277499998,8823.802774999975
9041,8,48,2023-04-08,8,117891.0,2836.04,5.0683,14373.901532,114991.212256,0.0
7321,11,150,2023-04-08,8,12506.75,321.31,5.0683,1628.495473,13027.963784,521.2137839999996
4184,44,125,2023-04-08,5,16159.5,646.27,5.0683,3275.490241,16377.451205,217.9512049999994
5670,28,26,2023-04-08,9,147771.55,3412.88,5.0683,17297.499704,155677.49733600003,7905.947336000041
6323,46,89,2023-04-08,14,1046418.35,14832.32,5.0683,75174.64745599999,1052445.064384,6026.7143839999335
4341,29,141,2023-04-08,8,36341.3,942.08,5.0683,4774.744064,38197.952512,1856.6525120000006
3621,15,147,2023-04-08,1,3030.0,592.19,5.0683,3001.396577,3001.396577,0.0
3929,12,58,2023-04-08,8,870597.0,20157.55,5.0683,102164.510665,817316.08532,0.0
7128,2,90,2023-04-08,13,976851.75,14083.78,5.0683,71380.822174,927950.688262,0.0
1441,11,16,2023-04-08,4,120024.0,5615.94,5.0683,28463.268701999998,113853.07480799999,0.0
5850,39,26,2023-04-08,1,17283.0,3412.88,5.0683,17297.499704,17297.499704,14.499704000001657
7329,30,86,2023-04-08,12,1122278.0,17824.79,5.0683,90341.383157,1084096.597884,0.0
5110,18,71,2023-04-09,8,989322.4,25647.03,5.0683,129986.84214899999,1039894.7371919999,50572.33719199989
4535,6,67,2023-04-09,8,686312.0,16720.73,5.0683,84745.675859,677965.406872,0.0
1005,30,57,2023-04-09,14,1579914.6,22497.79,5.0683,114025.549057,1596357.686798,16443.086797999917
974,14,37,2023-04-09,13,78880.0,1181.71,5.0683,5989.260793,77860.39030900001,0.0
5763,20,22,2023-04-09,4,157811.0,7630.67,5.0683,38674.524761,154698.099044,0.0
6537,33,136,2023-04-09,3,5624.0,533.84,5.0683,2705.6612720000003,8116.983816000001,2492.983816000001
3139,41,18,2023-04-09,5,126218.9,4834.43,5.0683,24502.341569,122511.707845,0.0
4654,21,96,2023-04-09,10,706208.0,13063.42,5.0683,66209.331586,662093.31586,0.0
746,8,118,2023-04-09,10,40993.45,797.41,5.0683,4041.513103,40415.13103,0.0
5841,15,104,2023-04-09,10,35273.5,742.54,5.0683,3763.415482,37634.154819999996,2360.654819999996
5559,25,90,2023-04-09,7,553681.0,14083.78,5.0683,71380.822174,499665.75521800003,0.0
2413,31,134,2023-04-09,1,4482.1,899.33,5.0683,4558.074239,4558.074239,75.97423899999922
8662,34,11,2023-04-09,14,481884.65,6839.44,5.0683,34664.333752,485300.67252799997,3416.022527999943
6626,43,66,2023-04-09,12,150860.0,2360.29,5.0683,11962.657807,143551.893684,0.0
4480,7,142,2023-04-10,4,3306.0,160.09,5.0834,813.801506,3255.206024,0.0
1788,1,134,2023-04-10,8,37741.0,899.33,5.0834,4571.654122,36573.232976,0.0
8708,38,55,2023-04-10,5,522439.2,23326.09,5.0834,118575.845906,592879.22953,70440.02953
1724,23,130,2023-04-10,11,43305.75,749.89,5.0834,3811.990826,41931.899086000005,0.0
8358,49,65,2023-04-10,2,51115.0,5008.66,5.0834,25461.022244,50922.044488,0.0
6462,1,16,2023-04-10,6,180036.0,5615.94,5.0834,28548.069396,171288.41637599998,0.0
6469,48,8,2023-04-10,5,24921.0,947.09,5.0834,4814.437306000001,24072.186530000003,0.0
3916,44,4,2023-04-10,12,40583.0,654.31,5.0834,3326.1194539999997,39913.433447999996,0.0
7039,35,27,2023-04-10,2,33023.0,3051.23,5.0834,15510.622582,31021.245164,0.0
9289,10,121,2023-04-10,14,49134.0,718.35,5.0834,3651.66039,51123.24546,1989.2454599999983
5436,21,133,2023-04-10,1,1798.35,348.47,5.0834,1771.4123980000002,1771.4123980000002,0.0
1021,35,29,2023-04-10,6,219062.0,7689.63,5.0834,39089.465142,234536.790852,15474.790852000006
5587,38,94,2023-04-10,2,81502.0,8022.13,5.0834,40779.695642,81559.391284,57.39128399999754
1543,42,69,2023-04-10,15,678975.0,8542.02,5.0834,43422.50446800001,651337.5670200001,0.0
6022,22,119,2023-04-10,2,6512.0,625.1,5.0834,3177.6333400000003,6355.266680000001,0.0
6512,36,25,2023-04-10,12,138242.1,2389.36,5.0834,12146.072624,145752.871488,7510.7714879999985
2499,12,143,2023-04-10,13,57674.0,845.69,5.0834,4298.980546000001,55886.74709800001,0.0
2881,18,133,2023-04-10,11,20820.0,348.47,5.0834,1771.4123980000002,19485.536378,0.0
9617,42,110,2023-04-10,12,29946.0,476.03,5.0834,2419.850902,29038.210824,0.0
9368,5,4,2023-04-10,9,30437.0,654.31,5.0834,3326.1194539999997,29935.075085999997,0.0
9620,1,5,2023-04-10,12,284028.0,4920.79,5.0834,25014.343886,300172.12663199997,16144.12663199997
1454,20,56,2023-04-10,7,285874.95,8087.59,5.0834,41112.455006000004,287787.185042,1912.2350420000148
7882,49,6,2023-04-10,14,157208.85,2104.66,5.0834,10698.828644,149783.601016,0.0
6227,27,70,2023-04-10,15,515331.0,6655.06,5.0834,33830.332004,507454.98006000003,0.0
2172,17,53,2023-04-11,12,644100.0,10045.86,5.0128,50357.887008000005,604294.6440960001,0.0
5992,42,36,2023-04-11,3,67804.0,4221.25,5.0128,21160.282000000003,63480.846000000005,0.0
8837,11,119,2023-04-11,1,3093.2,625.1,5.0128,3133.5012800000004,3133.5012800000004,40.30128000000059
1798,25,138,2023-04-11,7,29281.0,826.61,5.0128,4143.630608,29005.414256000004,0.0
8693,26,103,2023-04-11,11,18696.95,341.7,5.0128,1712.8737600000002,18841.611360000003,144.66136000000188
5701,48,54,2023-04-11,15,1731870.9,23191.9,5.0128,116256.35632000002,1743845.3448000003,11974.444800000405
3257,17,85,2023-04-11,9,347208.0,7499.89,5.0128,37595.44859200001,338359.03732800006,0.0
8754,20,28,2023-04-11,13,185361.0,2723.39,5.0128,13651.809392000001,177473.522096,0.0
4802,37,125,2023-04-11,14,45247.55,646.27,5.0128,3239.622256,45354.711584000004,107.16158400000131
3576,28,6,2023-04-11,2,22458.0,2104.66,5.0128,10550.239648,21100.479296,0.0
3225,13,18,2023-04-11,1,26572.0,4834.43,5.0128,24234.030704000004,24234.030704000004,0.0
446,13,139,2023-04-11,4,5700.0,246.89,5.0128,1237.610192,4950.440768,0.0
1022,6,124,2023-04-11,13,46558.55,725.63,5.0128,3637.4380640000004,47286.69483200001,728.1448320000054
8396,48,128,2023-04-12,8,37206.0,853.09,4.9496,4222.454264,33779.634112,0.0
873,25,18,2023-04-12,7,186007.0,4834.43,4.9496,23928.494728,167499.46309600002,0.0
7183,47,71,2023-04-12,2,247330.6,25647.03,4.9496,126942.539688,253885.079376,6554.479376000003
478,47,105,2023-04-12,3,882.55,61.14,4.9496,302.61854400000004,907.8556320000001,25.305632000000173
5453,3,53,2023-04-12,12,611895.0,10045.86,4.9496,49722.98865600001,596675.8638720001,0.0
5036,36,119,2023-04-12,2,6186.4,625.1,4.9496,3093.9949600000004,6187.989920000001,1.589920000001257
8861,10,76,2023-04-12,13,1926577.0,27945.06,4.9496,138316.86897600003,1798119.2966880004,0.0
1080,21,16,2023-04-12,5,142528.5,5615.94,4.9496,27796.656624,138983.28312,0.0
7020,37,98,2023-04-12,5,396806.0,15262.93,4.9496,75545.39832800001,377726.99164,0.0
8661,32,52,2023-04-12,4,54816.0,2634.69,4.9496,13040.661624,52162.646496,0.0
9199,49,66,2023-04-12,6,75430.0,2360.29,4.9496,11682.491384,70094.948304,0.0
3893,11,134,2023-04-12,9,42458.0,899.33,4.9496,4451.323768,40061.913912,0.0
103,36,146,2023-04-12,5,2356.0,99.02,4.9496,490.109392,2450.54696,94.54696000000013
2485,26,69,2023-04-13,11,473019.25,8542.02,4.9097,41938.755594,461326.31153400004,0.0
9002,23,93,2023-04-13,5,477265.75,19409.47,4.9097,95294.674859,476473.37429500005,0.0
9947,13,26,2023-04-13,12,207398.0,3412.88,4.9097,16756.216936,201074.60323200002,0.0
9313,33,59,2023-04-13,7,610163.0,16694.98,4.9097,81967.343306,573771.403142,0.0
6742,32,130,2023-04-13,11,43305.75,749.89,4.9097,3681.7349329999997,40499.084263,0.0
5182,12,85,2023-04-13,3,109949.2,7499.89,4.9097,36822.209933,110466.62979899999,517.4297989999905
7701,5,108,2023-04-13,6,19069.35,653.47,4.9097,3208.341659,19250.049954000002,180.69995400000334
6918,1,103,2023-04-13,13,23259.0,341.7,4.9097,1677.64449,21809.37837,0.0
9276,33,129,2023-04-13,11,35928.0,598.62,4.9097,2939.044614,32329.490754,0.0
6394,37,129,2023-04-13,10,32662.0,598.62,4.9097,2939.044614,29390.44614,0.0
2308,9,71,2023-04-13,2,260348.0,25647.03,4.9097,125919.223191,251838.446382,0.0
3635,46,61,2023-04-13,13,364242.0,5396.92,4.9097,26497.258124,344464.355612,0.0
3651,32,44,2023-04-13,6,64841.0,1963.02,4.9097,9637.839294,57827.035764,0.0
929,11,84,2023-04-14,1,43424.0,8663.64,4.9455,42846.031619999994,42846.031619999994,0.0
2470,47,44,2023-04-14,7,75648.0,1963.02,4.9455,9708.11541,67956.80787,0.0
3682,10,92,2023-04-14,8,675291.35,16745.97,4.9455,82817.194635,662537.55708,0.0
3081,14,99,2023-04-14,7,713323.65,21330.89,4.9455,105491.916495,738443.415465,25119.765464999946
6906,25,129,2023-04-14,9,29396.0,598.62,4.9455,2960.47521,26644.27689,0.0
6253,20,150,2023-04-14,10,16457.0,321.31,4.9455,1589.038605,15890.38605,0.0
3459,33,124,2023-04-14,3,11310.0,725.63,4.9455,3588.603165,10765.809495,0.0
9021,44,101,2023-04-14,12,5282.95,87.95,4.9455,434.956725,5219.4807,0.0
4189,9,2,2023-04-14,3,41994.0,2577.22,4.9455,12745.64151,38236.92453,0.0
4015,16,121,2023-04-14,13,48026.0,718.35,4.9455,3552.599925,46183.799025,0.0
965,39,22,2023-04-14,7,262361.5,7630.67,4.9455,37737.478485,264162.349395,1800.8493950000266
2754,1,121,2023-04-14,2,7019.55,718.35,4.9455,3552.599925,7105.19985,85.64984999999979
8482,33,104,2023-04-14,9,33417.0,742.54,4.9455,3672.23157,33050.08413,0.0
8497,4,125,2023-04-14,7,22623.3,646.27,4.9455,3196.128285,22372.897995,0.0
7493,27,37,2023-04-14,7,42474.0,1181.71,4.9455,5844.146805,40909.027635000006,0.0
4190,32,94,2023-04-15,9,348420.1,8022.13,4.9455,39673.443915,357060.99523500004,8640.895235000062
9324,13,136,2023-04-15,15,28121.9,533.84,4.9455,2640.10572,39601.5858,11479.6858
6134,6,111,2023-04-15,14,59993.0,821.82,4.9455,4064.3108100000004,56900.35134000001,0.0
9280,41,41,2023-04-15,13,130910.0,2005.71,4.9455,9919.238805,128950.10446500001,0.0
8631,34,4,2023-04-15,1,3382.0,654.31,4.9455,3235.890105,3235.890105,0.0
762,13,3,2023-04-15,11,94302.7,1753.77,4.9455,8673.269535,95405.964885,1103.2648849999969
1383,8,65,2023-04-15,13,332250.0,5008.66,4.9455,24770.32803,322014.26439,0.0
7946,24,132,2023-04-15,4,5939.4,276.61,4.9455,1367.974755,5471.89902,0.0
7866,47,11,2023-04-15,14,507247.0,6839.44,4.9455,33824.45052,473542.30727999995,0.0
9144,15,72,2023-04-15,9,852132.9,30675.48,4.9455,151705.58634,1365350.27706,513217.37705999997
27,23,97,2023-04-15,4,541340.0,25607.88,4.9455,126643.77054000001,506575.08216000005,0.0
8389,44,39,2023-04-15,9,253360.25,5270.87,4.9455,26067.087585,234603.788265,0.0
2121,12,107,2023-04-16,10,14377.3,295.48,4.9455,1461.29634,14612.9634,235.66340000000127
2098,33,31,2023-04-16,2,16566.0,2418.07,4.9455,11958.565185000001,23917.130370000003,7351.130370000003
5683,45,40,2023-04-16,10,141840.0,2757.45,4.9455,13636.968975,136369.68975,0.0
2360,9,58,2023-04-16,6,652948.0,20157.55,4.9455,99689.163525,598134.98115,0.0
2410,44,125,2023-04-16,5,17010.0,646.27,4.9455,3196.128285,15980.641424999998,0.0
6509,47,39,2023-04-16,7,197058.5,5270.87,4.9455,26067.087585,182469.613095,0.0
5668,9,25,2023-04-16,7,84885.0,2389.36,4.9455,11816.579880000001,82716.05916,0.0
7641,22,20,2023-04-16,1,29291.35,5689.04,4.9455,28135.14732,28135.14732,0.0
4368,43,58,2023-04-16,10,1088246.0,20157.55,4.9455,99689.163525,996891.6352499999,0.0
2274,34,99,2023-04-16,3,321800.0,21330.89,4.9455,105491.916495,316475.749485,0.0
4733,30,130,2023-04-17,15,62161.0,749.89,4.9421,3706.031369,55590.470535,0.0
6830,25,39,2023-04-17,4,118531.0,5270.87,4.9421,26049.166627,104196.666508,0.0
3427,29,112,2023-04-17,3,6543.0,398.23,4.9421,1968.0924830000001,5904.277449,0.0
5000,27,130,2023-04-17,15,59052.95,749.89,4.9421,3706.031369,55590.470535,0.0
324,15,21,2023-04-17,5,43673.0,1674.22,4.9421,8274.162662,41370.813310000005,0.0
8301,44,98,2023-04-17,8,603144.55,15262.93,4.9421,75430.926353,603447.410824,302.86082399997395
4507,30,138,2023-04-17,2,8366.0,826.61,4.9421,4085.189281,8170.378562,0.0
5589,49,97,2023-04-17,4,514273.0,25607.88,4.9421,126556.703748,506226.814992,0.0
3819,26,56,2023-04-17,13,558854.0,8087.59,4.9421,39969.678539,519605.821007,0.0
1272,24,141,2023-04-17,9,40884.2,942.08,4.9421,4655.853568,41902.682112,1018.4821120000051
2039,11,72,2023-04-17,7,662769.4,30675.48,4.9421,151601.289708,1061209.027956,398439.62795600004
7078,26,129,2023-04-17,1,3266.0,598.62,4.9421,2958.439902,2958.439902,0.0
2697,44,70,2023-04-17,14,456927.2,6655.06,4.9421,32889.972026,460459.60836400004,3532.4083640000317
4043,32,68,2023-04-18,7,444866.0,13467.77,4.9678,66905.187806,468336.314642,23470.314642000012
8579,8,45,2023-04-18,9,89133.0,1881.33,4.9678,9346.071174,84114.640566,0.0
4700,17,94,2023-04-18,14,541986.4,8022.13,4.9678,39852.337414,557932.723796,15946.323795999982
2114,24,20,2023-04-18,9,277501.0,5689.04,4.9678,28262.012912000002,254358.11620800002,0.0
5393,42,65,2023-04-18,7,178904.0,5008.66,4.9678,24882.021148,174174.148036,0.0
5575,13,146,2023-04-18,9,4240.8,99.02,4.9678,491.911556,4427.204004,186.404004
7744,2,55,2023-04-18,6,626926.85,23326.09,4.9678,115879.34990200002,695276.099412,68349.24941200006
3765,26,70,2023-04-18,7,228463.6,6655.06,4.9678,33061.007068000006,231427.04947600004,2963.449476000038
9540,31,6,2023-04-18,8,94562.0,2104.66,4.9678,10455.529948,83644.239584,0.0
4180,19,58,2023-04-18,4,435298.0,20157.55,4.9678,100138.67689,400554.70756,0.0
2440,34,125,2023-04-18,11,35551.85,646.27,4.9678,3210.5401060000004,35315.941166000004,0.0
6973,16,23,2023-04-18,14,148675.95,2108.74,4.9678,10475.798572,146661.180008,0.0
611,45,13,2023-04-18,9,66237.8,1356.5,4.9678,6738.8207,60649.3863,0.0
2709,24,110,2023-04-18,3,7112.65,476.03,4.9678,2364.821834,7094.465501999999,0.0
5798,9,82,2023-04-18,3,147156.9,9770.29,4.9678,48536.84666200001,145610.53998600005,0.0
5778,18,107,2023-04-18,8,11501.65,295.48,4.9678,1467.8855440000002,11743.084352000002,241.43435200000204
2775,47,79,2023-04-18,12,793762.0,11724.63,4.9678,58245.616914,698947.4029679999,0.0
6418,30,74,2023-04-18,1,82231.05,17160.36,4.9678,85249.23640800001,85249.23640800001,3018.1864080000087
92,40,2,2023-04-19,7,93087.65,2577.22,5.0467,13006.456174,91045.193218,0.0
1525,30,37,2023-04-19,9,51878.55,1181.71,5.0467,5963.735857000001,53673.622713000004,1795.0727130000014
7754,16,118,2023-04-19,9,36894.2,797.41,5.0467,4024.289047,36218.601423,0.0
7742,49,41,2023-04-19,14,140980.0,2005.71,5.0467,10122.216657,141711.03319800002,731.0331980000192
4508,33,71,2023-04-19,15,1952611.0,25647.03,5.0467,129432.866301,1941492.994515,0.0
9183,38,51,2023-04-19,1,64159.0,12243.38,5.0467,61788.665846,61788.665846,0.0
7448,48,103,2023-04-19,15,26838.0,341.7,5.0467,1724.45739,25866.86085,0.0
6058,9,108,2023-04-19,13,43492.0,653.47,5.0467,3297.8670490000004,42872.271637000005,0.0
9223,26,130,2023-04-19,15,62161.0,749.89,5.0467,3784.4698630000003,56767.047945000006,0.0
1838,34,52,2023-04-19,10,137041.0,2634.69,5.0467,13296.490023000002,132964.90023000003,0.0
8239,28,103,2023-04-19,5,8946.0,341.7,5.0467,1724.45739,8622.28695,0.0
9879,12,21,2023-04-19,3,24893.8,1674.22,5.0467,8449.286074000001,25347.858222000003,454.0582220000033
6061,43,133,2023-04-19,2,3595.75,348.47,5.0467,1758.6235490000004,3517.2470980000007,0.0
7004,18,107,2023-04-19,15,22701.0,295.48,5.0467,1491.1989160000003,22367.983740000003,0.0
8096,43,122,2023-04-19,3,3768.65,255.46,5.0467,1289.229982,3867.6899460000004,99.03994600000033
9278,35,101,2023-04-19,13,6024.0,87.95,5.0467,443.85726500000004,5770.144445000001,0.0
4412,33,36,2023-04-19,3,64413.8,4221.25,5.0467,21303.382375,63910.147125,0.0
7803,1,51,2023-04-20,13,834067.0,12243.38,5.0497,61825.39598599999,803730.1478179998,0.0
4346,5,19,2023-04-20,13,213621.0,3163.35,5.0497,15973.968495,207661.590435,0.0
5944,18,22,2023-04-20,9,355076.0,7630.67,5.0497,38532.594299,346793.34869099996,0.0
2597,3,72,2023-04-20,10,996646.0,30675.48,5.0497,154901.971356,1549019.71356,552373.7135600001
432,30,27,2023-04-20,1,15685.45,3051.23,5.0497,15407.796131,15407.796131,0.0
4314,25,119,2023-04-20,11,35814.0,625.1,5.0497,3156.56747,34722.24217,0.0
1868,46,16,2023-04-20,5,150030.0,5615.94,5.0497,28358.812217999995,141794.06108999997,0.0
765,10,117,2023-04-20,12,46774.2,823.4,5.0497,4157.922979999999,49895.07575999999,3120.8757599999954
1450,23,24,2023-04-20,7,162625.0,4129.65,5.0497,20853.493604999996,145974.45523499997,0.0
560,18,4,2023-04-21,10,33819.0,654.31,5.0497,3304.0692069999996,33040.69207,0.0
3773,8,48,2023-04-21,15,209992.75,2836.04,5.0497,14321.151187999998,214817.26781999998,4824.517819999979
8988,11,84,2023-04-21,5,217119.0,8663.64,5.0497,43748.782907999994,218743.91453999997,1624.9145399999688
5793,24,76,2023-04-21,5,740991.0,27945.06,5.0497,141114.169482,705570.8474099999,0.0
3368,12,120,2023-04-21,2,6249.0,586.85,5.0497,2963.416445,5926.83289,0.0
3846,3,54,2023-04-21,4,486139.0,23191.9,5.0497,117112.13743,468448.54972,0.0
9455,21,141,2023-04-21,5,23909.0,942.08,5.0497,4757.2213759999995,23786.10688,0.0
7861,5,76,2023-04-21,13,1830248.15,27945.06,5.0497,141114.169482,1834484.203266,4236.053266000003
6970,5,79,2023-04-21,8,529175.0,11724.63,5.0497,59205.86411099999,473646.9128879999,0.0
2771,13,89,2023-04-21,15,1121162.45,14832.32,5.0497,74898.76630399999,1123481.4945599998,2319.0445599998347
9085,26,104,2023-04-21,10,37130.0,742.54,5.0497,3749.6042379999994,37496.04237999999,366.0423799999917
5985,45,110,2023-04-21,6,14224.35,476.03,5.0497,2403.8086909999997,14422.852145999997,198.50214599999708
1820,1,141,2023-04-21,5,23909.0,942.08,5.0497,4757.2213759999995,23786.10688,0.0
734,22,86,2023-04-21,7,654662.0,17824.79,5.0497,90009.842063,630068.8944410001,0.0
7289,49,74,2023-04-21,11,952144.0,17160.36,5.0497,86654.66989199999,953201.3688119999,1057.3688119999133
3385,9,146,2023-04-21,3,1413.6,99.02,5.0497,500.02129399999995,1500.063882,86.46388200000001
7109,21,114,2023-04-21,11,8792.0,152.46,5.0497,769.877262,8468.649882,0.0
3486,33,110,2023-04-21,2,4991.0,476.03,5.0497,2403.8086909999997,4807.617381999999,0.0
240,47,91,2023-04-21,10,1348860.0,26303.31,5.0497,132823.82450699998,1328238.2450699997,0.0
4282,28,87,2023-04-21,6,381101.05,11794.37,5.0497,59558.030189,357348.18113399995,0.0
1998,23,76,2023-04-21,15,2111824.35,27945.06,5.0497,141114.169482,2116712.54223,4888.192229999695
5284,14,132,2023-04-21,10,15630.0,276.61,5.0497,1396.797517,13967.97517,0.0
2082,47,127,2023-04-21,12,18592.0,296.24,5.0497,1495.923128,17951.077535999997,0.0
2815,27,137,2023-04-22,14,45027.15,619.79,5.0497,3129.7535629999998,43816.549882,0.0
7816,21,52,2023-04-22,6,82225.0,2634.69,5.0497,13304.394092999999,79826.364558,0.0
7127,15,48,2023-04-22,4,55997.75,2836.04,5.0497,14321.151187999998,57284.60475199999,1286.854751999992
6254,31,33,2023-04-22,1,6380.2,1268.8,5.0497,6407.059359999999,6407.059359999999,26.85935999999947
8388,14,130,2023-04-22,10,41441.0,749.89,5.0497,3786.7195329999995,37867.195329999995,0.0
9594,44,39,2023-04-22,6,168907.15,5270.87,5.0497,26616.312239,159697.873434,0.0
2128,19,102,2023-04-22,10,7904.0,199.93,5.0497,1009.586521,10095.86521,2191.86521
7665,34,27,2023-04-22,2,33023.0,3051.23,5.0497,15407.796131,30815.592262,0.0
9502,30,30,2023-04-22,15,483718.0,5636.75,5.0497,28463.896474999998,426958.44712499995,0.0
5824,17,27,2023-04-22,9,141172.85,3051.23,5.0497,15407.796131,138670.165179,0.0
6346,39,127,2023-04-22,14,21691.0,296.24,5.0497,1495.923128,20942.923791999998,0.0
8342,7,108,2023-04-22,7,22248.05,653.47,5.0497,3299.827459,23098.792213,850.7422130000014
4443,26,138,2023-04-22,11,43713.3,826.61,5.0497,4174.132517,45915.457687,2202.157686999999
2344,48,41,2023-04-23,5,50350.0,2005.71,5.0497,10128.233787,50641.168934999994,291.16893499999424
596,23,30,2023-04-23,14,451470.0,5636.75,5.0497,28463.896474999998,398494.55065,0.0
4193,26,62,2023-04-23,13,1262441.7,20000.78,5.0497,100997.93876599999,1312973.2039579998,50531.50395799987
1174,30,28,2023-04-23,12,171103.0,2723.39,5.0497,13752.302482999998,165027.62979599996,0.0
4492,2,34,2023-04-23,15,73763.0,960.12,5.0497,4848.317964,72724.76946,0.0
5051,16,35,2023-04-23,4,41820.9,2106.85,5.0497,10638.960444999999,42555.841779999995,734.9417799999937
7222,42,112,2023-04-23,3,6215.85,398.23,5.0497,2010.942031,6032.826093,0.0
5277,20,28,2023-04-23,7,94819.5,2723.39,5.0497,13752.302482999998,96266.11738099999,1446.617380999989
6415,9,84,2023-04-23,2,82505.6,8663.64,5.0497,43748.782907999994,87497.56581599999,4991.965815999982
5636,27,6,2023-04-23,9,101062.9,2104.66,5.0497,10627.901601999998,95651.11441799998,0.0
5147,18,94,2023-04-23,11,448259.0,8022.13,5.0497,40509.349860999995,445602.848471,0.0
7913,35,115,2023-04-23,10,8306.0,160.69,5.0497,811.436293,8114.362929999999,0.0
1215,3,130,2023-04-23,15,62161.0,749.89,5.0497,3786.7195329999995,56800.792994999996,0.0
1659,9,107,2023-04-23,10,15134.0,295.48,5.0497,1492.085356,14920.85356,0.0
3706,16,79,2023-04-24,6,377036.95,11724.63,5.0595,59320.765484999996,355924.59291,0.0
7396,42,63,2023-04-24,13,1728477.5,27618.14,5.0595,139733.97933,1816541.73129,88064.23129000003
3294,45,133,2023-04-24,7,12586.55,348.47,5.0595,1763.083965,12341.587755,0.0
2932,9,41,2023-04-24,9,90630.0,2005.71,5.0595,10147.889745,91331.007705,701.0077049999963
4604,42,50,2023-04-24,5,56380.0,2179.61,5.0595,11027.736795,55138.68397500001,0.0
4601,36,52,2023-04-24,11,150745.0,2634.69,5.0595,13330.214055,146632.354605,0.0
5321,12,129,2023-04-24,2,6532.0,598.62,5.0595,3028.71789,6057.43578,0.0
970,35,11,2023-04-24,4,144928.0,6839.44,5.0595,34604.14668,138416.58672,0.0
1545,8,18,2023-04-24,3,75731.15,4834.43,5.0595,24459.798585,73379.395755,0.0
2741,44,22,2023-04-24,3,118359.0,7630.67,5.0595,38607.374865,115822.124595,0.0
2146,31,31,2023-04-24,15,118034.65,2418.07,5.0595,12234.225165,183513.377475,65478.72747499999
3588,22,128,2023-04-24,2,9301.0,853.09,5.0595,4316.208855,8632.41771,0.0
3582,32,61,2023-04-25,6,159706.4,5396.92,5.0613,27315.431196,163892.587176,4186.187176000007
8611,37,5,2023-04-25,7,165683.0,4920.79,5.0613,24905.594427,174339.160989,8656.160988999996
5005,8,138,2023-04-25,8,31790.8,826.61,5.0613,4183.721193,33469.769544,1678.9695440000032
8945,42,146,2023-04-25,6,2976.0,99.02,5.0613,501.169926,3007.0195559999997,31.01955599999974
5547,33,13,2023-04-25,8,61977.0,1356.5,5.0613,6865.65345,54925.2276,0.0
4041,18,62,2023-04-25,3,306666.0,20000.78,5.0613,101229.947814,303689.843442,0.0
4168,2,136,2023-04-25,15,29602.0,533.84,5.0613,2701.9243920000004,40528.865880000005,10926.865880000005
2794,9,139,2023-04-25,3,4061.25,246.89,5.0613,1249.584357,3748.753071,0.0
3147,42,113,2023-04-25,5,20876.25,815.5,5.0613,4127.4901500000005,20637.450750000004,0.0
2427,33,100,2023-04-25,3,298110.95,19807.28,5.0613,100250.586264,300751.758792,2640.808791999996
3585,35,67,2023-04-25,12,1029469.0,16720.73,5.0613,84628.630749,1015543.568988,0.0
7799,39,110,2023-04-25,7,17469.0,476.03,5.0613,2409.330639,16865.314473,0.0
6081,3,4,2023-04-25,4,12851.6,654.31,5.0613,3311.6592029999997,13246.636811999999,395.03681199999846
5830,18,131,2023-04-25,10,9636.0,185.47,5.0613,938.7193110000001,9387.19311,0.0
6498,25,3,2023-04-25,5,45121.0,1753.77,5.0613,8876.356101,44381.780504999995,0.0
665,43,114,2023-04-25,13,10391.0,152.46,5.0613,771.645798,10031.395374,0.0
9708,43,52,2023-04-25,1,13018.8,2634.69,5.0613,13334.956497000001,13334.956497000001,316.15649700000176
7481,43,102,2023-04-25,3,2371.2,199.93,5.0613,1011.9057090000001,3035.7171270000003,664.5171270000005
9375,31,76,2023-04-25,12,1689460.05,27945.06,5.0613,141438.332178,1697259.9861360001,7799.936136000091
8566,28,14,2023-04-25,3,102061.35,6767.66,5.0613,34253.157558,102759.47267399999,698.1226739999838
1665,12,132,2023-04-25,6,9378.0,276.61,5.0613,1400.0061930000002,8400.037158000001,0.0
4796,8,62,2023-04-25,6,613332.0,20000.78,5.0613,101229.947814,607379.686884,0.0
8448,21,8,2023-04-26,10,47349.9,947.09,5.0585,4790.854765000001,47908.54765000001,558.6476500000063
4515,26,116,2023-04-26,6,14680.35,502.24,5.0585,2540.5810400000005,15243.486240000002,563.1362400000016
7090,13,11,2023-04-26,13,471015.0,6839.44,5.0585,34597.30724,449764.99412000005,0.0
8439,34,16,2023-04-26,6,171034.2,5615.94,5.0585,28408.232490000002,170449.39494000003,0.0
1338,3,142,2023-04-26,10,7850.8,160.09,5.0585,809.8152650000001,8098.152650000001,247.35265000000072
814,10,82,2023-04-26,4,206536.0,9770.29,5.0585,49423.011965000005,197692.04786000002,0.0
2450,30,16,2023-04-26,6,180036.0,5615.94,5.0585,28408.232490000002,170449.39494000003,0.0
6990,44,92,2023-04-26,3,266562.0,16745.97,5.0585,84709.48924500002,254128.46773500007,0.0
5476,41,6,2023-04-26,13,153663.0,2104.66,5.0585,10646.42261,138403.49393,0.0
8854,33,130,2023-04-26,10,39368.95,749.89,5.0585,3793.318565,37933.18565,0.0
1251,27,148,2023-04-26,11,50008.95,919.03,5.0585,4648.913255,51138.045805,1129.0958050000045
183,27,80,2023-04-26,9,1163015.0,24177.04,5.0585,122299.55684000002,1100696.0115600002,0.0
9629,24,47,2023-04-26,10,58168.5,1496.29,5.0585,7568.982965,75689.82965,17521.32965
1531,48,11,2023-04-26,11,398551.0,6839.44,5.0585,34597.30724,380570.37964,0.0
9845,21,140,2023-04-26,5,14889.35,586.81,5.0585,2968.378385,14841.891925,0.0
2092,5,136,2023-04-26,2,3749.65,533.84,5.0585,2700.4296400000003,5400.859280000001,1651.2092800000005
3222,24,132,2023-04-26,1,1484.85,276.61,5.0585,1399.2316850000002,1399.2316850000002,0.0
946,19,102,2023-04-26,9,7113.6,199.93,5.0585,1011.3459050000001,9102.113145000001,1988.5131450000008
6751,15,78,2023-04-26,2,243523.0,23053.04,5.0585,116613.80284000002,233227.60568000004,0.0
2895,19,45,2023-04-26,12,118845.0,1881.33,5.0585,9516.707805,114200.49366000001,0.0
8645,14,68,2023-04-27,11,735868.0,13226.26,5.015,66329.6939,729626.6329,0.0
2820,12,1,2023-04-27,13,409063.35,6360.91,5.015,31899.963649999998,414699.52745,5636.177450000017
9095,26,124,2023-04-27,11,41469.0,725.63,5.015,3639.0344499999997,40029.37895,0.0
6588,18,123,2023-04-27,13,34296.9,535.37,5.015,2684.88055,34903.44715,606.5471499999985
1656,35,137,2023-04-27,4,12864.9,619.79,5.015,3108.2468499999995,12432.987399999998,0.0
9519,24,121,2023-04-27,8,29554.0,718.35,5.015,3602.5252499999997,28820.201999999997,0.0
8507,18,16,2023-04-27,5,150030.0,5615.94,5.015,28163.939099999996,140819.69549999997,0.0
7457,1,146,2023-04-27,9,4240.8,99.02,5.015,496.58529999999996,4469.267699999999,228.46769999999924
1627,21,89,2023-04-28,15,1180171.0,14832.32,5.0007,74171.982624,1112579.73936,0.0
4790,21,145,2023-04-28,12,52198.0,820.56,5.0007,4103.374392,49240.492704,0.0
5353,1,43,2023-04-28,7,233394.1,6219.32,5.0007,31100.953524,217706.674668,0.0
6993,23,98,2023-04-28,7,555528.0,15262.93,5.0007,76325.334051,534277.338357,0.0
480,20,4,2023-04-28,1,3382.0,654.31,5.0007,3272.0080169999997,3272.0080169999997,0.0
6784,13,139,2023-04-28,4,5415.0,246.89,5.0007,1234.622823,4938.491292,0.0
1630,41,117,2023-04-28,9,36927.0,823.4,5.0007,4117.57638,37058.18742,131.18742000000202
7066,24,118,2023-04-28,10,43151.0,797.41,5.0007,3987.608187,39876.081869999995,0.0
4841,1,122,2023-04-28,8,10580.0,255.46,5.0007,1277.478822,10219.830576,0.0
5591,12,141,2023-04-28,11,49970.0,942.08,5.0007,4711.059456,51821.654016,1851.6540160000004
1134,5,72,2023-04-28,14,1395305.0,30675.48,5.0007,153398.872836,2147584.219704,752279.2197039998
5148,42,67,2023-04-28,7,600523.0,16720.73,5.0007,83615.354511,585307.481577,0.0
9751,37,51,2023-04-28,6,384954.0,12243.38,5.0007,61225.470366,367352.822196,0.0
3495,27,126,2023-04-28,9,24094.0,467.05,5.0007,2335.576935,21020.192415,0.0
8827,3,10,2023-04-29,4,121725.4,5615.0,5.0007,28078.930500000002,112315.72200000001,0.0
992,40,46,2023-04-29,12,59805.0,959.01,5.0007,4795.721307,57548.655684,0.0
3008,37,143,2023-04-29,10,44364.0,845.69,5.0007,4229.041983,42290.41983,0.0
9821,18,56,2023-04-29,5,214944.0,8087.59,5.0007,40443.611313,202218.056565,0.0
4123,11,127,2023-04-29,6,8831.2,296.24,5.0007,1481.4073680000001,8888.444208,57.24420800000007
5975,13,112,2023-04-29,5,10359.75,398.23,5.0007,1991.4287610000001,9957.143805,0.0
3488,30,11,2023-04-29,8,275362.25,6839.44,5.0007,34201.987607999996,273615.90086399997,0.0
701,47,120,2023-04-29,2,5936.55,586.85,5.0007,2934.6607950000002,5869.3215900000005,0.0
6465,19,79,2023-04-29,13,859909.0,11724.63,5.0007,58631.357241,762207.6441329999,0.0
6455,46,138,2023-04-29,11,43713.3,826.61,5.0007,4133.628627,45469.914897,1756.6148969999995
9843,7,40,2023-04-29,15,212761.0,2757.45,5.0007,13789.180215,206837.703225,0.0
1031,6,90,2023-04-29,9,676282.2,14083.78,5.0007,70428.758646,633858.827814,0.0
4570,18,30,2023-04-29,10,322479.0,5636.75,5.0007,28187.695725,281876.95725000004,0.0
9774,17,67,2023-04-30,13,1059495.1,16720.73,5.0007,83615.354511,1086999.608643,27504.50864299992
1354,13,48,2023-04-30,11,153995.0,2836.04,5.0007,14182.185228,156004.037508,2009.0375080000085
1685,26,149,2023-04-30,6,6982.0,225.94,5.0007,1129.858158,6779.148948,0.0
7345,5,84,2023-04-30,5,217119.0,8663.64,5.0007,43324.264548,216621.32274,0.0
6779,12,6,2023-04-30,13,145979.85,2104.66,5.0007,10524.773261999999,136822.05240599997,0.0
995,22,28,2023-04-30,4,57034.0,2723.39,5.0007,13618.856373,54475.425492,0.0
7838,20,27,2023-04-30,7,115580.0,3051.23,5.0007,15258.285861,106808.001027,0.0
4431,7,108,2023-04-30,8,25425.8,653.47,5.0007,3267.8074290000004,26142.459432000003,716.659432000004
9000,47,76,2023-04-30,15,2222973.0,27945.06,5.0007,139744.861542,2096172.92313,0.0
257,15,124,2023-04-30,1,3581.5,725.63,5.0007,3628.657941,3628.657941,47.15794099999994
9325,16,57,2023-04-30,2,237581.0,22497.79,5.0007,112504.698453,225009.396906,0.0
5997,17,30,2023-04-30,4,128991.0,5636.75,5.0007,28187.695725,112750.7829,0.0
3485,32,139,2023-04-30,5,6767.8,246.89,5.0007,1234.622823,6173.114114999999,0.0
4044,2,125,2023-04-30,14,47629.0,646.27,5.0007,3231.802389,45245.233446,0.0
5477,29,93,2023-05-01,13,1240890.95,19409.47,5.0007,97060.936629,1261792.1761770002,20901.226177000208
5155,24,86,2023-05-01,9,799622.6,17824.79,5.0007,89136.427353,802227.8461770001,2605.24617700011
2840,45,3,2023-05-01,8,72194.0,1753.77,5.0007,8770.077639000001,70160.62111200001,0.0
8776,6,145,2023-05-01,9,39149.0,820.56,5.0007,4103.374392,36930.369527999996,0.0
466,45,9,2023-05-01,15,595582.0,7933.96,5.0007,39675.353772,595130.3065800001,0.0
9785,37,50,2023-05-01,15,160683.0,2179.61,5.0007,10899.575727000001,163493.63590500003,2810.635905000032
84,25,35,2023-05-01,1,10455.7,2106.85,5.0007,10535.724795,10535.724795,80.02479499999936
3515,42,99,2023-05-01,6,643600.0,21330.89,5.0007,106669.381623,640016.2897379999,0.0
8009,2,114,2023-05-01,1,799.0,152.46,5.0007,762.4067220000001,762.4067220000001,0.0
4596,20,124,2023-05-01,8,28651.05,725.63,5.0007,3628.657941,29029.263528,378.2135280000002
8230,25,32,2023-05-01,13,162532.0,2585.66,5.0007,12930.109962,168091.42950600001,5559.429506000015
3348,11,118,2023-05-01,7,30206.0,797.41,5.0007,3987.608187,27913.257309,0.0
5245,48,145,2023-05-01,13,53720.6,820.56,5.0007,4103.374392,53343.867095999994,0.0
9869,21,36,2023-05-01,12,271217.0,4221.25,5.0007,21109.204875,253310.4585,0.0
2749,25,135,2023-05-01,5,8223.0,328.1,5.0007,1640.7296700000002,8203.648350000001,0.0
3333,20,123,2023-05-02,5,13190.75,535.37,5.0334,2694.731358,13473.656790000001,282.9067900000009
3838,29,40,2023-05-02,8,113472.0,2757.45,5.0334,13879.34883,111034.79064,0.0
6622,34,40,2023-05-02,2,28368.0,2757.45,5.0334,13879.34883,27758.69766,0.0
6734,6,47,2023-05-02,15,91844.0,1496.29,5.0334,7531.426086,112971.39129,21127.39129
4316,48,126,2023-05-02,3,7629.45,467.05,5.0334,2350.84947,7052.54841,0.0
8822,35,66,2023-05-02,11,138288.0,2360.29,5.0334,11880.283686,130683.120546,0.0
1981,34,16,2023-05-02,5,142528.5,5615.94,5.0334,28267.272396,141336.36198,0.0
9166,16,89,2023-05-02,11,865459.0,14832.32,5.0334,74656.999488,821226.994368,0.0
8461,28,40,2023-05-02,14,188648.15,2757.45,5.0334,13879.34883,194310.88362,5662.733620000014
3507,16,141,2023-05-02,9,40884.2,942.08,5.0334,4741.865472,42676.789248,1792.5892480000039
9588,26,82,2023-05-02,4,196209.2,9770.29,5.0334,49177.77768600001,196711.11074400003,501.91074400002253
7988,3,44,2023-05-02,3,30799.95,1963.02,5.0334,9880.664868,29641.994604,0.0
4648,38,11,2023-05-02,5,172102.0,6839.44,5.0334,34425.637296,172128.18648,26.18648000000394
3467,47,58,2023-05-02,1,108825.0,20157.55,5.0334,101461.01217,101461.01217,0.0
5039,37,127,2023-05-02,8,12395.0,296.24,5.0334,1491.0944160000001,11928.755328000001,0.0
1511,26,150,2023-05-02,14,21887.05,321.31,5.0334,1617.281754,22641.944556000002,754.8945560000029
4468,38,84,2023-05-02,15,651358.0,8663.64,5.0334,43607.565576,654113.48364,2755.4836399999913
9227,9,88,2023-05-03,4,183678.7,9351.41,5.0227,46969.327007,187877.308028,4198.608027999988
5374,42,90,2023-05-03,1,75142.15,14083.78,5.0227,70738.601806,70738.601806,0.0
4074,12,93,2023-05-03,4,401908.0,19409.47,5.0227,97487.94496900002,389951.7798760001,0.0
114,12,75,2023-05-03,5,163842.0,6193.58,5.0227,31108.494266,155542.47133,0.0
9505,15,31,2023-05-03,7,57982.0,2418.07,5.0227,12145.240189000002,85016.68132300001,27034.68132300001
3904,43,109,2023-05-03,11,6850.0,169.23,5.0227,849.991521,9349.906731000001,2499.906731000001
2898,45,111,2023-05-03,4,17141.0,821.82,5.0227,4127.755314000001,16511.021256000004,0.0
2129,23,146,2023-05-03,1,471.2,99.02,5.0227,497.347754,497.347754,26.14775400000002
8203,35,67,2023-05-03,3,244498.65,16720.73,5.0227,83983.210571,251949.631713,7450.981713000016
5302,13,134,2023-05-03,5,23588.0,899.33,5.0227,4517.064791000001,22585.323955000003,0.0
8004,1,84,2023-05-03,4,173696.0,8663.64,5.0227,43514.864628,174059.458512,363.458512000012
9017,37,44,2023-05-04,12,129682.0,1963.02,5.0106,9835.908012,118030.896144,0.0
9232,30,21,2023-05-04,11,96080.0,1674.22,5.0106,8388.846732,92277.314052,0.0
1341,35,56,2023-05-04,3,122517.7,8087.59,5.0106,40523.678454,121571.035362,0.0
1597,39,115,2023-05-04,2,1577.95,160.69,5.0106,805.153314,1610.306628,32.356628
9062,37,136,2023-05-04,11,20622.6,533.84,5.0106,2674.858704,29423.445744000004,8800.845744000006
7438,7,14,2023-05-04,14,476287.25,6767.66,5.0106,33910.037196,474740.520744,0.0
4040,37,72,2023-05-04,13,1230858.0,30675.48,5.0106,153702.560088,1998133.281144,767275.2811439999
8562,25,135,2023-05-04,14,21871.85,328.1,5.0106,1643.9778600000002,23015.69004,1143.8400400000028
8013,41,117,2023-05-04,2,8206.0,823.4,5.0106,4125.72804,8251.45608,45.45607999999993
2627,23,27,2023-05-04,6,99069.0,3051.23,5.0106,15288.493038,91730.958228,0.0
5355,36,14,2023-05-04,5,179055.0,6767.66,5.0106,33910.037196,169550.18597999998,0.0
1020,16,89,2023-05-04,6,472068.0,14832.32,5.0106,74318.822592,445912.93555199995,0.0
4939,5,113,2023-05-05,9,37577.25,815.5,4.9696,4052.7088,36474.379199999996,0.0
8436,5,53,2023-05-05,15,805125.0,10045.86,4.9696,49923.905856,748858.5878399999,0.0
9827,20,117,2023-05-05,8,32824.0,823.4,4.9696,4091.9686399999996,32735.749119999997,0.0
6528,16,26,2023-05-05,12,197028.1,3412.88,4.9696,16960.648448,203527.781376,6499.681375999993
5789,40,123,2023-05-05,9,24994.0,535.37,4.9696,2660.574752,23945.172768,0.0
9533,19,139,2023-05-05,12,17099.0,246.89,4.9696,1226.944544,14723.334528,0.0
7002,1,134,2023-05-05,10,47176.0,899.33,4.9696,4469.310368,44693.10368,0.0
6985,24,52,2023-05-05,13,169245.35,2634.69,4.9696,13093.355424,170213.620512,968.2705119999882
8430,8,67,2023-05-05,14,1140994.65,16720.73,4.9696,83095.33980799999,1163334.7573119998,22340.10731199989
8213,42,96,2023-05-05,12,805077.5,13063.42,4.9696,64919.972032,779039.664384,0.0
4272,32,37,2023-05-05,12,72813.0,1181.71,4.9696,5872.626016,70471.512192,0.0
8355,37,132,2023-05-05,12,17818.2,276.61,4.9696,1374.641056,16495.692671999997,0.0
2648,39,42,2023-05-05,8,45545.85,1263.57,4.9696,6279.437472,50235.499776,4689.649775999998
9068,31,106,2023-05-05,14,61388.0,837.06,4.9696,4159.853375999999,58237.94726399999,0.0
3175,6,22,2023-05-05,15,591793.0,7630.67,4.9696,37921.377631999996,568820.6644799999,0.0
8896,36,30,2023-05-05,11,336990.65,5636.75,4.9696,28012.392799999998,308136.3208,0.0
5504,23,140,2023-05-05,9,26800.45,586.81,4.9696,2916.2109759999994,26245.898783999994,0.0
2497,12,57,2023-05-05,6,712743.0,22497.79,4.9696,111805.017184,670830.103104,0.0
7532,33,146,2023-05-06,6,2976.0,99.02,4.9696,492.08979199999993,2952.5387519999995,0.0
381,12,39,2023-05-06,4,112604.45,5270.87,4.9696,26194.115552,104776.462208,0.0
1595,49,18,2023-05-06,13,328169.9,4834.43,4.9696,24025.183328,312327.383264,0.0
3429,31,15,2023-05-06,7,195298.0,5267.98,4.9696,26179.753407999997,183258.27385599999,0.0
6171,23,150,2023-05-06,1,1646.0,321.31,4.9696,1596.782176,1596.782176,0.0
7808,13,90,2023-05-06,10,790973.0,14083.78,4.9696,69990.753088,699907.53088,0.0
5637,36,2,2023-05-06,2,26596.2,2577.22,4.9696,12807.752512,25615.505024,0.0
6473,28,112,2023-05-06,2,4143.9,398.23,4.9696,1979.043808,3958.087616,0.0
8628,7,79,2023-05-06,12,793762.0,11724.63,4.9696,58266.721247999994,699200.654976,0.0
3092,18,61,2023-05-06,5,133088.35,5396.92,4.9696,26820.533632,134102.66816,1014.3181599999953
2020,14,143,2023-05-06,9,37931.6,845.69,4.9696,4202.741024,37824.669216,0.0
8962,40,22,2023-05-06,2,78906.0,7630.67,4.9696,37921.377631999996,75842.75526399999,0.0
7427,15,42,2023-05-06,6,34159.15,1263.57,4.9696,6279.437472,37676.624832,3517.474832
1847,15,32,2023-05-06,5,62512.0,2585.66,4.9696,12849.695935999998,64248.47967999999,1736.4796799999895
326,32,27,2023-05-06,15,247672.0,3051.23,4.9696,15163.392608,227450.88912,0.0
1878,17,137,2023-05-06,14,47397.0,619.79,4.9696,3080.1083839999997,43121.517375999996,0.0
6825,15,48,2023-05-07,2,27999.35,2836.04,4.9696,14093.984384,28187.968768,188.61876800000027
3093,1,114,2023-05-07,13,10391.0,152.46,4.9696,757.665216,9849.647808,0.0
7637,27,148,2023-05-07,7,31824.05,919.03,4.9696,4567.211488,31970.480416,146.43041599999924
405,13,45,2023-05-07,4,39615.0,1881.33,4.9696,9349.457568,37397.830272,0.0
6034,27,122,2023-05-07,3,3768.65,255.46,4.9696,1269.534016,3808.602048,39.952048000000104
11,39,128,2023-05-07,5,23254.0,853.09,4.9696,4239.516064,21197.58032,0.0
597,8,84,2023-05-07,9,390815.0,8663.64,4.9696,43054.825344,387493.428096,0.0
7332,36,13,2023-05-07,9,69724.0,1356.5,4.9696,6741.2624,60671.3616,0.0
3527,4,40,2023-05-07,11,156024.0,2757.45,4.9696,13703.423519999998,150737.65871999998,0.0
5010,8,27,2023-05-07,5,82557.0,3051.23,4.9696,15163.392608,75816.96304,0.0
694,27,17,2023-05-07,5,70194.0,2706.74,4.9696,13451.415103999998,67257.07551999998,0.0
3086,29,18,2023-05-07,3,79717.0,4834.43,4.9696,24025.183328,72075.549984,0.0
8177,26,115,2023-05-07,2,1577.95,160.69,4.9696,798.565024,1597.130048,19.180047999999942
7646,27,115,2023-05-07,5,4153.0,160.69,4.9696,798.565024,3992.82512,0.0
1542,3,81,2023-05-07,13,1508533.5,23345.09,4.9696,116015.759264,1508204.870432,0.0
8857,8,17,2023-05-08,9,126349.0,2706.74,4.9696,13451.415103999998,121062.73593599998,0.0
3512,45,10,2023-05-08,2,64066.0,5615.0,4.9696,27904.304,55808.608,0.0
9729,41,66,2023-05-08,5,59715.1,2360.29,4.9696,11729.697183999999,58648.48591999999,0.0
3286,46,81,2023-05-08,10,1160410.75,23345.09,4.9696,116015.759264,1160157.59264,0.0
9819,49,53,2023-05-08,3,152973.75,10045.86,4.9696,49923.905856,149771.717568,0.0
3073,44,116,2023-05-08,13,31807.9,502.24,4.9696,2495.931904,32447.114752,639.2147519999999
4868,34,104,2023-05-08,9,33417.0,742.54,4.9696,3690.1267839999996,33211.14105599999,0.0
6992,34,43,2023-05-08,9,315872.0,6219.32,4.9696,30907.532671999998,278167.79404799995,0.0
3164,42,56,2023-05-08,4,171955.0,8087.59,4.9696,40192.087264,160768.349056,0.0
9466,29,31,2023-05-08,15,124247.0,2418.07,4.9696,12016.840672,180252.61008,56005.61008000001
6311,11,114,2023-05-08,3,2278.1,152.46,4.9696,757.665216,2272.995648,0.0
7352,40,88,2023-05-08,7,338355.0,9351.41,4.9696,46472.767135999995,325309.369952,0.0
333,35,36,2023-05-08,6,128827.6,4221.25,4.9696,20977.924,125867.544,0.0
4769,28,35,2023-05-09,2,20910.45,2106.85,5.0007,10535.724795,21071.44959,160.99958999999944
7672,33,89,2023-05-09,9,672696.9,14832.32,5.0007,74171.982624,667547.8436159999,0.0
24,45,128,2023-05-09,12,55809.0,853.09,5.0007,4266.047163,51192.565956000006,0.0
2162,49,56,2023-05-09,15,644832.0,8087.59,5.0007,40443.611313,606654.169695,0.0
9049,11,5,2023-05-09,5,118345.0,4920.79,5.0007,24607.394553000002,123036.97276500001,4691.972765000013
4163,22,110,2023-05-09,14,33190.15,476.03,5.0007,2380.483221,33326.765094,136.61509400000068
5310,46,31,2023-05-09,4,33132.0,2418.07,5.0007,12092.042649,48368.170596,15236.170596000004
3518,20,150,2023-05-09,15,24685.0,321.31,5.0007,1606.774917,24101.623755,0.0
7199,12,113,2023-05-09,3,13185.0,815.5,5.0007,4078.07085,12234.21255,0.0
6546,33,94,2023-05-09,9,366758.0,8022.13,5.0007,40116.265491,361046.389419,0.0
8760,39,47,2023-05-09,9,55107.0,1496.29,5.0007,7482.497403,67342.476627,12235.476626999996
5140,22,89,2023-05-09,1,78678.0,14832.32,5.0007,74171.982624,74171.982624,0.0
8245,22,139,2023-05-09,1,1353.75,246.89,5.0007,1234.622823,1234.622823,0.0
314,14,35,2023-05-09,11,121061.0,2106.85,5.0007,10535.724795,115892.972745,0.0
940,42,29,2023-05-09,1,36510.0,7689.63,5.0007,38453.532741,38453.532741,1943.5327410000027
4497,15,88,2023-05-10,5,241682.0,9351.41,4.9547,46333.431126999996,231667.15563499997,0.0
3247,46,136,2023-05-10,12,23682.0,533.84,4.9547,2645.017048,31740.204576000004,8058.204576000004
1811,49,98,2023-05-10,15,1130896.15,15262.93,4.9547,75623.239271,1134348.589065,3452.4390650000423
3110,36,78,2023-05-10,7,809714.45,23053.04,4.9547,114220.89728800001,799546.2810160001,0.0
8498,24,136,2023-05-10,2,3749.65,533.84,4.9547,2645.017048,5290.034096,1540.3840960000002
9390,35,102,2023-05-10,8,6323.2,199.93,4.9547,990.593171,7924.745368,1601.545368
2900,38,144,2023-05-10,10,22141.0,422.52,4.9547,2093.459844,20934.59844,0.0
5285,47,21,2023-05-10,2,16595.55,1674.22,4.9547,8295.257834,16590.515668,0.0
1380,31,88,2023-05-10,4,193346.0,9351.41,4.9547,46333.431126999996,185333.72450799998,0.0
2761,6,35,2023-05-10,4,41820.9,2106.85,4.9547,10438.809695,41755.23878,0.0
5484,12,99,2023-05-10,3,321800.0,21330.89,4.9547,105688.160683,317064.482049,0.0
6605,16,65,2023-05-10,8,194238.9,5008.66,4.9547,24816.407702,198531.261616,4292.361616000009
272,6,106,2023-05-10,8,33325.05,837.06,4.9547,4147.381182,33179.049456,0.0
9768,48,65,2023-05-10,3,72839.35,5008.66,4.9547,24816.407702,74449.223106,1609.873105999999
294,5,120,2023-05-10,9,28120.0,586.85,4.9547,2907.665695,26168.991255,0.0
1940,47,35,2023-05-10,9,99050.0,2106.85,4.9547,10438.809695,93949.287255,0.0
7177,11,132,2023-05-10,12,18756.0,276.61,4.9547,1370.519567,16446.234804,0.0
7668,32,18,2023-05-10,1,26572.0,4834.43,4.9547,23953.150321,23953.150321,0.0
5907,7,29,2023-05-10,10,346847.85,7689.63,4.9547,38099.809761,380998.09760999994,34150.24760999996
2369,26,60,2023-05-11,8,826508.55,19341.09,4.9696,96117.480864,768939.846912,0.0
7718,34,126,2023-05-11,1,2543.15,467.05,4.9696,2321.05168,2321.05168,0.0
3198,27,74,2023-05-11,3,246692.2,17160.36,4.9696,85280.125056,255840.375168,9148.175167999987
6377,27,61,2023-05-11,5,133088.35,5396.92,4.9696,26820.533632,134102.66816,1014.3181599999953
6949,32,17,2023-05-11,3,40010.2,2706.74,4.9696,13451.415103999998,40354.24531199999,344.04531199999474
231,6,16,2023-05-11,4,120024.0,5615.94,4.9696,27908.975423999997,111635.90169599999,0.0
290,28,79,2023-05-11,10,628394.6,11724.63,4.9696,58266.721247999994,582667.21248,0.0
1213,27,10,2023-05-11,8,256264.0,5615.0,4.9696,27904.304,223234.432,0.0
2047,18,81,2023-05-11,11,1343633.0,23345.09,4.9696,116015.759264,1276173.351904,0.0
1899,10,123,2023-05-11,9,23744.3,535.37,4.9696,2660.574752,23945.172768,200.8727680000011
3571,33,17,2023-05-11,9,120031.55,2706.74,4.9696,13451.415103999998,121062.73593599998,1031.1859359999798
5299,38,118,2023-05-11,10,40993.45,797.41,4.9696,3962.8087359999995,39628.08736,0.0
8856,23,83,2023-05-11,3,404412.0,35839.7,4.9696,178108.97311999998,534326.9193599999,129914.91935999994
5098,43,142,2023-05-12,8,6611.0,160.09,4.9234,788.187106,6305.496848,0.0
9291,13,146,2023-05-12,2,992.0,99.02,4.9234,487.515068,975.030136,0.0
2971,17,146,2023-05-12,2,992.0,99.02,4.9234,487.515068,975.030136,0.0
4455,48,84,2023-05-12,3,123758.4,8663.64,4.9234,42654.565176,127963.69552799998,4205.295527999988
8113,10,8,2023-05-12,1,4734.8,1006.07,4.9234,4953.285038,4953.285038,218.4850379999998
2478,37,68,2023-05-12,9,602074.0,13226.26,4.9234,65118.168484,586063.516356,0.0
9282,31,21,2023-05-12,6,52407.0,1674.22,4.9234,8242.854748,49457.128488,0.0
1018,28,9,2023-05-12,10,397055.0,7933.96,4.9234,39062.058664000004,390620.58664000005,0.0
5735,37,25,2023-05-12,13,149761.8,2389.36,4.9234,11763.775024,152929.075312,3167.2753120000125
9370,11,20,2023-05-12,3,87875.0,5689.04,4.9234,28009.419536,84028.258608,0.0
7975,9,108,2023-05-12,10,33456.0,653.47,4.9234,3217.294198,32172.94198,0.0
1860,36,43,2023-05-12,11,366761.75,6219.32,4.9234,30620.200087999998,336822.200968,0.0
6732,13,123,2023-05-12,13,36102.0,535.37,4.9234,2635.840658,34265.928554,0.0
9028,36,22,2023-05-12,11,433981.0,7630.67,4.9234,37568.840678,413257.247458,0.0
5915,18,130,2023-05-12,1,4144.0,749.89,4.9234,3692.008426,3692.008426,0.0
7954,3,99,2023-05-12,11,1179933.0,21330.89,4.9234,105020.503826,1155225.542086,0.0
1136,35,55,2023-05-12,7,769910.0,23326.09,4.9234,114843.671506,803905.700542,33995.700542000006
1953,38,142,2023-05-12,5,3925.4,160.09,4.9234,788.187106,3940.9355299999997,15.535529999999653
8869,15,121,2023-05-12,3,11083.0,718.35,4.9234,3536.7243900000003,10610.173170000002,0.0
6290,44,36,2023-05-13,3,64413.8,4221.25,4.9234,20782.90225,62348.70675,0.0
2644,32,75,2023-05-13,3,93389.75,6193.58,4.9234,30493.471772,91480.415316,0.0
9114,13,40,2023-05-13,12,161697.6,2757.45,4.9234,13576.02933,162912.35196,1214.7519599999941
5278,20,79,2023-05-13,1,66147.0,11724.63,4.9234,57725.043342,57725.043342,0.0
462,49,126,2023-05-13,3,7629.45,467.05,4.9234,2299.47397,6898.42191,0.0
987,19,18,2023-05-13,8,212580.0,4834.43,4.9234,23801.832662,190414.661296,0.0
3096,29,62,2023-05-13,3,291332.7,20000.78,4.9234,98471.840252,295415.52075599995,4082.820755999943
2490,11,60,2023-05-13,11,1136448.9,19341.09,4.9234,95223.922506,1047463.147566,0.0
7867,38,17,2023-05-13,10,140388.0,2706.74,4.9234,13326.363715999998,133263.63715999998,0.0
2351,26,24,2023-05-13,3,69697.0,4129.65,4.9234,20331.91881,60995.756429999994,0.0
4129,35,91,2023-05-13,4,512566.8,26303.31,4.9234,129501.71645400001,518006.86581600003,5440.065816000046
2252,36,121,2023-05-13,10,35095.85,718.35,4.9234,3536.7243900000003,35367.2439,271.39390000000276
3886,30,16,2023-05-13,11,330066.0,5615.94,4.9234,27649.518996,304144.708956,0.0
5657,31,147,2023-05-13,9,25907.45,592.19,4.9234,2915.5882460000003,26240.294214,332.84421400000065
8160,37,12,2023-05-13,7,18128.85,527.97,4.9234,2599.407498,18195.852486,67.00248600000123
414,18,75,2023-05-13,12,393221.0,6193.58,4.9234,30493.471772,365921.661264,0.0
4987,16,50,2023-05-13,6,64273.2,2179.61,4.9234,10731.091874,64386.551244,113.35124400000495
2174,45,101,2023-05-14,13,6024.0,87.95,4.9234,433.01303,5629.16939,0.0
7698,47,41,2023-05-14,14,140980.0,2005.71,4.9234,9874.912614,138248.776596,0.0
3162,8,90,2023-05-14,14,1107363.0,14083.78,4.9234,69340.082452,970761.154328,0.0
9255,15,121,2023-05-14,8,28076.3,718.35,4.9234,3536.7243900000003,28293.795120000002,217.49512000000323
8994,45,26,2023-05-14,2,32837.7,3412.88,4.9234,16802.973392,33605.946784,768.2467840000027
8412,45,142,2023-05-14,3,2355.05,160.09,4.9234,788.187106,2364.561318,9.511317999999847
4526,4,45,2023-05-14,9,89133.0,1881.33,4.9234,9262.540122,83362.86109800001,0.0
1806,8,119,2023-05-14,13,40209.7,625.1,4.9234,3077.6173400000002,40009.025420000005,0.0
5862,6,132,2023-05-14,14,21882.0,276.61,4.9234,1361.861674,19066.063436,0.0
9803,3,87,2023-05-14,12,762203.05,11794.37,4.9234,58068.401258000005,696820.8150960001,0.0
2899,10,85,2023-05-14,9,347208.0,7499.89,4.9234,36924.958426000005,332324.62583400006,0.0
7189,45,8,2023-05-14,10,47349.9,1006.07,4.9234,4953.285038,49532.85038,2182.950380000002
2704,36,71,2023-05-14,7,911218.0,25647.03,4.9234,126270.587502,883894.1125139999,0.0
3792,40,14,2023-05-14,8,272164.55,6767.66,4.9234,33319.897244,266559.177952,0.0
3766,32,64,2023-05-15,9,953372.5,21352.22,4.9103,104845.80586600001,943612.2527940001,0.0
3330,19,142,2023-05-15,14,10991.5,160.09,4.9103,786.0899270000001,11005.258978000002,13.758978000001662
9830,25,52,2023-05-15,4,54816.0,2634.69,4.9103,12937.118307,51748.473228,0.0
9245,47,141,2023-05-15,7,31799.35,942.08,4.9103,4625.895424,32381.267968,581.9179680000016
3150,45,48,2023-05-15,3,44209.0,2836.04,4.9103,13925.807212000002,41777.42163600001,0.0
4694,4,50,2023-05-15,9,96409.8,2179.61,4.9103,10702.538983000002,96322.85084700002,0.0
8058,32,77,2023-05-15,9,402342.0,8959.75,4.9103,43995.060425,395955.54382500006,0.0
7021,8,127,2023-05-15,13,20142.0,296.24,4.9103,1454.6272720000002,18910.154536000002,0.0
826,3,128,2023-05-15,15,69761.0,853.09,4.9103,4188.927827,62833.91740500001,0.0
4495,43,85,2023-05-15,12,462944.0,7499.89,4.9103,36826.709867000005,441920.5184040001,0.0
4537,4,147,2023-05-15,12,34542.95,592.19,4.9103,2907.8305570000007,34893.966684000006,351.01668400000926
8365,18,49,2023-05-15,7,88207.5,2627.0,4.9103,12899.358100000001,90295.50670000001,2088.0067000000126
5294,1,11,2023-05-15,3,103261.2,7246.24,4.9103,35581.212272000004,106743.63681600001,3482.436816000016
9609,19,54,2023-05-16,13,1500955.35,23191.9,4.9122,113923.25118000002,1481002.2653400004,0.0
2122,34,126,2023-05-16,1,2543.15,467.05,4.9122,2294.24301,2294.24301,0.0
6997,20,87,2023-05-16,7,444618.05,11794.37,4.9122,57936.30431400001,405554.13019800006,0.0
7942,37,56,2023-05-16,5,204196.8,8087.59,4.9122,39727.859598,198639.29799000002,0.0
2720,18,92,2023-05-16,10,844113.95,16745.97,4.9122,82259.553834,822595.5383400001,0.0
1735,49,52,2023-05-16,12,156226.55,2634.69,4.9122,12942.124218,155305.49061600002,0.0
2562,14,84,2023-05-16,2,82505.6,8663.64,4.9122,42557.532408,85115.064816,2609.4648159999924
8958,7,139,2023-05-16,8,10829.05,246.89,4.9122,1212.773058,9702.184464,0.0
4427,39,130,2023-05-16,2,8288.0,749.89,4.9122,3683.6096580000003,7367.219316000001,0.0
7070,38,27,2023-05-16,9,141172.85,3051.23,4.9122,14988.252006,134894.26805400001,0.0
7652,38,35,2023-05-16,6,62731.35,2106.85,4.9122,10349.26857,62095.61142,0.0
9121,14,37,2023-05-16,4,24271.0,1181.71,4.9122,5804.795862000001,23219.183448000003,0.0
4870,33,41,2023-05-16,14,148400.0,2005.71,4.9122,9852.448662,137934.28126800002,0.0
5071,22,125,2023-05-16,8,25856.15,646.27,4.9122,3174.6074940000003,25396.859952000003,0.0
8539,8,27,2023-05-16,4,62743.7,3051.23,4.9122,14988.252006,59953.008024,0.0
5946,42,56,2023-05-16,10,408393.6,8087.59,4.9122,39727.859598,397278.59598000004,0.0
2310,34,114,2023-05-17,3,2398.0,152.46,4.9513,754.875198,2264.625594,0.0
3285,7,35,2023-05-17,2,22011.0,2106.85,4.9513,10431.646405,20863.29281,0.0
5329,20,1,2023-05-17,15,471996.1,6360.91,4.9513,31494.773683,472421.605245,425.50524500000756
5954,15,148,2023-05-17,1,4546.7,919.03,4.9513,4550.393239,4550.393239,3.693239000000176
8488,5,35,2023-05-17,15,165083.0,2106.85,4.9513,10431.646405,156474.69607499999,0.0
6412,33,107,2023-05-17,15,22701.0,295.48,4.9513,1463.0101240000001,21945.15186,0.0
2283,43,82,2023-05-17,11,567974.0,9770.29,4.9513,48375.636877000004,532132.005647,0.0
2465,9,10,2023-05-17,3,91294.05,5615.0,4.9513,27801.549499999997,83404.6485,0.0
4792,33,82,2023-05-17,2,103268.0,9770.29,4.9513,48375.636877000004,96751.27375400001,0.0
4298,47,3,2023-05-17,15,128594.85,1753.77,4.9513,8683.441401,130251.621015,1656.7710149999912
3827,37,92,2023-05-17,8,710833.0,16745.97,4.9513,82914.321261,663314.570088,0.0
9238,38,8,2023-05-17,13,64794.0,1006.07,4.9513,4981.354391,64757.607082999995,0.0
5703,8,127,2023-05-17,1,1471.55,296.24,4.9513,1466.773112,1466.773112,0.0
9421,8,93,2023-05-17,15,1431797.25,19409.47,4.9513,96102.108811,1441531.632165,9734.382165000075
3701,27,77,2023-05-17,5,223523.0,8959.75,4.9513,44362.410175,221812.050875,0.0
1410,31,134,2023-05-17,15,70764.0,899.33,4.9513,4452.852629,66792.789435,0.0
124,21,43,2023-05-18,3,105291.0,6219.32,4.9647,30877.058003999995,92631.17401199999,0.0
8655,15,105,2023-05-18,2,619.0,62.64,4.9647,310.988808,621.977616,2.977616000000012
9635,7,67,2023-05-18,10,814995.5,16720.73,4.9647,83013.408231,830134.08231,15138.582309999969
6463,19,88,2023-05-18,3,137758.55,9351.41,4.9647,46426.945227,139280.835681,1522.2856810000085
9317,24,9,2023-05-18,6,238233.0,7933.96,4.9647,39389.731212,236338.387272,0.0
5205,43,62,2023-05-18,7,679776.3,20000.78,4.9647,99297.87246599999,695085.1072619999,15308.807261999813
2341,9,128,2023-05-18,15,69761.0,853.09,4.9647,4235.335923,63530.038844999995,0.0
5251,12,2,2023-05-18,5,66491.45,2577.22,4.9647,12795.124133999998,63975.62066999999,0.0
8401,35,45,2023-05-18,1,9408.8,1881.33,4.9647,9340.239050999999,9340.239050999999,0.0
6962,46,5,2023-05-18,8,179884.4,4920.79,4.9647,24430.246112999997,195441.96890399998,15557.568903999985
1740,6,138,2023-05-18,11,46014.0,826.61,4.9647,4103.870667,45142.577337,0.0
2459,35,64,2023-05-18,8,847441.8,21352.22,4.9647,106007.366634,848058.933072,617.1330719999969
2475,48,52,2023-05-18,1,13018.8,2634.69,4.9647,13080.445442999999,13080.445442999999,61.64544299999943
2630,42,43,2023-05-18,15,526453.0,6219.32,4.9647,30877.058003999995,463155.8700599999,0.0
2316,12,29,2023-05-18,11,401614.0,7689.63,4.9647,38176.706061,419943.766671,18329.76667099999
5178,22,9,2023-05-18,6,238233.0,7933.96,4.9647,39389.731212,236338.387272,0.0
8955,34,89,2023-05-18,3,224232.3,14832.32,4.9647,73638.01910399999,220914.05731199996,0.0
5966,32,74,2023-05-18,13,1125261.0,17160.36,4.9647,85196.039292,1107548.510796,0.0
5918,40,96,2023-05-18,3,211863.0,13063.42,4.9647,64855.961273999994,194567.88382199997,0.0
4972,21,74,2023-05-18,1,86559.0,17160.36,4.9647,85196.039292,85196.039292,0.0
8374,24,126,2023-05-19,7,17802.05,467.05,4.9858,2328.61789,16300.32523,0.0
9299,12,10,2023-05-19,7,224231.0,5615.0,4.9858,27995.267,195966.869,0.0
2000,12,72,2023-05-19,5,473406.85,30675.48,4.9858,152941.808184,764709.0409199999,291302.19091999996
7376,24,13,2023-05-19,3,23241.0,1356.5,4.9858,6763.237700000001,20289.7131,0.0
829,45,27,2023-05-19,14,231160.0,3051.23,4.9858,15212.822534,212979.515476,0.0
9239,7,9,2023-05-19,8,317644.0,7933.96,4.9858,39557.137768,316457.102144,0.0
5780,33,148,2023-05-19,6,28713.0,919.03,4.9858,4582.099774,27492.598644,0.0
2318,25,73,2023-05-19,9,1288439.0,27541.35,4.9858,137315.66283,1235840.96547,0.0
8536,33,42,2023-05-19,2,11986.0,1263.57,4.9858,6299.907306,12599.814612,613.8146120000001
5902,43,116,2023-05-19,2,4893.45,502.24,4.9858,2504.068192,5008.136384,114.68638400000054
4585,20,75,2023-05-19,12,393221.0,6193.58,4.9858,30879.951164000002,370559.41396800004,0.0
2261,33,55,2023-05-20,12,1319846.0,23326.09,4.9858,116299.219522,1395590.634264,75744.634264
7233,16,127,2023-05-20,3,4415.6,296.24,4.9858,1476.993392,4430.980176,15.380175999999665
7245,37,17,2023-05-20,15,200052.9,2706.74,4.9858,13495.264292,202428.96438,2376.064379999996
7263,35,103,2023-05-20,4,6799.15,341.7,4.9858,1703.64786,6814.59144,15.441440000000512
6476,38,129,2023-05-20,3,9799.0,598.62,4.9858,2984.599596,8953.798788,0.0
5314,30,114,2023-05-20,3,2398.0,152.46,4.9858,760.135068,2280.405204,0.0
9154,13,42,2023-05-20,6,34159.15,1263.57,4.9858,6299.907306,37799.443836,3640.293835999997
9685,48,79,2023-05-20,9,595322.0,11724.63,4.9858,58456.660254,526109.942286,0.0
6041,35,46,2023-05-20,4,18938.25,959.01,4.9858,4781.432058,19125.728232,187.4782320000013
7295,47,66,2023-05-20,12,143317.0,2360.29,4.9858,11767.933882000001,141215.20658400003,0.0
9858,31,74,2023-05-20,12,1038703.0,17160.36,4.9858,85558.12288800001,1026697.4746560002,0.0
3501,25,59,2023-05-20,7,579654.85,16694.98,4.9858,83237.831284,582664.818988,3009.968988000066
7640,16,74,2023-05-20,10,865586.0,17160.36,4.9858,85558.12288800001,855581.2288800001,0.0
4268,18,71,2023-05-20,4,494661.2,25647.03,4.9858,127870.962174,511483.848696,16822.64869599999
653,44,109,2023-05-21,13,8095.0,169.23,4.9858,843.746934,10968.710142,2873.710142
8486,14,130,2023-05-21,4,15747.2,749.89,4.9858,3738.801562,14955.206248,0.0
8727,44,64,2023-05-21,6,635581.35,21352.22,4.9858,106457.89847600002,638747.3908560001,3166.0408560001524
8787,26,54,2023-05-21,12,1458418.0,23191.9,4.9858,115630.17502000001,1387562.10024,0.0
3609,21,38,2023-05-21,9,238150.0,5097.21,4.9858,25413.669618,228723.02656199998,0.0
6148,42,69,2023-05-21,11,497915.0,9219.51,4.9858,45966.632958,505632.962538,7717.962538000022
3568,37,25,2023-05-21,8,97012.0,2389.36,4.9858,11912.871088000002,95302.96870400001,0.0
1639,10,103,2023-05-21,14,23796.55,341.7,4.9858,1703.64786,23851.07004,54.520039999999426
2029,35,69,2023-05-21,7,316855.0,9219.51,4.9858,45966.632958,321766.430706,4911.430706000014
8451,45,109,2023-05-21,14,8282.1,169.23,4.9858,843.746934,11812.457076,3530.3570760000002
5322,36,58,2023-05-21,11,1197070.0,20157.55,4.9858,100501.51279000001,1105516.64069,0.0
5006,30,7,2023-05-21,11,203970.7,3678.62,4.9858,18340.863596,201749.499556,0.0
5363,5,76,2023-05-21,7,1037388.0,27945.06,4.9858,139328.480148,975299.3610360001,0.0
1752,27,97,2023-05-21,5,676675.0,25607.88,4.9858,127675.76810400002,638378.8405200001,0.0
1850,36,119,2023-05-22,2,6186.4,625.1,4.968,3105.4968,6210.9936,24.59360000000015
5345,25,73,2023-05-22,9,1288439.0,27541.35,4.968,136825.4268,1231428.8412,0.0
2606,7,100,2023-05-22,12,1192442.85,19807.28,4.968,98402.56704,1180830.80448,0.0
3166,11,72,2023-05-22,7,697652.0,30675.48,4.968,152395.78464,1066770.49248,369118.49248
6499,33,65,2023-05-22,7,178904.0,5008.66,4.968,24883.02288,174181.16016,0.0
8387,43,6,2023-05-22,14,157208.85,2104.66,4.968,10455.950879999999,146383.31231999997,0.0
1095,29,112,2023-05-22,2,4362.0,398.23,4.968,1978.4066400000002,3956.8132800000003,0.0
6431,14,4,2023-05-22,5,16063.55,654.31,4.968,3250.61208,16253.060399999998,189.5103999999992
8157,22,56,2023-05-22,2,85978.0,8087.59,4.968,40179.14712,80358.29424,0.0
5704,22,51,2023-05-22,6,384954.0,12243.38,4.968,60825.11184,364950.67104,0.0
3354,16,129,2023-05-23,7,21719.85,598.62,4.9674,2973.5849879999996,20815.094916,0.0
6046,16,94,2023-05-23,12,489010.0,8022.13,4.9674,39849.128562,478189.542744,0.0
5529,12,19,2023-05-23,12,187328.6,3163.35,4.9674,15713.624789999998,188563.49747999996,1234.897479999956
6495,28,58,2023-05-23,14,1523544.0,20157.55,4.9674,100130.61386999999,1401828.5941799998,0.0
708,48,77,2023-05-23,2,84938.55,8959.75,4.9674,44506.66215,89013.3243,4074.77429999999
5323,47,105,2023-05-23,5,1470.6,62.64,4.9674,311.15793599999995,1555.7896799999999,85.18967999999995
8953,8,21,2023-05-23,1,8298.25,1674.22,4.9674,8316.520428,8316.520428,18.27042799999981
8740,26,83,2023-05-23,7,896445.65,35839.7,4.9674,178030.12577999997,1246210.88046,349765.2304599999
4125,43,146,2023-05-23,8,3769.6,99.02,4.9674,491.8719479999999,3934.9755839999993,165.37558399999944
7983,16,112,2023-05-23,3,6215.85,398.23,4.9674,1978.167702,5934.503106,0.0
1218,25,127,2023-05-23,11,17043.0,296.24,4.9674,1471.5425759999998,16186.968335999998,0.0
1033,14,145,2023-05-24,11,47848.0,820.56,4.9474,4059.638544,44656.023984,0.0
4899,33,24,2023-05-24,8,185857.0,4129.65,4.9474,20431.03041,163448.24328,0.0
7714,30,34,2023-05-24,4,18686.5,960.12,4.9474,4750.097688,19000.390752,313.89075199999934
8366,48,101,2023-05-24,12,5561.0,87.95,4.9474,435.12383,5221.48596,0.0
9645,38,107,2023-05-24,3,4313.0,295.48,4.9474,1461.8577520000001,4385.573256000001,72.57325600000058
7759,10,145,2023-05-24,1,4132.5,820.56,4.9474,4059.638544,4059.638544,0.0
8382,48,85,2023-05-24,10,366497.65,7499.89,4.9474,37104.955786,371049.55786,4551.9078599999775
1226,49,13,2023-05-24,5,38736.0,1356.5,4.9474,6711.1481,33555.7405,0.0
5611,31,110,2023-05-24,3,7112.65,476.03,4.9474,2355.110822,7065.332466,0.0
6656,19,108,2023-05-24,14,44496.1,653.47,4.9474,3232.9774780000002,45261.684692,765.584692000004
9266,20,88,2023-05-24,13,628374.0,9351.41,4.9474,46265.165834,601447.155842,0.0
3611,24,48,2023-05-24,5,69997.9,2836.04,4.9474,14031.024296,70155.12148,157.22148000000743
2224,44,30,2023-05-24,9,290231.0,5636.75,4.9474,27887.25695,250985.31255,0.0
8686,18,93,2023-05-24,12,1145437.8,19409.47,4.9474,96026.411878,1152316.942536,6879.142535999883
5334,27,65,2023-05-24,12,291357.4,5008.66,4.9474,24779.844484,297358.133808,6000.73380799999
2783,42,69,2023-05-25,6,271590.0,9219.51,4.999,46088.33049,276529.98294,4939.982940000016
8348,43,35,2023-05-25,15,165083.0,2106.85,4.999,10532.143149999998,157982.14724999998,0.0
6964,30,86,2023-05-25,8,710775.75,17824.79,4.999,89106.12521,712849.00168,2073.2516799999867
7829,43,20,2023-05-25,5,154167.0,5689.04,4.999,28439.51096,142197.55479999998,0.0
4250,49,110,2023-05-25,3,7112.65,476.03,4.999,2379.67397,7139.0219099999995,26.371909999999843
9573,23,63,2023-05-25,3,398879.35,27618.14,4.999,138063.08185999998,414189.24557999993,15309.895579999953
625,21,55,2023-05-25,5,522439.2,23326.09,4.999,116607.12391,583035.61955,60596.41954999993
9855,7,126,2023-05-25,15,40156.0,467.05,4.999,2334.78295,35021.744249999996,0.0
9559,29,137,2023-05-25,2,6432.45,619.79,4.999,3098.3302099999996,6196.660419999999,0.0
2202,18,44,2023-05-25,14,143731.2,1963.02,4.999,9813.13698,137383.91772,0.0
962,43,97,2023-05-26,10,1285683.45,25607.88,5.0114,128331.329832,1283313.29832,0.0
298,6,98,2023-05-26,1,75392.95,15262.93,5.0114,76488.647402,76488.647402,1095.6974020000052
2255,46,9,2023-05-26,5,188601.6,7933.96,5.0114,39760.247144,198801.23572,10199.635719999991
6924,31,1,2023-05-26,3,99368.0,6360.91,5.0114,31877.064374,95631.193122,0.0
3612,34,12,2023-05-26,1,2589.7,527.97,5.0114,2645.8688580000003,2645.8688580000003,56.168858000000455
9558,30,143,2023-05-26,6,25288.05,896.83,5.0114,4494.373862,26966.243172000002,1678.193172000003
7330,19,30,2023-05-26,1,30635.6,5636.75,5.0114,28248.00895,28248.00895,0.0
828,15,21,2023-05-26,5,43673.0,1674.22,5.0114,8390.186108,41950.93054,0.0
606,24,61,2023-05-26,11,308205.0,5396.92,5.0114,27046.124888000002,297507.37376800005,0.0
3207,16,144,2023-05-26,11,24356.0,422.52,5.0114,2117.416728,23291.584008,0.0
5742,26,135,2023-05-26,14,23023.0,328.1,5.0114,1644.24034,23019.36476,0.0
4146,13,144,2023-05-26,1,2214.0,422.52,5.0114,2117.416728,2117.416728,0.0
3260,37,68,2023-05-26,4,267588.0,13226.26,5.0114,66282.079364,265128.317456,0.0
8608,40,67,2023-05-26,3,257367.0,16720.73,5.0114,83794.266322,251382.79896599997,0.0
6372,2,134,2023-05-26,15,67225.8,899.33,5.0114,4506.902362000001,67603.53543000002,377.7354300000152
8394,24,78,2023-05-27,2,231346.85,23053.04,5.0114,115528.004656,231056.009312,0.0
4422,48,35,2023-05-27,5,52276.6,2106.85,5.0114,10558.26809,52791.340449999996,514.7404499999975
8630,13,95,2023-05-27,11,729493.6,12945.63,5.0114,64875.730182,713633.032002,0.0
9452,43,88,2023-05-27,7,338355.0,9351.41,5.0114,46863.656074,328045.592518,0.0
160,8,121,2023-05-27,11,40637.0,746.8,5.0114,3742.51352,41167.64872,530.6487199999974
686,43,9,2023-05-27,13,490363.4,7933.96,5.0114,39760.247144,516883.212872,26519.81287199998
8281,2,20,2023-05-27,6,185001.0,5689.04,5.0114,28510.055056,171060.330336,0.0
6287,5,89,2023-05-27,6,448464.6,14832.32,5.0114,74330.688448,445984.130688,0.0
4018,35,12,2023-05-27,10,27262.0,527.97,5.0114,2645.8688580000003,26458.688580000002,0.0
2030,13,82,2023-05-27,2,98104.6,9770.29,5.0114,48962.83130600001,97925.66261200001,0.0
5680,41,38,2023-05-27,1,26461.0,5097.21,5.0114,25544.158194,25544.158194,0.0
7307,37,117,2023-05-27,8,32824.0,823.4,5.0114,4126.38676,33011.09408,187.09408000000258
5101,20,120,2023-05-27,13,38587.1,586.85,5.0114,2940.94009,38232.221170000004,0.0
8880,40,126,2023-05-27,10,26771.0,467.05,5.0114,2340.5743700000003,23405.743700000003,0.0
3462,22,74,2023-05-27,13,1068997.95,17160.36,5.0114,85997.428104,1117966.565352,48968.61535200011
4151,13,56,2023-05-27,3,122517.7,8087.59,5.0114,40530.148526000004,121590.44557800001,0.0
6194,37,143,2023-05-27,11,48801.0,896.83,5.0114,4494.373862,49438.112482000004,637.1124820000041
6089,15,79,2023-05-27,10,661468.0,11724.63,5.0114,58756.810782,587568.10782,0.0
3670,28,148,2023-05-28,14,63648.1,919.03,5.0114,4605.626942,64478.777188,830.6771880000015
8917,36,127,2023-05-28,12,18592.0,296.24,5.0114,1484.577136,17814.925632000002,0.0
3007,14,111,2023-05-28,7,28497.15,821.82,5.0114,4118.468748,28829.281236000003,332.1312360000011
8658,46,93,2023-05-28,7,668172.05,19409.47,5.0114,97268.617958,680880.325706,12708.275705999928
1478,15,84,2023-05-28,3,130272.0,8663.64,5.0114,43416.965496,130250.896488,0.0
7626,5,119,2023-05-28,6,18558.25,625.1,5.0114,3132.6261400000003,18795.756840000002,237.50684000000183
6724,34,126,2023-05-28,7,18739.0,467.05,5.0114,2340.5743700000003,16384.02059,0.0
1567,2,88,2023-05-28,8,367357.4,9351.41,5.0114,46863.656074,374909.248592,7551.848591999966
6621,41,43,2023-05-28,1,33342.15,6219.32,5.0114,31167.500248,31167.500248,0.0
5330,49,145,2023-05-28,6,26099.0,820.56,5.0114,4112.1543839999995,24672.926303999997,0.0
4871,2,95,2023-05-28,6,397905.6,12945.63,5.0114,64875.730182,389254.381092,0.0
3453,13,39,2023-05-28,14,414860.0,5270.87,5.0114,26414.437918,369802.130852,0.0
8483,23,127,2023-05-29,9,13246.8,296.24,4.9954,1479.8372960000002,13318.535664,71.73566400000163
7019,26,126,2023-05-29,9,22889.3,467.05,4.9954,2333.1015700000003,20997.91413,0.0
5678,32,146,2023-05-29,5,2356.0,99.02,4.9954,494.644508,2473.2225399999998,117.22253999999975
1344,36,125,2023-05-29,11,37423.0,646.27,4.9954,3228.377158,35512.148737999996,0.0
3624,9,145,2023-05-29,1,4132.5,820.56,4.9954,4099.0254239999995,4099.0254239999995,0.0
5059,12,61,2023-05-29,5,133088.35,5396.92,4.9954,26959.774168,134798.87084,1710.5208399999829
1190,47,105,2023-05-29,3,929.0,62.64,4.9954,312.911856,938.7355680000001,9.735568000000058
6694,41,122,2023-05-29,5,6281.4,255.46,4.9954,1276.124884,6380.62442,99.22442000000046
1194,4,127,2023-05-29,9,13246.8,296.24,4.9954,1479.8372960000002,13318.535664,71.73566400000163
6450,11,21,2023-05-29,8,66382.2,1674.22,4.9954,8363.398588,66907.188704,524.988704000003
5469,49,109,2023-05-29,8,4732.9,169.23,4.9954,845.371542,6762.972336,2030.0723360000002
8040,4,101,2023-05-29,13,5722.8,87.95,4.9954,439.34543,5711.49059,0.0
2179,5,18,2023-05-29,12,318869.0,4834.43,4.9954,24149.911622000003,289798.93946400005,0.0
2809,12,36,2023-05-29,2,42942.85,4221.25,4.9954,21086.83225,42173.6645,0.0
8052,27,48,2023-05-29,9,132627.0,2836.04,4.9954,14167.154216,127504.387944,0.0
1857,47,86,2023-05-29,3,280569.0,17824.79,4.9954,89041.95596600001,267125.86789800005,0.0
4357,8,18,2023-05-29,3,75731.15,4834.43,4.9954,24149.911622000003,72449.73486600001,0.0
6598,16,48,2023-05-29,14,206309.0,2836.04,4.9954,14167.154216,198340.15902400002,0.0
2018,34,13,2023-05-29,7,51518.5,1356.5,4.9954,6776.2601,47433.820700000004,0.0
1364,3,129,2023-05-29,11,34131.6,598.62,4.9954,2990.346348,32893.809828,0.0
8493,22,37,2023-05-30,13,74936.0,1181.71,5.0593,5978.625403000001,77722.130239,2786.1302390000055
1254,20,61,2023-05-30,12,319412.8,5396.92,5.0593,27304.637356000003,327655.648272,8242.848272000032
8993,38,67,2023-05-30,9,772101.0,16720.73,5.0593,84595.189289,761356.703601,0.0
517,49,4,2023-05-30,7,22489.35,654.31,5.0593,3310.350583,23172.454081,683.1040810000013
6338,14,113,2023-05-30,7,29226.75,815.5,5.0593,4125.85915,28881.01405,0.0
2061,28,102,2023-05-30,6,4742.4,199.93,5.0593,1011.5058490000001,6069.035094000001,1326.6350940000011
7748,29,73,2023-05-30,8,1088015.05,27541.35,5.0593,139339.952055,1114719.61644,26704.566439999966
3377,15,24,2023-05-30,1,23232.0,4129.65,5.0593,20893.138245,20893.138245,0.0
3185,44,89,2023-05-30,4,314712.0,14832.32,5.0593,75041.15657600001,300164.62630400003,0.0
5608,48,108,2023-05-30,8,25425.8,653.47,5.0593,3306.1007710000003,26448.806168000003,1023.0061680000035
9709,32,42,2023-05-30,12,68318.3,1263.57,5.0593,6392.779701,76713.35641200001,8395.056412000005
8350,33,10,2023-05-30,2,60862.7,6449.43,5.0593,32629.601199000004,65259.20239800001,4396.502398000011
4023,40,52,2023-05-31,9,117170.15,2634.69,5.0959,13426.116771,120835.05093900001,3664.9009390000138
4345,47,42,2023-05-31,13,77907.0,1263.57,5.0959,6439.026363,83707.342719,5800.342718999993
7298,3,2,2023-05-31,12,167978.0,2829.74,5.0959,14420.072066,173040.864792,5062.864792000008
3874,37,93,2023-05-31,1,95453.15,19409.47,5.0959,98908.71817300002,98908.71817300002,3455.5681730000215
3264,38,9,2023-05-31,10,377202.25,7933.96,5.0959,40430.666764,404306.66764,27104.41764
5618,28,54,2023-05-31,1,115458.25,23191.9,5.0959,118183.60321000002,118183.60321000002,2725.3532100000157
4263,1,74,2023-05-31,15,1233459.1,17160.36,5.0959,87447.478524,1311712.1778600002,78253.07786000008
2032,12,46,2023-05-31,14,66284.35,1007.47,5.0959,5133.966373,71875.529222,5591.179221999992
7058,37,15,2023-05-31,4,111599.0,5267.98,5.0959,26845.099282,107380.397128,0.0
2056,39,16,2023-05-31,10,285057.0,5615.94,5.0959,28618.268646,286182.68646,1125.6864599999972
7212,3,118,2023-05-31,13,56096.0,797.41,5.0959,4063.521619,52825.781047000004,0.0
1632,32,109,2023-05-31,10,6227.0,169.23,5.0959,862.379157,8623.79157,2396.7915699999994
4060,48,67,2023-05-31,3,244498.65,16720.73,5.0959,85207.168007,255621.504021,11122.854021000006
415,17,97,2023-05-31,2,270670.0,25607.88,5.0959,130495.19569200001,260990.39138400002,0.0
8932,10,4,2023-05-31,2,6425.8,654.31,5.0959,3334.2983289999997,6668.5966579999995,242.7966579999993
9557,48,20,2023-05-31,2,61667.0,5689.04,5.0959,28990.778936000002,57981.557872000005,0.0
670,7,124,2023-05-31,13,46558.55,725.63,5.0959,3697.7379170000004,48070.592921,1512.0429210000002
6364,28,97,2023-05-31,9,1218016.0,25607.88,5.0959,130495.19569200001,1174456.761228,0.0
467,22,30,2023-05-31,4,128991.0,5636.75,5.0959,28724.314325000003,114897.25730000001,0.0
8344,26,143,2023-06-01,2,8873.0,896.83,5.035,4515.53905,9031.0781,158.07810000000063
2861,16,115,2023-06-01,15,12459.0,160.69,5.035,809.07415,12136.11225,0.0
8331,27,71,2023-06-01,4,494661.2,25647.03,5.035,129132.79605,516531.1842,21869.984200000006
8972,25,69,2023-06-01,5,226325.0,9219.51,5.035,46420.23285,232101.16425,5776.164250000002
6427,16,59,2023-06-01,3,261498.0,16694.98,5.035,84059.2243,252177.6729,0.0
4488,36,126,2023-06-01,7,17802.05,467.05,5.035,2351.59675,16461.17725,0.0
6795,49,96,2023-06-01,8,536718.65,13063.42,5.035,65774.31970000001,526194.5576000001,0.0
8891,16,143,2023-06-01,11,46360.95,896.83,5.035,4515.53905,49670.92955,3309.9795500000037
5686,17,87,2023-06-02,2,133720.0,11794.37,4.9558,58450.538846,116901.077692,0.0
7261,22,94,2023-06-02,13,529761.0,8022.13,4.9558,39756.071854,516828.934102,0.0
4109,48,114,2023-06-02,13,10391.0,152.46,4.9558,755.561268,9822.296484,0.0
2130,45,74,2023-06-02,11,904536.8,17160.36,4.9558,85043.312088,935476.4329680001,30939.63296800002
6607,5,103,2023-06-02,12,20396.5,341.7,4.9558,1693.3968599999998,20320.762319999998,0.0
8735,17,110,2023-06-02,4,9482.9,476.03,4.9558,2359.109474,9436.437896,0.0
4289,1,144,2023-06-02,5,10517.45,422.52,4.9558,2093.924616,10469.62308,0.0
3237,46,1,2023-06-02,13,409063.35,6360.91,4.9558,31523.397778,409804.17111399997,740.8211139999912
4477,22,114,2023-06-02,11,8792.0,152.46,4.9558,755.561268,8311.173948,0.0
6801,46,21,2023-06-02,1,8298.25,1674.22,4.9558,8297.099476,8297.099476,0.0
86,15,145,2023-06-02,8,34799.0,820.56,4.9558,4066.531248,32532.249984,0.0
8442,37,65,2023-06-02,5,127788.0,5008.66,4.9558,24821.917228,124109.58614,0.0
9142,27,22,2023-06-02,2,78906.0,7630.67,4.9558,37816.074386,75632.148772,0.0
3879,36,33,2023-06-02,14,94021.0,1268.8,4.9558,6287.91904,88030.86656,0.0
8307,3,60,2023-06-02,4,435004.0,19341.09,4.9558,95850.573822,383402.295288,0.0
4070,5,79,2023-06-03,14,879753.2,11724.63,4.9558,58104.921354,813468.898956,0.0
2052,23,63,2023-06-03,7,979704.0,27618.14,4.9558,136869.978212,958089.8474839999,0.0
9197,48,35,2023-06-03,9,94097.5,2106.85,4.9558,10441.12723,93970.14507,0.0
8260,24,24,2023-06-03,13,286917.1,4129.65,4.9558,20465.719469999996,266054.35310999997,0.0
1863,26,79,2023-06-03,3,198441.0,11724.63,4.9558,58104.921354,174314.764062,0.0
3113,2,105,2023-06-03,4,1176.1,62.64,4.9558,310.431312,1241.725248,65.62524800000006
4784,14,9,2023-06-03,2,79411.0,7933.96,4.9558,39319.118968,78638.237936,0.0
4406,11,104,2023-06-03,12,44556.0,742.54,4.9558,3679.879732,44158.556784,0.0
8433,46,42,2023-06-03,10,56931.6,1263.57,4.9558,6262.000206,62620.00206,5688.40206
584,6,49,2023-06-03,2,25201.6,2627.0,4.9558,13018.8866,26037.7732,836.1732000000011
3972,15,95,2023-06-03,10,698080.0,12945.63,4.9558,64155.953153999995,641559.53154,0.0
1929,27,59,2023-06-03,4,331231.75,16694.98,4.9558,82736.981884,330947.927536,0.0
2694,42,56,2023-06-03,3,128966.0,8087.59,4.9558,40080.478522,120241.435566,0.0
2227,36,112,2023-06-03,3,6543.0,398.23,4.9558,1973.548234,5920.6447020000005,0.0
117,27,18,2023-06-03,3,75731.15,4834.43,4.9558,23958.468194,71875.404582,0.0
3118,13,27,2023-06-04,7,115580.0,3051.23,4.9558,15121.285634,105848.999438,0.0
1813,5,124,2023-06-04,12,45239.0,725.63,4.9558,3596.077154,43152.925848,0.0
6595,8,56,2023-06-04,14,601843.0,8087.59,4.9558,40080.478522,561126.6993079999,0.0
1689,43,74,2023-06-04,4,346234.0,17160.36,4.9558,85043.312088,340173.248352,0.0
907,39,66,2023-06-04,2,23885.85,2360.29,4.9558,11697.125182,23394.250364,0.0
3457,24,50,2023-06-04,3,32136.6,2179.61,4.9558,10801.711238,32405.133714,268.53371400000105
6945,40,132,2023-06-04,14,20787.9,276.61,4.9558,1370.823838,19191.533732,0.0
2423,14,22,2023-06-04,13,512887.0,7630.67,4.9558,37816.074386,491608.967018,0.0
4159,31,87,2023-06-04,15,952753.1,11794.37,4.9558,58450.538846,876758.0826900001,0.0
3433,41,26,2023-06-04,9,155549.0,3412.88,4.9558,16913.550704,152221.956336,0.0
7236,43,28,2023-06-04,13,185361.0,2723.39,4.9558,13496.576162,175455.49010599998,0.0
7907,5,1,2023-06-04,9,298103.0,6360.91,4.9558,31523.397778,283710.580002,0.0
705,16,71,2023-06-04,5,618326.5,25647.03,4.9558,127101.551274,635507.75637,17181.25636999996
3132,41,133,2023-06-04,15,28391.0,348.47,4.9558,1726.9476260000001,25904.21439,0.0
3367,39,61,2023-06-04,2,56037.0,5396.92,4.9558,26746.056136,53492.112272,0.0
1310,35,65,2023-06-04,8,194238.9,5008.66,4.9558,24821.917228,198575.337824,4336.437823999993
9747,33,34,2023-06-05,1,4918.0,960.12,4.9236,4727.246832000001,4727.246832000001,0.0
3188,7,63,2023-06-05,14,1959407.0,27618.14,4.9236,135980.674104,1903729.4374560001,0.0
8296,36,101,2023-06-05,14,6488.0,87.95,4.9236,433.03062000000006,6062.428680000001,0.0
233,23,83,2023-06-05,4,539216.0,35839.7,4.9236,176460.34692,705841.38768,166625.38768000004
4793,22,42,2023-06-05,7,39852.5,1263.57,4.9236,6221.313252,43549.192764,3696.6927639999994
3189,42,4,2023-06-05,1,3212.9,654.31,4.9236,3221.560716,3221.560716,8.660715999999866
5537,3,116,2023-06-05,11,28331.0,502.24,4.9236,2472.828864,27201.117504,0.0
8244,21,2,2023-06-05,5,69991.0,2829.74,4.9236,13932.507864,69662.53932,0.0
256,12,130,2023-06-05,4,16576.0,749.89,4.9236,3692.1584040000002,14768.633616000001,0.0
7584,30,77,2023-06-05,10,424694.65,8959.75,4.9236,44114.2251,441142.25100000005,16447.601000000024
5677,14,2,2023-06-06,15,199473.4,2829.74,4.9292,13948.354408,209225.31611999997,9751.91611999998
6010,27,136,2023-06-06,1,1875.3,533.84,4.9292,2631.404128,2631.404128,756.1041280000002
7841,23,76,2023-06-06,10,1407882.9,27945.06,4.9292,137746.789752,1377467.89752,0.0
1012,14,144,2023-06-06,4,8414.15,422.52,4.9292,2082.685584,8330.742336,0.0
6843,17,129,2023-06-06,15,46543.35,598.62,4.9292,2950.7177039999997,44260.76555999999,0.0
6851,2,26,2023-06-06,14,229866.75,3412.88,4.9292,16822.768096,235518.753344,5652.003343999997
423,31,24,2023-06-06,8,185857.0,4129.65,4.9292,20355.870779999997,162846.96623999998,0.0
152,27,82,2023-06-06,8,413072.0,9770.29,4.9292,48159.713468,385277.707744,0.0
4838,2,139,2023-06-06,12,16244.05,246.89,4.9292,1216.9701879999998,14603.642255999997,0.0
1606,18,99,2023-06-06,8,858133.0,21330.89,4.9292,105144.222988,841153.783904,0.0
9195,27,65,2023-06-06,9,218518.05,5008.66,4.9292,24688.686872,222198.18184799998,3680.13184799999
4441,9,43,2023-06-06,8,266736.25,6219.32,4.9292,30656.272144,245250.177152,0.0
5041,41,42,2023-06-06,1,5693.35,1263.57,4.9292,6228.389243999999,6228.389243999999,535.0392439999987
7122,28,90,2023-06-06,5,375712.65,14083.78,4.9292,69421.768376,347108.84188,0.0
7124,33,8,2023-06-06,15,74762.0,1006.07,4.9292,4959.120244,74386.80365999999,0.0
4261,6,50,2023-06-06,5,53561.0,2179.61,4.9292,10743.733612,53718.668059999996,157.66805999999633
1160,37,146,2023-06-06,15,7068.0,99.02,4.9292,488.08938399999994,7321.340759999999,253.34075999999914
1152,40,45,2023-06-06,3,28225.45,1881.33,4.9292,9273.451835999998,27820.355507999993,0.0
2036,30,127,2023-06-06,14,21691.0,296.24,4.9292,1460.226208,20443.166912,0.0
8671,31,88,2023-06-07,10,483365.0,9351.41,4.9119,45933.190779000004,459331.90779,0.0
2156,38,28,2023-06-07,10,135456.7,2723.39,4.9119,13377.019341,133770.19341,0.0
9096,16,31,2023-06-07,8,62951.75,2418.07,4.9119,11877.318033000001,95018.54426400001,32066.79426400001
8929,19,68,2023-06-07,9,571970.3,13226.26,4.9119,64966.066494000006,584694.598446,12724.298445999972
3942,7,17,2023-06-07,13,173378.8,2833.14,4.9119,13916.100366,180909.304758,7530.504758000025
9398,37,39,2023-06-07,6,177797.0,5270.87,4.9119,25889.986353,155339.918118,0.0
7462,7,86,2023-06-07,1,88846.85,17824.79,4.9119,87553.586001,87553.586001,0.0
5621,6,31,2023-06-07,13,107680.0,2418.07,4.9119,11877.318033000001,154405.13442900003,46725.13442900003
9570,42,11,2023-06-07,14,507247.0,7246.24,4.9119,35592.806256,498299.28758400003,0.0
8391,22,92,2023-06-07,9,759702.65,16745.97,4.9119,82254.530043,740290.770387,0.0
3444,24,60,2023-06-07,14,1522515.0,19341.09,4.9119,95001.499971,1330020.999594,0.0
6565,15,38,2023-06-07,7,185228.0,5097.21,4.9119,25036.985799000002,175258.900593,0.0
2518,36,134,2023-06-08,9,40335.1,899.33,4.9119,4417.419027,39756.771242999996,0.0
8398,1,121,2023-06-08,9,31585.6,746.8,4.9119,3668.20692,33013.86228,1428.2622800000026
2409,16,16,2023-06-08,15,427585.5,5615.94,4.9119,27584.935686,413774.03529,0.0
4656,44,25,2023-06-08,7,80640.75,2389.36,4.9119,11736.297384000001,82154.081688,1513.3316880000057
3841,33,134,2023-06-08,8,37741.0,899.33,4.9119,4417.419027,35339.352216,0.0
1607,17,13,2023-06-08,2,15494.0,1356.5,4.9119,6662.99235,13325.9847,0.0
8222,40,21,2023-06-08,11,91276.0,1674.22,4.9119,8223.601218,90459.613398,0.0
5468,25,118,2023-06-08,9,38836.0,797.41,4.9119,3916.798179,35251.183611,0.0
5984,5,139,2023-06-08,6,8121.55,246.89,4.9119,1212.698991,7276.193945999999,0.0
1198,42,133,2023-06-08,11,20820.0,348.47,4.9119,1711.6497930000003,18828.147723000002,0.0
899,29,28,2023-06-08,7,94819.5,2723.39,4.9119,13377.019341,93639.13538699999,0.0
931,32,92,2023-06-09,3,253233.9,16745.97,4.8922,81924.634434,245773.90330200002,0.0
7629,16,146,2023-06-09,7,3298.4,99.02,4.8922,484.425644,3390.979508,92.5795079999998
1298,1,55,2023-06-09,3,313463.9,23326.09,4.8922,114115.89749799999,342347.69249399996,28883.792493999936
4744,16,117,2023-06-09,4,16412.0,823.4,4.8922,4028.23748,16112.94992,0.0
8713,29,114,2023-06-09,7,5315.25,152.46,4.8922,745.864812,5221.053684,0.0
567,4,7,2023-06-09,3,58556.0,3678.62,4.8922,17996.544764,53989.634291999995,0.0
7488,38,69,2023-06-09,15,678975.0,9219.51,4.8922,45103.686822,676555.3023300001,0.0
1274,46,143,2023-06-09,7,31055.0,896.83,4.8922,4387.471726,30712.302082,0.0
5655,9,99,2023-06-09,14,1501733.0,21330.89,4.8922,104354.980058,1460969.720812,0.0
9877,1,148,2023-06-09,6,27277.35,919.03,4.8922,4496.078566,26976.471396,0.0
9724,5,148,2023-06-09,1,4546.7,919.03,4.8922,4496.078566,4496.078566,0.0
5512,29,5,2023-06-09,8,179884.4,4920.79,4.8922,24073.488837999997,192587.91070399998,12703.510703999986
5787,10,102,2023-06-09,15,12480.0,199.93,4.8922,978.097546,14671.463189999999,2191.4631899999986
8691,14,11,2023-06-10,11,398551.0,7246.24,4.8922,35450.055327999995,389950.6086079999,0.0
8520,49,1,2023-06-10,15,496838.0,6360.91,4.8922,31118.843901999997,466782.65852999996,0.0
4323,39,70,2023-06-10,1,32637.25,6655.06,4.8922,32557.884532,32557.884532,0.0
3413,44,122,2023-06-10,11,14547.0,266.89,4.8922,1305.679258,14362.471838,0.0
9568,35,99,2023-06-10,4,429067.0,21330.89,4.8922,104354.980058,417419.920232,0.0
9517,37,85,2023-06-10,7,270051.0,7499.89,4.8922,36690.961858,256836.73300600002,0.0
1042,37,78,2023-06-10,6,694040.55,23053.04,4.8922,112780.082288,676680.493728,0.0
3989,46,108,2023-06-10,7,22248.05,653.47,4.8922,3196.905934,22378.341538,130.2915380000013
6544,5,128,2023-06-10,13,60459.0,853.09,4.8922,4173.486898,54255.329674,0.0
9184,43,149,2023-06-10,3,3316.45,225.94,4.8922,1105.343668,3316.031004,0.0
7336,25,31,2023-06-10,11,91114.0,2418.07,4.8922,11829.682054,130126.502594,39012.502594000005
1245,49,131,2023-06-10,7,6407.75,196.2,4.8922,959.8496399999999,6718.947479999999,311.1974799999989
4740,48,3,2023-06-10,4,34292.15,1753.77,4.8922,8579.793593999999,34319.174375999995,27.024375999993936
1572,19,110,2023-06-10,12,29946.0,476.03,4.8922,2328.8339659999997,27946.007591999994,0.0
4305,10,56,2023-06-11,1,40839.55,8087.59,4.8922,39566.107798,39566.107798,0.0
3087,25,73,2023-06-11,9,1288439.0,27541.35,4.8922,134737.79247,1212640.1322299999,0.0
2115,34,28,2023-06-11,5,71293.0,2723.39,4.8922,13323.368557999998,66616.84279,0.0
138,45,86,2023-06-11,4,355388.35,17824.79,4.8922,87202.437638,348809.750552,0.0
3964,24,37,2023-06-11,9,51878.55,1181.71,4.8922,5781.161662,52030.454958,151.90495799999917
447,34,144,2023-06-11,14,29448.1,422.52,4.8922,2067.0523439999997,28938.732815999996,0.0
4688,29,121,2023-06-11,5,17547.45,746.8,4.8922,3653.4949599999995,18267.474799999996,720.0247999999956
6203,43,130,2023-06-11,2,7873.6,749.89,4.8922,3668.6118579999998,7337.2237159999995,0.0
5067,15,106,2023-06-11,1,4385.0,837.06,4.8922,4095.0649319999998,4095.0649319999998,0.0
7659,18,113,2023-06-11,6,25051.5,815.5,4.8922,3989.5890999999997,23937.5346,0.0
1246,26,104,2023-06-11,11,38800.85,742.54,4.8922,3632.6541879999995,39959.196068,1158.346067999999
1051,31,148,2023-06-11,13,62212.0,919.03,4.8922,4496.078566,58449.021358,0.0
7987,28,124,2023-06-11,12,45239.0,725.63,4.8922,3549.9270859999997,42599.125031999996,0.0
7500,19,128,2023-06-11,14,65110.0,853.09,4.8922,4173.486898,58428.816572,0.0
8397,31,36,2023-06-11,1,22601.0,4561.15,4.8922,22314.058029999997,22314.058029999997,0.0
9312,25,61,2023-06-12,15,420279.0,5396.92,4.8832,26354.239744000002,395313.59616,0.0
618,43,131,2023-06-12,8,7323.55,196.2,4.8832,958.08384,7664.67072,341.1207199999999
9155,35,8,2023-06-12,10,49842.0,1006.07,4.8832,4912.841024,49128.410240000005,0.0
561,33,51,2023-06-12,2,128318.0,12243.38,4.8832,59786.873216,119573.746432,0.0
4138,19,108,2023-06-12,15,50183.0,653.47,4.8832,3191.0247040000004,47865.37056,0.0
9503,18,135,2023-06-12,8,13156.0,328.1,4.8832,1602.1779200000003,12817.423360000003,0.0
1201,25,50,2023-06-12,7,74985.4,2179.61,4.8832,10643.471552,74504.300864,0.0
4198,4,90,2023-06-12,5,395487.0,14083.78,4.8832,68773.91449600001,343869.5724800001,0.0
2118,23,98,2023-06-12,2,150785.9,15262.93,4.8832,74531.93977600001,149063.87955200003,0.0
5548,40,41,2023-06-12,1,10070.0,2005.71,4.8832,9794.283072,9794.283072,0.0
6297,13,78,2023-06-12,10,1156735.2,23053.04,4.8832,112572.60492800002,1125726.0492800002,0.0
6371,16,35,2023-06-12,11,115007.95,2106.85,4.8832,10288.16992,113169.86912,0.0
6396,41,13,2023-06-12,10,77471.0,1356.5,4.8832,6624.0608,66240.60800000001,0.0
2489,49,85,2023-06-12,6,231472.0,7499.89,4.8832,36623.462848,219740.77708800003,0.0
695,17,71,2023-06-12,5,650870.0,25647.03,4.8832,125239.576896,626197.88448,0.0
7016,6,69,2023-06-12,9,407385.0,9219.51,4.8832,45020.711232,405186.40108800004,0.0
5259,25,86,2023-06-12,10,888469.45,17824.79,4.8832,87042.01452800001,870420.1452800002,0.0
3088,22,92,2023-06-12,13,1097347.85,16745.97,4.8832,81773.92070400002,1063060.9691520003,0.0
8311,16,71,2023-06-12,5,650870.0,25647.03,4.8832,125239.576896,626197.88448,0.0
8060,2,130,2023-06-12,2,8288.0,749.89,4.8832,3661.862848,7323.725696,0.0
4946,9,59,2023-06-13,15,1307492.0,16694.98,4.8533,81025.746434,1215386.19651,0.0
3157,37,14,2023-06-13,15,537166.0,6767.66,4.8533,32845.484277999996,492682.2641699999,0.0
6158,40,12,2023-06-13,6,16357.0,527.97,4.8533,2562.3968010000003,15374.380806000001,0.0
2852,27,37,2023-06-13,14,84948.0,1181.71,4.8533,5735.193143,80292.70400200001,0.0
2767,23,70,2023-06-13,11,359014.5,6655.06,4.8533,32299.002698,355289.029678,0.0
5960,30,75,2023-06-13,7,229379.0,6193.58,4.8533,30059.301814,210415.11269799998,0.0
1879,17,127,2023-06-13,6,8831.2,296.24,4.8533,1437.741592,8626.449552,0.0
7498,30,92,2023-06-13,15,1266171.4,16745.97,4.8533,81273.216201,1219098.2430150001,0.0
5115,18,140,2023-06-13,12,37615.0,586.81,4.8533,2847.9649729999996,34175.579675999994,0.0
7125,32,62,2023-06-13,14,1431108.0,20000.78,4.8533,97069.785574,1358976.998036,0.0
4998,7,112,2023-06-13,1,2181.0,398.23,4.8533,1932.729659,1932.729659,0.0
6647,24,143,2023-06-14,4,16858.7,896.83,4.8462,4346.217546,17384.870184,526.1701839999987
1844,22,143,2023-06-14,5,22182.0,896.83,4.8462,4346.217546,21731.08773,0.0
5429,37,67,2023-06-14,7,570496.85,16720.73,4.8462,81032.00172599999,567224.0120819999,0.0
6411,23,8,2023-06-14,5,24921.0,1006.07,4.8462,4875.616434,24378.082169999998,0.0
581,12,7,2023-06-14,10,195188.0,3678.62,4.8462,17827.328243999997,178273.28243999998,0.0
2349,13,42,2023-06-14,1,5993.0,1263.57,4.8462,6123.512933999999,6123.512933999999,130.5129339999994
2682,6,127,2023-06-14,12,18592.0,296.24,4.8462,1435.6382879999999,17227.659455999998,0.0
9294,41,56,2023-06-14,1,40839.55,8087.59,4.8462,39194.078658,39194.078658,0.0
2301,13,142,2023-06-14,9,7066.1,160.09,4.8462,775.8281579999999,6982.453422,0.0
3926,17,80,2023-06-15,15,1938358.0,24177.04,4.8222,116586.522288,1748797.83432,0.0
2331,12,49,2023-06-15,6,75606.7,2627.0,4.8222,12667.919399999999,76007.5164,400.81639999999607
9999,8,20,2023-06-15,6,185001.0,5689.04,4.8222,27433.688688,164602.132128,0.0
880,39,59,2023-06-15,3,248423.1,16694.98,4.8222,80506.53255599999,241519.59766799997,0.0
8625,27,64,2023-06-15,6,635581.35,21352.22,4.8222,102964.675284,617788.051704,0.0
6910,44,51,2023-06-15,9,548559.45,12243.38,4.8222,59040.02703599999,531360.2433239999,0.0
123,10,106,2023-06-15,6,24993.55,837.06,4.8222,4036.4707319999993,24218.824391999995,0.0
1491,19,87,2023-06-15,10,668599.0,11794.37,4.8222,56874.811014,568748.11014,0.0
1551,26,41,2023-06-15,12,127200.0,2005.71,4.8222,9671.934761999999,116063.217144,0.0
9561,44,9,2023-06-16,12,452642.7,7933.96,4.8286,38309.919256,459719.03107200004,7076.33107200003
9053,8,16,2023-06-16,4,114022.8,5615.94,4.8286,27117.127883999998,108468.51153599999,0.0
5290,47,55,2023-06-16,8,835903.1,23326.09,4.8286,112632.358174,901058.865392,65155.76539199997
8867,43,4,2023-06-16,14,47346.0,654.31,4.8286,3159.4012659999994,44231.61772399999,0.0
672,9,124,2023-06-16,4,14326.0,725.63,4.8286,3503.7770179999998,14015.108071999999,0.0
5181,43,6,2023-06-16,11,123520.9,2104.66,4.8286,10162.561275999999,111788.17403599998,0.0
1650,34,125,2023-06-16,4,12927.6,646.27,4.8286,3120.5793219999996,12482.317287999998,0.0
6941,4,2,2023-06-16,13,172877.2,2829.74,4.8286,13663.682563999999,177627.873332,4750.673331999977
8280,5,41,2023-06-16,10,106000.0,2005.71,4.8286,9684.771306,96847.71306000001,0.0
1553,43,71,2023-06-16,12,1562089.0,25647.03,4.8286,123839.24905799999,1486070.9886959998,0.0
3654,36,56,2023-06-16,6,257933.0,8087.59,4.8286,39051.737074,234310.42244399997,0.0
1506,39,125,2023-06-16,10,34021.0,646.27,4.8286,3120.5793219999996,31205.793219999996,0.0
1073,13,136,2023-06-16,8,14998.6,533.84,4.8286,2577.6998240000003,20621.598592000002,5622.998592000002
8205,8,101,2023-06-16,14,6488.0,87.95,4.8286,424.67537,5945.45518,0.0
2096,46,12,2023-06-17,14,38167.0,527.97,4.8286,2549.355942,35690.983188,0.0
7717,21,33,2023-06-17,2,12760.4,1268.8,4.8286,6126.527679999999,12253.055359999998,0.0
120,6,81,2023-06-17,15,1832227.0,23345.09,4.8286,112724.101574,1690861.52361,0.0
6645,31,115,2023-06-17,1,831.0,160.69,4.8286,775.907734,775.907734,0.0
5311,19,55,2023-06-17,15,1649808.0,23326.09,4.8286,112632.358174,1689485.37261,39677.37260999996
7778,23,130,2023-06-17,9,37297.0,859.48,4.8286,4150.085128,37350.766152,53.76615199999651
4139,16,148,2023-06-17,5,23928.0,919.03,4.8286,4437.628258,22188.14129,0.0
9730,40,54,2023-06-17,2,230916.5,23191.9,4.8286,111984.40834000001,223968.81668000002,0.0
7884,41,133,2023-06-17,4,7571.0,348.47,4.8286,1682.6222420000001,6730.488968000001,0.0
4599,24,147,2023-06-17,9,25907.45,592.19,4.8286,2859.4486340000003,25735.037706000003,0.0
4469,46,4,2023-06-17,2,6764.0,654.31,4.8286,3159.4012659999994,6318.802531999999,0.0
4292,10,136,2023-06-17,13,24373.2,533.84,4.8286,2577.6998240000003,33510.097712,9136.897712000002
7043,7,52,2023-06-17,6,82225.0,2634.69,4.8286,12721.864134,76331.18480399999,0.0
5042,9,82,2023-06-17,5,245261.5,9770.29,4.8286,47176.822294000005,235884.11147000003,0.0
8277,12,130,2023-06-17,9,35432.15,859.48,4.8286,4150.085128,37350.766152,1918.616151999995
2637,5,99,2023-06-17,8,858133.0,21330.89,4.8286,102998.33545399999,823986.6836319999,0.0
7206,5,60,2023-06-18,4,413253.8,19341.09,4.8286,93390.387174,373561.548696,0.0
9450,32,143,2023-06-18,6,25288.05,896.83,4.8286,4330.433338,25982.600028,694.5500280000015
9252,29,8,2023-06-18,9,42614.15,1006.07,4.8286,4857.909602,43721.186418,1107.036417999996
6381,4,88,2023-06-18,12,580038.0,9351.41,4.8286,45154.218325999995,541850.6199119999,0.0
6612,37,62,2023-06-18,10,1022220.0,20000.78,4.8286,96575.76630799999,965757.6630799999,0.0
2272,49,128,2023-06-18,8,35345.7,853.09,4.8286,4119.230374,32953.842992,0.0
8687,42,116,2023-06-18,13,33482.0,502.24,4.8286,2425.116064,31526.508832,0.0
8292,35,140,2023-06-18,11,32756.0,586.81,4.8286,2833.4707659999995,31168.178425999995,0.0
7837,48,126,2023-06-18,10,25432.45,467.05,4.8286,2255.19763,22551.976300000002,0.0
6685,26,92,2023-06-19,2,168822.6,16745.97,4.7803,80050.76039100002,160101.52078200004,0.0
4310,28,9,2023-06-19,12,476466.0,7933.96,4.7803,37926.708988000006,455120.5078560001,0.0
7383,5,141,2023-06-19,13,62163.0,942.08,4.7803,4503.425024000001,58544.52531200001,0.0
3293,4,127,2023-06-19,3,4648.0,296.24,4.7803,1416.1160720000003,4248.348216,0.0
4556,4,26,2023-06-19,13,224681.0,3412.88,4.7803,16314.590264000002,212089.67343200004,0.0
4851,20,70,2023-06-19,10,326376.3,6655.06,4.7803,31813.183318000003,318131.83318,0.0
7545,6,34,2023-06-19,7,32701.85,960.12,4.7803,4589.661636000001,32127.631452000005,0.0
7356,25,134,2023-06-19,9,40335.1,899.33,4.7803,4299.067199000001,38691.604791000005,0.0
2579,10,9,2023-06-19,12,452642.7,7933.96,4.7803,37926.708988000006,455120.5078560001,2477.8078560000868
3894,31,11,2023-06-20,7,253623.0,7246.24,4.793,34731.22832,243118.59824000002,0.0
1634,24,110,2023-06-20,1,2371.2,476.03,4.793,2281.61179,2281.61179,0.0
4144,40,4,2023-06-20,2,6425.8,654.31,4.793,3136.10783,6272.21566,0.0
5552,32,148,2023-06-20,13,59101.4,919.03,4.793,4404.91079,57263.84027,0.0
5958,31,27,2023-06-20,5,78429.15,3051.23,4.793,14624.545390000001,73122.72695000001,0.0
4555,38,87,2023-06-20,12,762203.05,11794.37,4.793,56530.41541000001,678364.9849200001,0.0
5805,26,149,2023-06-20,13,14370.65,225.94,4.793,1082.93042,14078.095459999999,0.0
1812,12,70,2023-06-20,6,206133.0,6655.06,4.793,31897.702580000005,191386.21548,0.0
4058,41,93,2023-06-20,12,1205724.0,19409.47,4.793,93029.58971000001,1116355.0765200001,0.0
1852,26,140,2023-06-20,5,15673.0,586.81,4.793,2812.58033,14062.90165,0.0
6067,27,4,2023-06-20,8,25702.25,654.31,4.793,3136.10783,25088.86264,0.0
6516,41,68,2023-06-20,15,953284.15,13226.26,4.793,63393.46418,950901.9627,0.0
1927,36,90,2023-06-20,15,1186460.0,14083.78,4.793,67503.55754000001,1012553.3631000002,0.0
9997,38,123,2023-06-20,2,5276.3,535.37,4.793,2566.02841,5132.05682,0.0
3937,36,146,2023-06-20,9,4464.0,99.02,4.793,474.60286,4271.425740000001,0.0
1467,5,80,2023-06-20,9,1104864.25,24177.04,4.793,115880.55272,1042924.9744800001,0.0
4059,49,30,2023-06-21,1,32248.0,5636.75,4.7795,26940.846625,26940.846625,0.0
6304,38,40,2023-06-21,3,42552.0,2757.45,4.7795,13179.232274999998,39537.69682499999,0.0
6190,21,37,2023-06-21,7,40350.3,1181.71,4.7795,5647.982945,39535.880615,0.0
9012,3,47,2023-06-21,9,52351.65,1496.29,4.7795,7151.518055,64363.662495,12012.012494999995
9116,40,8,2023-06-21,4,19937.0,1006.07,4.7795,4808.511565,19234.04626,0.0
3791,38,115,2023-06-21,10,8306.0,160.69,4.7795,768.0178549999999,7680.17855,0.0
692,33,18,2023-06-21,3,79717.0,4834.43,4.7795,23106.158185,69318.474555,0.0
1574,1,73,2023-06-21,10,1431599.0,27541.35,4.7795,131633.88232499998,1316338.82325,0.0
6308,5,140,2023-06-21,11,32756.0,586.81,4.7795,2804.6583949999995,30851.242344999995,0.0
222,27,116,2023-06-21,9,23180.0,502.24,4.7795,2400.45608,21604.10472,0.0
2752,13,104,2023-06-21,1,3713.0,742.54,4.7795,3548.9699299999997,3548.9699299999997,0.0
6074,42,114,2023-06-21,9,6834.3,152.46,4.7795,728.6825699999999,6558.1431299999995,0.0
2762,36,90,2023-06-21,6,450854.8,14083.78,4.7795,67313.42651,403880.55906,0.0
1053,12,65,2023-06-21,2,51115.0,5008.66,4.7795,23938.89047,47877.78094,0.0
8660,38,119,2023-06-22,10,30930.1,625.1,4.775,2984.8525000000004,29848.525000000005,0.0
5467,45,50,2023-06-22,13,146588.0,2179.61,4.775,10407.637750000002,135299.29075000001,0.0
3975,49,79,2023-06-22,15,992203.0,11724.63,4.775,55985.10825,839776.6237499999,0.0
7419,44,21,2023-06-22,3,24893.8,1674.22,4.775,7994.400500000001,23983.201500000003,0.0
9969,19,125,2023-06-22,14,47629.0,646.27,4.775,3085.9392500000004,43203.14950000001,0.0
7925,2,49,2023-06-22,4,53057.0,2627.0,4.775,12543.925000000001,50175.700000000004,0.0
5225,42,103,2023-06-22,8,14314.0,341.7,4.775,1631.6175,13052.94,0.0
2054,41,136,2023-06-22,11,21708.0,533.84,4.775,2549.0860000000002,28039.946000000004,6331.946000000004
8115,23,48,2023-06-22,8,111996.45,2836.04,4.775,13542.091,108336.728,0.0
3090,45,121,2023-06-22,2,7019.55,746.8,4.775,3565.9700000000003,7131.9400000000005,112.39000000000033
5470,45,6,2023-06-22,14,157208.85,2104.66,4.775,10049.7515,140696.521,0.0
7625,39,4,2023-06-22,15,48191.6,654.31,4.775,3124.33025,46864.95375,0.0
8178,26,135,2023-06-22,7,11512.0,328.1,4.775,1566.6775000000002,10966.742500000002,0.0
1521,49,7,2023-06-22,7,136631.0,3678.62,4.775,17565.4105,122957.87350000002,0.0
4392,23,20,2023-06-22,13,380793.25,5689.04,4.775,27165.166,353147.158,0.0
186,14,7,2023-06-23,10,185428.6,3678.62,4.7799,17583.435737999996,175834.35737999997,0.0
2396,34,45,2023-06-23,13,128748.0,1881.33,4.7799,8992.569266999999,116903.40047099999,0.0
3033,31,18,2023-06-23,9,227194.4,4834.43,4.7799,23108.091957,207972.827613,0.0
7892,12,53,2023-06-23,15,764868.75,10045.86,4.7799,48018.206214,720273.09321,0.0
4496,1,117,2023-06-23,11,45133.0,823.4,4.7799,3935.7696599999995,43293.466259999994,0.0
4953,43,125,2023-06-23,3,10206.0,646.27,4.7799,3089.1059729999997,9267.317919,0.0
9682,31,28,2023-06-23,8,108364.6,2723.39,4.7799,13017.531860999998,104140.25488799998,0.0
1035,42,131,2023-06-23,8,7709.0,196.2,4.7799,937.8163799999999,7502.531039999999,0.0
6077,19,66,2023-06-24,13,155259.45,2360.29,4.7799,11281.950170999999,146665.352223,0.0
9029,18,112,2023-06-24,6,12431.7,398.23,4.7799,1903.4995769999998,11420.997462,0.0
1469,45,124,2023-06-24,1,3770.0,725.63,4.7799,3468.4388369999997,3468.4388369999997,0.0
4922,25,126,2023-06-24,1,2677.0,467.05,4.7799,2232.452295,2232.452295,0.0
7989,21,36,2023-06-24,13,293818.0,4733.87,4.7799,22627.425213,294156.527769,338.52776899997843
6138,20,12,2023-06-24,7,18128.85,527.97,4.7799,2523.643803,17665.506621,0.0
195,9,81,2023-06-24,14,1710079.0,23345.09,4.7799,111587.19569099999,1562220.7396739998,0.0
4979,33,5,2023-06-24,4,94676.0,4920.79,4.7799,23520.884121,94083.536484,0.0
1526,26,139,2023-06-24,6,8549.0,246.89,4.7799,1180.1095109999999,7080.657066,0.0
7075,44,144,2023-06-24,14,29448.1,422.52,4.7799,2019.6033479999996,28274.446871999993,0.0
3024,35,1,2023-06-24,13,430593.0,6360.91,4.7799,30404.513708999995,395258.6782169999,0.0
9515,10,29,2023-06-24,5,182552.0,7689.63,4.7799,36755.662437,183778.312185,1226.312184999988
9791,9,23,2023-06-24,11,116816.75,2108.74,4.7799,10079.566325999998,110875.22958599999,0.0
7067,10,20,2023-06-24,3,92500.0,5689.04,4.7799,27193.042295999996,81579.12688799998,0.0
3050,25,125,2023-06-24,14,47629.0,646.27,4.7799,3089.1059729999997,43247.483622,0.0
6988,36,106,2023-06-25,5,20827.8,837.06,4.7799,4001.063093999999,20005.315469999994,0.0
2356,47,34,2023-06-25,3,14015.35,960.12,4.7799,4589.277588,13767.832763999999,0.0
1106,15,94,2023-06-25,8,309706.65,8022.13,4.7799,38344.979187,306759.833496,0.0
413,42,66,2023-06-25,6,71658.5,2360.29,4.7799,11281.950170999999,67691.701026,0.0
8679,41,106,2023-06-25,1,4165.75,837.06,4.7799,4001.063093999999,4001.063093999999,0.0
1295,5,139,2023-06-25,13,17596.85,246.89,4.7799,1180.1095109999999,15341.423642999998,0.0
3945,27,72,2023-06-25,10,946813.7,30675.48,4.7799,146625.726852,1466257.26852,519443.56852
4772,2,21,2023-06-26,9,78611.0,1674.22,4.7698,7985.694556,71871.251004,0.0
3328,43,69,2023-06-26,2,90530.0,9219.51,4.7698,43975.218798,87950.437596,0.0
8247,27,41,2023-06-26,8,84800.0,2005.71,4.7698,9566.835558,76534.684464,0.0
9279,6,63,2023-06-26,4,559831.0,27618.14,4.7698,131733.004172,526932.016688,0.0
7089,27,7,2023-06-26,12,234225.0,3678.62,4.7698,17546.281676,210555.38011199998,0.0
4160,34,139,2023-06-26,1,1425.0,246.89,4.7698,1177.615922,1177.615922,0.0
9348,18,79,2023-06-26,1,66147.0,11724.63,4.7698,55924.140174,55924.140174,0.0
562,16,99,2023-06-26,4,407613.65,21330.89,4.7698,101744.079122,406976.316488,0.0
6226,25,147,2023-06-26,15,43178.45,592.19,4.7698,2824.6278620000003,42369.41793,0.0
5241,9,116,2023-06-26,12,30906.0,502.24,4.7698,2395.584352,28747.012224,0.0
2813,46,26,2023-06-26,14,229866.75,3412.88,4.7698,16278.755024,227902.570336,0.0
5418,29,24,2023-06-27,1,23232.0,4129.65,4.7903,19782.262394999998,19782.262394999998,0.0
8125,44,111,2023-06-27,6,24425.45,821.82,4.7903,3936.7643460000004,23620.586076000003,0.0
8934,6,61,2023-06-27,6,168112.0,5396.92,4.7903,25852.865876,155117.195256,0.0
7585,27,90,2023-06-27,3,237292.0,14083.78,4.7903,67465.531334,202396.594002,0.0
4098,16,95,2023-06-27,7,488656.0,12945.63,4.7903,62013.451389,434094.159723,0.0
9823,7,16,2023-06-27,6,171034.2,5615.94,4.7903,26902.037382,161412.224292,0.0
6764,9,74,2023-06-27,2,173117.0,17160.36,4.7903,82203.27250800001,164406.54501600002,0.0
4816,22,114,2023-06-27,2,1599.0,152.46,4.7903,730.3291380000001,1460.6582760000001,0.0
1717,20,123,2023-06-27,7,19439.0,535.37,4.7903,2564.582911,17952.080377,0.0
8966,31,73,2023-06-28,4,572640.0,27541.35,4.8563,133749.058005,534996.23202,0.0
760,30,68,2023-06-28,10,635522.45,13998.43,4.8563,67980.575609,679805.75609,44283.306090000086
4446,4,95,2023-06-28,10,663176.0,12945.63,4.8563,62867.862968999994,628678.62969,0.0
4332,31,48,2023-06-28,13,181994.35,2836.04,4.8563,13772.661052,179044.593676,0.0
7784,41,27,2023-06-28,11,172544.7,3051.23,4.8563,14817.688249,162994.57073900002,0.0
569,24,12,2023-06-28,12,31078.3,527.97,4.8563,2563.980711,30767.768532000002,0.0
5906,3,85,2023-06-28,9,329847.6,7499.89,4.8563,36421.715807,327795.442263,0.0
4157,31,130,2023-06-28,9,35432.15,859.48,4.8563,4173.892724,37565.034516,2132.8845159999983
4878,29,7,2023-06-28,5,97594.0,3678.62,4.8563,17864.482305999998,89322.41152999998,0.0
284,37,85,2023-06-28,13,476446.85,7499.89,4.8563,36421.715807,473482.305491,0.0
6273,41,17,2023-06-28,14,196543.0,2833.14,4.8563,13758.577782,192620.088948,0.0
8164,47,55,2023-06-28,13,1358342.3,23326.09,4.8563,113278.490867,1472620.381271,114278.08127099997
2545,23,84,2023-06-28,2,86848.0,8663.64,4.8563,42073.234932,84146.469864,0.0
7746,26,9,2023-06-28,14,555877.0,7933.96,4.8563,38529.689948,539415.659272,0.0
572,7,138,2023-06-28,3,12549.0,836.88,4.8563,4064.140344,12192.421032,0.0
9717,28,46,2023-06-28,14,69773.0,1007.47,4.8563,4892.576561,68496.071854,0.0
4678,18,39,2023-06-28,14,414860.0,5270.87,4.8563,25596.925981,358356.963734,0.0
9091,10,22,2023-06-28,4,157811.0,7630.67,4.8563,37056.822721000004,148227.29088400002,0.0
1277,4,22,2023-06-28,5,197264.0,7630.67,4.8563,37056.822721000004,185284.11360500002,0.0
5980,14,132,2023-06-28,3,4454.55,276.61,4.8563,1343.3011430000001,4029.9034290000004,0.0
3109,44,47,2023-06-28,13,75618.1,1496.29,4.8563,7266.433127,94463.630651,18845.530650999994
8259,15,147,2023-06-29,12,34542.95,592.19,4.8584,2877.095896,34525.150752,0.0
8327,12,106,2023-06-29,2,8770.0,837.06,4.8584,4066.7723039999996,8133.544607999999,0.0
884,25,17,2023-06-29,5,66684.3,2833.14,4.8584,13764.527375999998,68822.63687999999,2138.336879999988
2352,27,73,2023-06-29,1,136002.0,27541.35,4.8584,133806.89484,133806.89484,0.0
1930,27,8,2023-06-29,14,69778.0,1006.07,4.8584,4887.890488,68430.466832,0.0
9908,32,32,2023-06-29,13,162532.0,2560.62,4.8584,12440.516208,161726.710704,0.0
789,4,80,2023-06-29,13,1679910.0,24177.04,4.8584,117461.73113599999,1527002.5047679998,0.0
2912,17,49,2023-06-29,5,63004.95,2627.0,4.8584,12763.0168,63815.083999999995,810.1339999999982
3680,40,6,2023-06-29,13,153663.0,2104.66,4.8584,10225.280143999998,132928.64187199998,0.0
6589,36,49,2023-06-29,2,25201.6,2627.0,4.8584,12763.0168,25526.0336,324.4336000000003
6069,43,134,2023-06-29,15,70764.0,899.33,4.8584,4369.304872,65539.57308,0.0
1971,39,102,2023-06-29,1,832.0,199.93,4.8584,971.3399119999999,971.3399119999999,139.3399119999999
4096,4,10,2023-06-29,8,243450.8,6594.15,4.8584,32037.018359999995,256296.14687999996,12845.346879999968
2062,20,75,2023-06-29,3,93389.75,6193.58,4.8584,30090.889071999998,90272.667216,0.0
4374,28,38,2023-06-29,8,201104.55,5097.21,4.8584,24764.285064,198114.280512,0.0
3252,35,129,2023-06-30,5,15514.45,598.62,4.8192,2884.8695040000002,14424.347520000001,0.0
5106,23,66,2023-06-30,7,83600.95,2360.29,4.8192,11374.709568,79622.966976,0.0
9769,34,112,2023-06-30,8,17448.0,398.23,4.8192,1919.1500160000003,15353.200128000002,0.0
6281,25,79,2023-06-30,13,816913.55,11724.63,4.8192,56503.336896,734543.379648,0.0
5328,7,51,2023-06-30,8,487608.4,12243.38,4.8192,59003.296896,472026.375168,0.0
5970,16,90,2023-06-30,13,976851.75,14083.78,4.8192,67872.552576,882343.1834880001,0.0
5930,42,19,2023-06-30,5,78053.9,3163.35,4.8192,15244.81632,76224.0816,0.0
1658,2,141,2023-06-30,15,68140.65,942.08,4.8192,4540.071936,68101.07904000001,0.0
6678,27,121,2023-06-30,7,25860.0,746.8,4.8192,3598.97856,25192.84992,0.0
4593,35,22,2023-06-30,5,197264.0,7630.67,4.8192,36773.724864,183868.62432,0.0
9993,23,86,2023-06-30,6,561139.0,17824.79,4.8192,85901.227968,515407.36780800007,0.0
5420,47,102,2023-06-30,3,2371.2,199.93,4.8192,963.5026560000001,2890.5079680000003,519.3079680000005
3933,20,31,2023-06-30,3,23606.55,2418.07,4.8192,11653.162944000002,34959.488832,11352.938832000003
6474,6,88,2023-06-30,7,338355.0,9954.59,4.8192,47973.160128,335812.120896,0.0
1001,11,40,2023-06-30,10,134748.0,2757.45,4.8192,13288.70304,132887.0304,0.0
7371,32,96,2023-06-30,5,353104.0,14776.4,4.8192,71210.42688,356052.1344,2948.134399999981
1941,35,17,2023-06-30,15,200052.9,2833.14,4.8192,13653.468288,204802.02432,4749.124320000003
1343,29,124,2023-06-30,12,45239.0,725.63,4.8192,3496.9560960000003,41963.473152000006,0.0
1275,21,81,2023-06-30,10,1221485.0,23345.09,4.8192,112504.657728,1125046.57728,0.0
981,15,15,2023-06-30,3,83699.0,5267.98,4.8192,25387.449216,76162.347648,0.0
9923,40,146,2023-06-30,8,3968.0,99.02,4.8192,477.197184,3817.577472,0.0
4609,11,26,2023-06-30,3,49257.5,3412.88,4.8192,16447.351296,49342.053888,84.55388800000219
6814,27,148,2023-07-01,13,59101.4,919.03,4.8192,4428.989376,57576.86188800001,0.0
4121,46,33,2023-07-01,8,51039.7,1268.8,4.8192,6114.600960000001,48916.807680000005,0.0
6718,23,95,2023-07-01,3,209424.0,12945.63,4.8192,62387.580096,187162.740288,0.0
147,24,129,2023-07-01,1,3102.7,598.62,4.8192,2884.8695040000002,2884.8695040000002,0.0
1867,49,52,2023-07-01,12,156226.55,2634.69,4.8192,12697.098048000002,152365.17657600003,0.0
7415,5,138,2023-07-01,4,16732.0,836.88,4.8192,4033.0920960000003,16132.368384000001,0.0
2600,25,137,2023-07-01,14,47397.0,619.79,4.8192,2986.891968,41816.487552,0.0
3979,11,148,2023-07-01,9,43070.0,919.03,4.8192,4428.989376,39860.904384,0.0
7118,28,98,2023-07-01,11,829323.4,15262.93,4.8192,73555.11225600001,809106.2348160001,0.0
3620,6,6,2023-07-01,9,106382.0,2104.66,4.8192,10142.777472,91284.997248,0.0
246,28,137,2023-07-01,14,47397.0,619.79,4.8192,2986.891968,41816.487552,0.0
7945,32,76,2023-07-01,13,1830248.15,27945.06,4.8192,134672.833152,1750746.830976,0.0
1508,2,117,2023-07-01,9,35080.65,823.4,4.8192,3968.12928,35713.16352,632.5135200000004
2141,10,91,2023-07-01,3,384425.1,26303.31,4.8192,126760.91155200002,380282.73465600004,0.0
8352,44,96,2023-07-02,2,141242.0,14776.4,4.8192,71210.42688,142420.85376,1178.8537599999981
1074,14,74,2023-07-02,1,82231.05,17160.36,4.8192,82699.20691200001,82699.20691200001,468.15691200000583
807,16,140,2023-07-02,4,11911.1,586.81,4.8192,2827.954752,11311.819008,0.0
5599,36,29,2023-07-02,5,173424.4,7689.63,4.8192,37057.86489600001,185289.32448000004,11864.924480000045
1187,3,65,2023-07-02,4,102231.0,5008.66,4.8192,24137.734272,96550.937088,0.0
2872,39,37,2023-07-02,9,51878.55,1181.71,4.8192,5694.896832,51254.071488,0.0
4624,20,28,2023-07-02,4,57034.0,2723.39,4.8192,13124.561088,52498.244352,0.0
3431,28,119,2023-07-02,14,45581.0,625.1,4.8192,3012.48192,42174.746880000006,0.0
651,6,34,2023-07-02,12,59010.0,960.12,4.8192,4627.010304,55524.12364800001,0.0
2827,45,13,2023-07-02,6,44158.85,1356.5,4.8192,6537.2448,39223.4688,0.0
3996,16,141,2023-07-02,5,22713.55,942.08,4.8192,4540.071936,22700.35968,0.0
2583,44,91,2023-07-02,2,256283.4,26303.31,4.8192,126760.91155200002,253521.82310400004,0.0
7638,1,82,2023-07-03,1,51634.0,9770.29,4.7876,46776.240404000004,46776.240404000004,0.0
7706,34,88,2023-07-03,8,386692.0,9954.59,4.7876,47658.595084,381268.760672,0.0
3163,34,33,2023-07-03,10,63800.1,1268.8,4.7876,6074.50688,60745.0688,0.0
8534,13,19,2023-07-03,9,140496.45,3163.35,4.7876,15144.85446,136303.69014,0.0
6775,41,18,2023-07-03,4,106290.0,4834.43,4.7876,23145.317068000004,92581.26827200002,0.0
1487,49,129,2023-07-03,13,40337.95,598.62,4.7876,2865.953112,37257.390456,0.0
7484,21,3,2023-07-03,4,36097.0,1753.77,4.7876,8396.349252,33585.397008,0.0
5043,39,45,2023-07-03,12,112902.75,1881.33,4.7876,9007.055508,108084.666096,0.0
6859,8,87,2023-07-03,5,317585.0,11794.37,4.7876,56466.725812000004,282333.62906,0.0
4917,48,76,2023-07-03,10,1407882.9,27945.06,4.7876,133789.76925600003,1337897.6925600003,0.0
4421,42,61,2023-07-03,15,399265.05,5396.92,4.7876,25838.294192,387574.41288,0.0
9824,42,50,2023-07-03,15,169140.0,2179.61,4.7876,10435.100836000001,156526.51254000003,0.0
2177,40,26,2023-07-03,1,16418.85,3412.88,4.7876,16339.504288000002,16339.504288000002,0.0
9298,27,85,2023-07-03,6,219898.4,7499.89,4.7876,35906.473364000005,215438.84018400003,0.0
8923,41,70,2023-07-03,1,34355.0,6655.06,4.7876,31861.765256000002,31861.765256000002,0.0
9070,44,71,2023-07-03,11,1431915.0,27014.91,4.7876,129336.58311600001,1422702.414276,0.0
9200,19,114,2023-07-03,4,3037.15,152.46,4.7876,729.917496,2919.669984,0.0
3619,42,78,2023-07-04,4,487046.0,23053.04,4.8056,110783.689024,443134.756096,0.0
6829,39,108,2023-07-04,6,20073.0,653.47,4.8056,3140.3154320000003,18841.892592000004,0.0
5534,16,139,2023-07-04,7,9974.0,246.89,4.8056,1186.454584,8305.182088000001,0.0
5687,13,107,2023-07-04,7,10594.0,295.48,4.8056,1419.9586880000002,9939.710816,0.0
4187,13,121,2023-07-04,4,14777.0,746.8,4.8056,3588.82208,14355.28832,0.0
1679,43,116,2023-07-04,11,26914.45,502.24,4.8056,2413.5645440000003,26549.209984000005,0.0
2384,43,42,2023-07-04,6,35957.0,1263.57,4.8056,6072.211992,36433.271951999996,476.2719519999955
9592,38,69,2023-07-04,7,301012.25,9219.51,4.8056,44305.277256,310136.94079200004,9124.690792000038
3608,3,26,2023-07-04,9,155549.0,3412.88,4.8056,16400.936128,147608.425152,0.0
3456,45,138,2023-07-04,10,39738.5,836.88,4.8056,4021.710528,40217.10528,478.6052800000034
2516,4,101,2023-07-04,2,927.0,87.95,4.8056,422.65252000000004,845.3050400000001,0.0
3831,49,129,2023-07-04,13,40337.95,598.62,4.8056,2876.7282720000003,37397.467536000004,0.0
9326,18,5,2023-07-04,14,331366.0,4920.79,4.8056,23647.348424,331062.877936,0.0
2739,24,98,2023-07-04,4,301572.75,15262.93,4.8056,73347.536408,293390.145632,0.0
4367,5,31,2023-07-04,1,7868.85,2418.07,4.8056,11620.277192000001,11620.277192000001,3751.427192000001
7259,44,74,2023-07-05,15,1298378.0,17160.36,4.8577,83359.880772,1250398.2115800001,0.0
4691,10,32,2023-07-05,4,47509.5,2560.62,4.8577,12438.723774,49754.895096,2245.395096
4505,35,119,2023-07-05,7,22791.0,625.1,4.8577,3036.5482700000002,21255.837890000003,0.0
5047,9,27,2023-07-05,1,16511.0,3051.23,4.8577,14821.959971000002,14821.959971000002,0.0
5188,44,142,2023-07-05,8,6611.0,160.09,4.8577,777.6691930000001,6221.3535440000005,0.0
9899,2,16,2023-07-05,11,330066.0,5615.94,4.8577,27280.551738,300086.069118,0.0
6888,8,30,2023-07-05,9,290231.0,5636.75,4.8577,27381.640475000004,246434.76427500002,0.0
8839,40,149,2023-07-05,7,8145.0,225.94,4.8577,1097.548738,7682.841166,0.0
3784,37,127,2023-07-05,8,11775.25,296.24,4.8577,1439.0450480000002,11512.360384000001,0.0
8911,48,85,2023-07-05,1,36650.05,7499.89,4.8577,36432.21565300001,36432.21565300001,0.0
6477,46,29,2023-07-05,5,182552.0,7689.63,4.8577,37353.915651,186769.578255,4217.578255
5667,42,26,2023-07-05,2,32837.7,3412.88,4.8577,16578.747176,33157.494352,319.79435200000444
8862,2,17,2023-07-05,4,56155.0,2833.14,4.8577,13762.544178,55050.176712,0.0
2705,41,110,2023-07-05,9,22460.0,476.03,4.8577,2312.410931,20811.698378999998,0.0
8042,23,9,2023-07-06,8,301761.8,7933.96,4.8977,38858.155892,310865.247136,9103.447136000032
2536,49,24,2023-07-06,13,302018.0,4129.65,4.8977,20225.786805,262935.228465,0.0
5620,32,105,2023-07-06,12,3528.3,62.64,4.8977,306.79192800000004,3681.5031360000003,153.2031360000001
6587,42,128,2023-07-06,8,35345.7,853.09,4.8977,4178.178893,33425.431144,0.0
4559,29,129,2023-07-06,15,48993.0,598.62,4.8977,2931.861174,43977.917610000004,0.0
1934,26,98,2023-07-06,13,1031695.0,15262.93,4.8977,74753.252261,971792.2793930001,0.0
1426,19,22,2023-07-06,11,433981.0,7630.67,4.8977,37372.732459000006,411100.05704900005,0.0
2857,24,23,2023-07-06,3,33536.0,2108.74,4.8977,10327.975898,30983.927694,0.0
2555,17,58,2023-07-06,9,979421.0,20157.55,4.8977,98725.632635,888530.6937150001,0.0
6452,28,69,2023-07-06,8,362120.0,9219.51,4.8977,45154.39412700001,361235.15301600005,0.0
1822,10,61,2023-07-06,6,168112.0,5396.92,4.8977,26432.495084000002,158594.97050400003,0.0
3899,3,114,2023-07-06,3,2278.1,152.46,4.8977,746.7033420000001,2240.1100260000003,0.0
9449,36,118,2023-07-07,5,21576.0,797.41,4.8799,3891.281059,19456.405295,0.0
3564,37,117,2023-07-07,10,41030.0,823.4,4.8799,4018.10966,40181.096600000004,0.0
7587,44,149,2023-07-07,6,6632.9,225.94,4.8799,1102.564606,6615.3876359999995,0.0
5752,29,122,2023-07-07,9,11902.0,266.89,4.8799,1302.396511,11721.568598999998,0.0
7537,18,44,2023-07-07,11,112931.25,1963.02,4.8799,9579.341298,105372.754278,0.0
4884,17,16,2023-07-07,7,210042.0,5615.94,4.8799,27405.225606,191836.579242,0.0
6666,43,103,2023-07-07,11,19681.0,341.7,4.8799,1667.46183,18342.08013,0.0
3108,7,139,2023-07-07,14,18950.6,246.89,4.8799,1204.798511,16867.179153999998,0.0
8852,16,113,2023-07-07,8,35160.0,815.5,4.8799,3979.55845,31836.4676,0.0
5068,9,76,2023-07-07,14,2074775.0,27945.06,4.8799,136369.098294,1909167.3761159999,0.0
9347,3,122,2023-07-07,4,5290.0,266.89,4.8799,1302.396511,5209.586044,0.0
3956,41,29,2023-07-07,6,208108.9,7689.63,4.8799,37524.625437,225147.752622,17038.852622000006
722,24,10,2023-07-08,6,182588.1,6594.15,4.8799,32178.792585,193072.75551,10484.655509999982
6250,8,149,2023-07-08,4,4421.3,225.94,4.8799,1102.564606,4410.258424,0.0
7473,42,4,2023-07-08,10,33819.0,654.31,4.8799,3192.967369,31929.67369,0.0
1983,29,60,2023-07-08,8,826508.55,19341.09,4.8799,94382.585091,755060.680728,0.0
2519,45,135,2023-07-08,11,17185.5,328.1,4.8799,1601.0951900000002,17612.047090000004,426.54709000000366
8360,24,146,2023-07-08,11,5456.0,99.02,4.8799,483.207698,5315.284678,0.0
355,8,141,2023-07-08,8,36341.3,942.08,4.8799,4597.256192000001,36778.049536000006,436.749536000003
6111,28,101,2023-07-08,12,5282.95,87.95,4.8799,429.187205,5150.24646,0.0
4812,44,143,2023-07-08,5,22182.0,896.83,4.8799,4376.440717,21882.203585000003,0.0
9448,38,37,2023-07-08,6,36406.0,1181.71,4.8799,5766.626629,34599.759774000006,0.0
8392,42,128,2023-07-08,14,61854.5,853.09,4.8799,4162.993891,58281.914474000005,0.0
5449,13,135,2023-07-08,6,9867.0,328.1,4.8799,1601.0951900000002,9606.571140000002,0.0
1241,47,123,2023-07-09,7,18467.05,535.37,4.8799,2612.552063,18287.864441,0.0
9852,26,133,2023-07-09,1,1893.0,348.47,4.8799,1700.498753,1700.498753,0.0
2524,1,89,2023-07-09,5,393390.0,14832.32,4.8799,72380.238368,361901.19184000004,0.0
3855,23,46,2023-07-09,9,42611.3,1007.47,4.8799,4916.352853,44247.17567700001,1635.8756770000036
5220,17,120,2023-07-09,11,32650.55,586.85,4.8799,2863.769315,31501.462465,0.0
5776,23,31,2023-07-09,14,110165.8,2418.07,4.8799,11799.939793000001,165199.15710200003,55033.35710200002
5177,45,55,2023-07-09,11,1209859.0,23326.09,4.8799,113828.98659100001,1252118.852501,42259.852501000045
791,48,7,2023-07-09,1,19519.0,3678.62,4.8799,17951.297738,17951.297738,0.0
3650,22,86,2023-07-09,5,467616.0,17824.79,4.8799,86983.192721,434915.963605,0.0
5978,20,143,2023-07-09,3,13309.0,896.83,4.8799,4376.440717,13129.322151,0.0
4682,45,1,2023-07-09,12,377596.5,6360.91,4.8799,31040.604709,372487.25650799996,0.0
2477,35,18,2023-07-10,4,106290.0,4834.43,4.8735,23560.594605000002,94242.37842000001,0.0
2320,41,138,2023-07-10,7,27816.95,836.88,4.8735,4078.5346799999998,28549.742759999997,732.7927599999966
3295,17,18,2023-07-10,7,186007.0,4834.43,4.8735,23560.594605000002,164924.16223500003,0.0
6391,15,92,2023-07-10,13,1155103.0,16745.97,4.8735,81611.48479500001,1060949.3023350001,0.0
9108,26,116,2023-07-10,9,22021.0,502.24,4.8735,2447.66664,22028.99976,7.999759999998787
1761,21,89,2023-07-10,12,896930.15,14832.32,4.8735,72285.31152,867423.7382400001,0.0
1181,46,70,2023-07-10,9,293739.05,6655.06,4.8735,32433.43491,291900.91419,0.0
178,6,143,2023-07-10,6,25288.05,896.83,4.8735,4370.701005,26224.20603,936.1560300000019
8615,29,17,2023-07-10,14,186715.85,2833.14,4.8735,13807.307789999999,193302.30906,6586.459059999994
5715,13,67,2023-07-10,4,325998.2,16720.73,4.8735,81488.477655,325953.91062,0.0
6367,5,42,2023-07-10,3,17080.05,1263.57,4.8735,6158.008395,18474.025185,1393.9751849999993
1676,23,2,2023-07-10,13,181976.0,2829.74,4.8735,13790.737889999999,179279.59256999998,0.0
487,42,104,2023-07-11,7,25991.0,742.54,4.8949,3634.6590459999998,25442.613321999997,0.0
9007,6,93,2023-07-11,8,803816.0,19409.47,4.8949,95007.414703,760059.317624,0.0
5385,20,124,2023-07-11,2,7163.0,725.63,4.8949,3551.886287,7103.772574,0.0
8745,35,78,2023-07-11,10,1156735.2,23053.04,4.8949,112842.325496,1128423.25496,0.0
2376,41,112,2023-07-11,9,18647.55,398.23,4.8949,1949.296027,17543.664243,0.0
383,24,121,2023-07-11,5,18471.0,746.8,4.8949,3655.5113199999996,18277.556599999996,0.0
732,35,64,2023-07-11,12,1271163.65,21352.22,4.8949,104516.981678,1254203.780136,0.0
6748,39,18,2023-07-11,1,25243.4,4834.43,4.8949,23664.051407,23664.051407,0.0
3076,22,89,2023-07-11,4,298976.4,14832.32,4.8949,72602.723168,290410.892672,0.0
3849,26,52,2023-07-11,7,95929.0,2634.69,4.8949,12896.544081,90275.808567,0.0
9337,38,92,2023-07-11,3,266562.0,16745.97,4.8949,81969.848553,245909.545659,0.0
7425,3,48,2023-07-11,5,69997.9,2836.04,4.8949,13882.132195999999,69410.66097999999,0.0
4370,48,12,2023-07-11,8,20718.55,527.97,4.8949,2584.360353,20674.882824,0.0
5626,38,57,2023-07-11,2,237581.0,22497.79,4.8949,110124.432271,220248.864542,0.0
7081,42,29,2023-07-12,3,104054.45,7689.63,4.8058,36954.823853999995,110864.47156199999,6810.021561999994
4813,44,85,2023-07-12,15,549746.0,7499.89,4.8058,36042.971362,540644.57043,0.0
9300,34,35,2023-07-12,14,154077.0,2106.85,4.8058,10125.099729999998,141751.39621999997,0.0
5777,21,77,2023-07-12,3,127408.3,8959.75,4.8058,43058.76655,129176.29965,1767.999649999998
9152,39,81,2023-07-12,8,928328.6,23345.09,4.8058,112191.83352199999,897534.6681759999,0.0
4304,15,138,2023-07-12,14,55634.85,836.88,4.8058,4021.8779039999995,56306.29065599999,671.4406559999916
2399,41,36,2023-07-12,11,248615.0,4733.87,4.8058,22750.032445999997,250250.35690599997,1635.3569059999718
4587,44,125,2023-07-12,4,13608.0,646.27,4.8058,3105.844366,12423.377464,0.0
4729,40,2,2023-07-12,13,181976.0,2829.74,4.8058,13599.164491999998,176789.13839599997,0.0
8134,9,40,2023-07-12,1,13474.8,2757.45,4.8058,13251.753209999999,13251.753209999999,0.0
4359,7,58,2023-07-12,2,206766.55,20157.55,4.8058,96873.15378999998,193746.30757999996,0.0
4097,12,59,2023-07-12,4,348665.0,16694.98,4.8058,80232.73488399999,320930.93953599996,0.0
6898,41,138,2023-07-12,13,54380.0,836.88,4.8058,4021.8779039999995,52284.412752,0.0
8659,26,84,2023-07-12,8,330021.45,8663.64,4.8058,41635.72111199999,333085.76889599994,3064.3188959999243
8351,32,52,2023-07-12,13,178153.0,2634.69,4.8058,12661.793201999999,164603.31162599998,0.0
7785,25,69,2023-07-13,15,678975.0,9219.51,4.8038,44288.682138,664330.2320699999,0.0
8155,23,125,2023-07-13,2,6463.8,646.27,4.8038,3104.551826,6209.103652,0.0
6548,41,1,2023-07-13,5,157332.35,6360.91,4.8038,30556.539458,152782.69728999998,0.0
2024,31,33,2023-07-13,7,47010.0,1268.8,4.8038,6095.0614399999995,42665.43008,0.0
6279,35,66,2023-07-13,13,155259.45,2360.29,4.8038,11338.361101999999,147398.694326,0.0
3134,39,139,2023-07-13,4,5415.0,246.89,4.8038,1186.010182,4744.040728,0.0
3865,12,100,2023-07-13,1,99370.0,19807.28,4.8038,95150.21166399999,95150.21166399999,0.0
3349,1,109,2023-07-13,7,4359.0,169.23,4.8038,812.9470739999999,5690.629518,1331.6295179999997
1481,22,44,2023-07-13,4,41065.65,1963.02,4.8038,9429.955476,37719.821904,0.0
4536,27,70,2023-07-13,15,489564.45,6655.06,4.8038,31969.577228000002,479543.65842000005,0.0
1328,33,48,2023-07-14,12,176836.0,2836.04,4.7957,13600.797028,163209.564336,0.0
6960,42,22,2023-07-14,6,236717.0,7630.67,4.7957,36594.404119,219566.424714,0.0
9759,22,105,2023-07-14,15,4643.0,62.64,4.7957,300.402648,4506.03972,0.0
2189,46,115,2023-07-14,1,831.0,160.69,4.7957,770.621033,770.621033,0.0
4591,31,54,2023-07-14,11,1270038.85,23191.9,4.7957,111221.39483,1223435.34313,0.0
978,23,112,2023-07-14,8,16575.6,398.23,4.7957,1909.791611,15278.332888,0.0
8636,13,19,2023-07-14,6,98594.0,3163.35,4.7957,15170.477595,91022.86557,0.0
6018,16,85,2023-07-14,15,578680.0,7499.89,4.7957,35967.222473,539508.3370950001,0.0
6529,43,128,2023-07-14,3,13952.0,853.09,4.7957,4091.1637130000004,12273.491139000002,0.0
7505,44,48,2023-07-14,2,27999.35,2836.04,4.7957,13600.797028,27201.594056,0.0
2862,14,100,2023-07-15,12,1192442.85,19807.28,4.7957,94989.772696,1139877.272352,0.0
267,41,101,2023-07-15,14,6488.0,96.64,4.7957,463.456448,6488.390272000001,0.3902720000005502
1885,18,130,2023-07-15,11,45585.0,859.48,4.7957,4121.808236,45339.890596,0.0
6104,39,63,2023-07-15,2,279915.0,27618.14,4.7957,132448.313998,264896.627996,0.0
8463,20,19,2023-07-15,12,197188.0,3163.35,4.7957,15170.477595,182045.73114,0.0
7234,30,60,2023-07-15,8,870009.0,19341.09,4.7957,92754.065313,742032.522504,0.0
9014,6,124,2023-07-15,10,37699.0,725.63,4.7957,3479.903791,34799.03791,0.0
3704,49,9,2023-07-15,1,37720.7,7933.96,4.7957,38048.891972,38048.891972,328.19197200000053
2833,12,19,2023-07-15,13,213621.0,3163.35,4.7957,15170.477595,197216.208735,0.0
4652,15,122,2023-07-15,3,3768.65,270.21,4.7957,1295.8460969999999,3887.538291,118.88829099999975
4136,30,99,2023-07-15,1,101903.65,21330.89,4.7957,102296.54917299999,102296.54917299999,392.899172999998
8289,8,99,2023-07-15,9,917130.0,21330.89,4.7957,102296.54917299999,920668.942557,3538.942556999973
1392,22,25,2023-07-15,11,133391.0,2389.36,4.7957,11458.653752,126045.191272,0.0
5185,47,13,2023-07-15,1,7747.0,1356.5,4.7957,6505.36705,6505.36705,0.0
988,15,117,2023-07-16,10,41030.0,823.4,4.7957,3948.77938,39487.7938,0.0
6320,5,29,2023-07-16,14,511145.0,7689.63,4.7957,36877.158591,516280.22027399996,5135.220273999963
19,37,100,2023-07-16,2,198740.0,19807.28,4.7957,94989.772696,189979.545392,0.0
1670,48,70,2023-07-16,7,240488.0,6655.06,4.7957,31915.671242000004,223409.69869400002,0.0
7848,36,57,2023-07-16,14,1579914.6,22497.79,4.7957,107892.651503,1510497.1210420001,0.0
547,10,25,2023-07-16,1,11519.7,2389.36,4.7957,11458.653752,11458.653752,0.0
5190,46,82,2023-07-16,2,103268.0,9770.29,4.7957,46855.37975300001,93710.75950600002,0.0
5206,41,115,2023-07-16,3,2367.4,160.69,4.7957,770.621033,2311.863099,0.0
6792,12,26,2023-07-16,7,120982.0,3412.88,4.7957,16367.148616,114570.040312,0.0
8100,11,90,2023-07-16,8,601140.05,14083.78,4.7957,67541.583746,540332.669968,0.0
9649,33,75,2023-07-16,7,229379.0,6193.58,4.7957,29702.551606,207917.861242,0.0
8979,44,108,2023-07-16,11,34960.95,653.47,4.7957,3133.8460790000004,34472.30686900001,0.0
5729,34,135,2023-07-16,2,3124.55,328.1,4.7957,1573.46917,3146.93834,22.38833999999997
6213,25,81,2023-07-16,7,812287.05,23345.09,4.7957,111956.048113,783692.336791,0.0
5995,34,58,2023-07-16,5,544123.0,20157.55,4.7957,96669.562535,483347.81267500005,0.0
8464,27,12,2023-07-16,3,7770.05,527.97,4.7957,2531.985729,7595.957187,0.0
9549,7,149,2023-07-16,6,6632.9,225.94,4.7957,1083.540458,6501.242748,0.0
7697,23,120,2023-07-16,12,37494.0,586.85,4.7957,2814.356545,33772.27854,0.0
8928,14,60,2023-07-17,5,543755.0,19341.09,4.8302,93421.332918,467106.66459,0.0
7874,15,92,2023-07-17,8,710833.0,16745.97,4.8302,80886.384294,647091.074352,0.0
57,40,110,2023-07-17,11,27451.0,476.03,4.8302,2299.3201059999997,25292.521165999995,0.0
8404,23,19,2023-07-17,7,115026.0,3163.35,4.8302,15279.613169999999,106957.29219,0.0
9698,8,43,2023-07-17,1,33342.15,6219.32,4.8302,30040.559463999994,30040.559463999994,0.0
1837,30,49,2023-07-17,7,92850.0,2627.0,4.8302,12688.935399999998,88822.54779999999,0.0
229,42,100,2023-07-17,4,418401.0,19807.28,4.8302,95673.12385599999,382692.49542399996,0.0
9172,35,74,2023-07-17,15,1298378.0,17160.36,4.8302,82887.97087199999,1243319.5630799998,0.0
1882,26,75,2023-07-17,1,31129.6,6193.58,4.8302,29916.230116,29916.230116,0.0
1280,14,17,2023-07-17,9,126349.0,2833.14,4.8302,13684.632827999998,123161.69545199999,0.0
5717,36,149,2023-07-17,11,12160.0,225.94,4.8302,1091.335388,12004.689268,0.0
9083,7,128,2023-07-18,2,9301.0,853.09,4.804,4098.244360000001,8196.488720000001,0.0
9477,29,52,2023-07-18,15,195283.9,2634.69,4.804,12657.05076,189855.7614,0.0
1938,17,1,2023-07-18,3,99368.0,6360.91,4.804,30557.81164,91673.43492,0.0
6698,48,50,2023-07-18,2,22552.0,2179.61,4.804,10470.846440000001,20941.692880000002,0.0
1122,16,38,2023-07-18,9,238150.0,5097.21,4.804,24486.99684,220382.97156,0.0
4499,18,112,2023-07-18,15,31078.3,398.23,4.804,1913.0969200000002,28696.453800000003,0.0
6849,49,128,2023-07-18,1,4651.0,853.09,4.804,4098.244360000001,4098.244360000001,0.0
4032,35,108,2023-07-18,2,6691.0,653.47,4.804,3139.2698800000003,6278.539760000001,0.0
2473,42,29,2023-07-18,11,381533.3,7689.63,4.804,36940.982520000005,406350.80772000004,24817.507720000052
30,38,35,2023-07-18,15,165083.0,2106.85,4.804,10121.3074,151819.611,0.0
4817,20,69,2023-07-18,4,172007.0,9219.51,4.804,44290.526040000004,177162.10416000002,5155.104160000017
6940,32,149,2023-07-18,8,8843.55,225.94,4.804,1085.41576,8683.32608,0.0
6149,1,64,2023-07-18,8,847441.8,21352.22,4.804,102576.06488,820608.51904,0.0
1482,36,99,2023-07-18,15,1609000.0,21330.89,4.804,102473.59556,1537103.9334,0.0
402,13,85,2023-07-18,1,36650.05,7499.89,4.804,36029.471560000005,36029.471560000005,0.0
1660,31,79,2023-07-18,1,62839.65,11724.63,4.804,56325.12252,56325.12252,0.0
7170,15,52,2023-07-18,10,130188.95,2634.69,4.804,12657.05076,126570.5076,0.0
6689,22,56,2023-07-19,4,171955.0,8087.59,4.8,38820.432,155281.728,0.0
4092,42,134,2023-07-19,8,37741.0,899.33,4.8,4316.784,34534.272,0.0
2963,19,53,2023-07-19,1,50991.25,10045.86,4.8,48220.128000000004,48220.128000000004,0.0
9544,6,33,2023-07-19,14,89319.95,1268.8,4.8,6090.24,85263.36,0.0
9619,22,31,2023-07-19,1,8283.0,1724.43,4.8,8277.264,8277.264,0.0
2382,36,88,2023-07-19,1,45919.2,9954.59,4.8,47782.032,47782.032,1862.8320000000022
7487,16,27,2023-07-19,8,125487.4,3051.23,4.8,14645.904,117167.232,0.0
1189,4,94,2023-07-19,15,580699.85,8022.13,4.8,38506.224,577593.36,0.0
4960,22,108,2023-07-19,12,40147.0,653.47,4.8,3136.656,37639.872,0.0
1205,39,75,2023-07-19,2,62260.15,6193.58,4.8,29729.183999999997,59458.367999999995,0.0
404,46,5,2023-07-19,7,157398.85,4920.79,4.8,23619.791999999998,165338.544,7939.693999999989
307,10,144,2023-07-19,4,8857.0,422.52,4.8,2028.0959999999998,8112.383999999999,0.0
2755,7,124,2023-07-19,9,32232.55,725.63,4.8,3483.024,31347.216,0.0
4931,40,27,2023-07-19,3,49534.0,3051.23,4.8,14645.904,43937.712,0.0
8877,22,116,2023-07-20,12,30906.0,502.24,4.7888,2405.126912,28861.522944000004,0.0
7873,13,113,2023-07-20,4,16701.0,815.5,4.7888,3905.2664,15621.0656,0.0
9658,27,99,2023-07-20,11,1179933.0,21330.89,4.7888,102149.366032,1123643.026352,0.0
8780,18,145,2023-07-20,10,41324.05,820.56,4.7888,3929.497728,39294.97728,0.0
7456,7,102,2023-07-20,6,4742.4,199.93,4.7888,957.424784,5744.548704000001,1002.1487040000011
5231,28,72,2023-07-20,4,378726.05,30675.48,4.7888,146898.738624,587594.954496,208868.90449599997
5768,49,111,2023-07-20,4,16283.95,821.82,4.7888,3935.531616,15742.126464,0.0
6631,28,47,2023-07-20,11,63985.35,1496.29,4.7888,7165.433552,78819.76907200001,14834.419072000012
9366,17,8,2023-07-20,15,71023.9,1006.07,4.7888,4817.868016,72268.02024000001,1244.1202400000184
5081,36,82,2023-07-20,5,258170.0,9770.29,4.7888,46787.96475200001,233939.82376000003,0.0
1492,45,28,2023-07-20,3,42776.0,2723.39,4.7888,13041.770032,39125.310096,0.0
1507,7,110,2023-07-20,5,12478.0,476.03,4.7888,2279.612464,11398.062319999999,0.0
8546,21,91,2023-07-20,11,1409558.7,26303.31,4.7888,125961.29092800002,1385574.2002080001,0.0
1004,39,94,2023-07-20,1,40751.0,8022.13,4.7888,38416.376144,38416.376144,0.0
825,22,61,2023-07-20,15,420279.0,5396.92,4.7888,25844.770496,387671.55744,0.0
926,38,144,2023-07-20,5,10517.45,422.52,4.7888,2023.363776,10116.818879999999,0.0
7156,29,91,2023-07-20,5,674430.0,26303.31,4.7888,125961.29092800002,629806.4546400001,0.0
4192,5,25,2023-07-20,10,121265.0,2389.36,4.7888,11442.167168000002,114421.67168000001,0.0
7977,5,32,2023-07-21,5,62512.0,2560.62,4.7732,12222.351384,61111.75692,0.0
761,40,2,2023-07-21,1,13298.1,2829.74,4.7732,13506.914968,13506.914968,208.81496799999877
8151,22,28,2023-07-21,9,128327.0,2723.39,4.7732,12999.285147999999,116993.56633199999,0.0
484,22,110,2023-07-21,6,14224.35,476.03,4.7732,2272.186396,13633.118376,0.0
6921,10,64,2023-07-21,7,741512.05,21352.22,4.7732,101918.41650400001,713428.9155280001,0.0
8555,25,148,2023-07-21,7,33499.0,919.03,4.7732,4386.713996,30706.997972000005,0.0
2315,18,38,2023-07-21,3,75413.85,5097.21,4.7732,24330.002772,72990.00831599999,0.0
8836,46,42,2023-07-21,15,85398.35,1263.57,4.7732,6031.272324,90469.08485999999,5070.734859999982
531,13,19,2023-07-21,10,164324.0,3163.35,4.7732,15099.30222,150993.0222,0.0
8635,19,89,2023-07-21,1,74744.1,14832.32,4.7732,70797.629824,70797.629824,0.0
7315,3,30,2023-07-21,7,225735.0,5636.75,4.7732,26905.3351,188337.3457,0.0
5337,19,12,2023-07-21,15,40893.0,527.97,4.7732,2520.106404,37801.59606,0.0
9329,34,44,2023-07-21,2,21614.0,1963.02,4.7732,9369.887064,18739.774128,0.0
1980,19,47,2023-07-21,11,63985.35,1496.29,4.7732,7142.091428,78563.005708,14577.655707999998
3570,24,15,2023-07-21,9,238543.1,5267.98,4.7732,25145.122135999998,226306.09922399998,0.0
8298,18,39,2023-07-21,1,29633.0,5270.87,4.7732,25158.916684,25158.916684,0.0
3441,24,87,2023-07-22,12,762203.05,11794.37,4.7732,56296.88688400001,675562.6426080001,0.0
3031,3,95,2023-07-22,2,132635.2,12945.63,4.7732,61792.081116,123584.162232,0.0
7056,26,119,2023-07-22,15,48837.0,625.1,4.7732,2983.72732,44755.9098,0.0
2575,48,128,2023-07-22,7,32555.0,853.09,4.7732,4071.969188,28503.784316,0.0
6370,39,49,2023-07-22,5,66321.0,2627.0,4.7732,12539.1964,62695.982,0.0
8974,1,139,2023-07-22,5,6767.8,246.89,4.7732,1178.455348,5892.276739999999,0.0
5031,24,55,2023-07-22,13,1358342.3,23326.09,4.7732,111340.09278800001,1447421.2062440002,89078.90624400019
3062,8,43,2023-07-22,3,100026.45,6219.32,4.7732,29686.058224,89058.174672,0.0
1365,37,111,2023-07-22,7,28497.15,821.82,4.7732,3922.711224,27458.978568000002,0.0
7192,26,145,2023-07-22,7,28926.55,820.56,4.7732,3916.6969919999997,27416.878943999996,0.0
118,18,122,2023-07-22,10,13225.0,270.21,4.7732,1289.7663719999998,12897.663719999999,0.0
7204,7,2,2023-07-22,2,26596.2,2829.74,4.7732,13506.914968,27013.829936,417.62993599999754
2442,45,15,2023-07-22,14,371067.15,5267.98,4.7732,25145.122135999998,352031.709904,0.0
454,39,29,2023-07-22,12,416217.8,7689.63,4.7732,36704.141916,440449.70299200004,24231.902992000047
2288,28,108,2023-07-22,4,13382.0,653.47,4.7732,3119.143004,12476.572016,0.0
7862,12,35,2023-07-22,14,146373.15,2106.85,4.7732,10056.41642,140789.82988,0.0
3414,40,138,2023-07-22,8,33464.0,836.88,4.7732,3994.595616,31956.764928,0.0
6357,13,122,2023-07-22,3,3768.65,270.21,4.7732,1289.7663719999998,3869.2991159999992,100.64911599999914
4509,7,84,2023-07-23,6,247515.85,8663.64,4.7732,41353.286448,248119.718688,603.8686879999877
4284,46,60,2023-07-23,1,103313.45,19341.09,4.7732,92318.890788,92318.890788,0.0
8361,21,59,2023-07-23,5,414039.45,16694.98,4.7732,79688.478536,398442.39268,0.0
4035,15,51,2023-07-23,11,670461.55,12243.38,4.7732,58440.101416,642841.115576,0.0
221,39,104,2023-07-23,4,14852.0,742.54,4.7732,3544.291928,14177.167712,0.0
3415,48,46,2023-07-23,12,56814.75,1007.47,4.7732,4808.855804,57706.269648,891.5196480000013
2383,26,102,2023-07-23,9,7488.0,199.93,4.7732,954.305876,8588.752884,1100.7528839999995
522,24,146,2023-07-24,15,7440.0,99.02,4.7457,469.919214,7048.788210000001,0.0
1288,44,72,2023-07-24,1,99665.0,30675.48,4.7457,145576.625436,145576.625436,45911.625436
8339,15,43,2023-07-24,6,210581.0,6219.32,4.7457,29515.026924,177090.161544,0.0
9706,29,76,2023-07-24,3,444595.0,27945.06,4.7457,132618.87124200002,397856.61372600007,0.0
6485,15,133,2023-07-24,13,23374.75,348.47,4.7457,1653.7340790000003,21498.543027000003,0.0
316,41,94,2023-07-24,13,503272.95,8022.13,4.7457,38070.622341,494918.090433,0.0
2847,39,143,2023-07-24,2,8429.35,896.83,4.7457,4256.086131,8512.172262,82.82226199999968
2584,48,58,2023-07-24,12,1305895.0,20157.55,4.7457,95661.685035,1147940.2204200001,0.0
5296,44,115,2023-07-24,13,10798.0,160.69,4.7457,762.586533,9913.624929,0.0
4913,29,81,2023-07-24,8,928328.6,23345.09,4.7457,110788.793613,886310.348904,0.0
2222,30,22,2023-07-24,13,487242.65,7630.67,4.7457,36212.870619,470767.31804700004,0.0
6632,20,34,2023-07-24,4,18686.5,960.12,4.7457,4556.441484,18225.765936,0.0
5252,11,90,2023-07-24,3,237292.0,14083.78,4.7457,66837.394746,200512.18423800002,0.0
1888,40,2,2023-07-24,8,111985.0,2829.74,4.7457,13429.097118,107432.776944,0.0
9031,13,13,2023-07-24,3,23241.0,1356.5,4.7457,6437.54205,19312.62615,0.0
4106,1,71,2023-07-24,1,130174.0,27014.91,4.7457,128204.658387,128204.658387,0.0
5111,29,47,2023-07-24,4,23267.4,1496.29,4.7457,7100.943453,28403.773812,5136.373811999998
1638,13,45,2023-07-24,11,108941.0,1881.33,4.7457,8928.227781,98210.505591,0.0
3421,4,149,2023-07-25,2,2327.0,225.94,4.7496,1073.124624,2146.249248,0.0
8118,46,108,2023-07-25,5,16728.0,653.47,4.7496,3103.721112,15518.60556,0.0
173,13,131,2023-07-25,1,964.0,196.2,4.7496,931.8715199999999,931.8715199999999,0.0
9988,18,146,2023-07-25,10,4960.0,99.02,4.7496,470.305392,4703.05392,0.0
4473,14,47,2023-07-25,7,40717.95,1496.29,4.7496,7106.778984,49747.452888,9029.502888000003
8848,35,31,2023-07-25,14,115964.0,1724.43,4.7496,8190.352728000001,114664.93819200002,0.0
3470,35,27,2023-07-25,15,247672.0,3051.23,4.7496,14492.122008,217381.83012,0.0
4141,36,141,2023-07-25,14,63597.75,942.08,4.7496,4474.503168,62643.044352000004,0.0
1759,3,96,2023-07-25,7,469628.7,14776.4,4.7496,70181.98944,491273.92608,21645.226079999993
5820,48,103,2023-07-25,2,3399.1,341.7,4.7496,1622.93832,3245.87664,0.0
6197,3,15,2023-07-25,2,53010.0,5267.98,4.7496,25020.797808,50041.595616,0.0
1460,18,4,2023-07-25,13,43964.0,654.31,4.7496,3107.710776,40400.240088,0.0
4829,1,84,2023-07-25,6,247515.85,8663.64,4.7496,41148.824543999996,246892.94726399996,0.0
5180,42,113,2023-07-25,4,17580.0,815.5,4.7496,3873.2988,15493.1952,0.0
6954,5,129,2023-07-25,14,45727.0,598.62,4.7496,2843.205552,39804.877728,0.0
5253,46,112,2023-07-25,2,4143.9,398.23,4.7496,1891.4332080000001,3782.8664160000003,0.0
1691,40,72,2023-07-25,7,697652.0,30675.48,4.7496,145696.259808,1019873.8186560001,322221.8186560001
6128,17,70,2023-07-25,12,391651.75,6655.06,4.7496,31608.872976000002,379306.47571200004,0.0
9516,26,143,2023-07-26,11,46360.95,896.83,4.7368,4248.104344,46729.147784,368.1977840000036
4493,49,44,2023-07-26,8,86455.0,1963.02,4.7368,9298.433136,74387.465088,0.0
3555,4,69,2023-07-26,1,43001.75,9219.51,4.7368,43670.974967999995,43670.974967999995,669.224967999995
2585,36,65,2023-07-26,10,255577.0,5008.66,4.7368,23725.020687999997,237250.20687999995,0.0
8445,13,33,2023-07-26,13,87305.0,1268.8,4.7368,6010.051839999999,78130.67391999999,0.0
5162,34,134,2023-07-26,9,40335.1,899.33,4.7368,4259.946344,38339.517095999996,0.0
3119,8,6,2023-07-26,2,23640.0,2104.66,4.7368,9969.353487999999,19938.706975999998,0.0
33,4,92,2023-07-26,8,710833.0,16745.97,4.7368,79322.310696,634578.485568,0.0
172,15,123,2023-07-26,13,34296.9,535.37,4.7368,2535.940616,32967.228008,0.0
2210,15,146,2023-07-26,5,2480.0,99.02,4.7368,469.03793599999995,2345.1896799999995,0.0
9373,4,4,2023-07-26,5,16063.55,654.31,4.7368,3099.3356079999994,15496.678039999997,0.0
8734,43,149,2023-07-26,7,8145.0,225.94,4.7368,1070.2325919999998,7491.628143999998,0.0
1900,13,145,2023-07-26,15,65248.0,820.56,4.7368,3886.8286079999993,58302.42911999999,0.0
2588,3,92,2023-07-26,10,844113.95,16745.97,4.7368,79322.310696,793223.10696,0.0
8606,37,149,2023-07-27,13,14370.65,225.94,4.7202,1066.481988,13864.265844,0.0
6180,42,53,2023-07-27,12,644100.0,11332.93,4.7202,53493.696186,641924.354232,0.0
9595,43,106,2023-07-27,9,39464.0,837.06,4.7202,3951.090612,35559.815508,0.0
2226,37,124,2023-07-27,2,7540.0,725.63,4.7202,3425.118726,6850.237452,0.0
1170,3,56,2023-07-27,3,128966.0,8087.59,4.7202,38175.042318,114525.126954,0.0
1334,48,81,2023-07-27,4,488594.0,23345.09,4.7202,110193.493818,440773.975272,0.0
683,18,130,2023-07-27,14,58017.0,859.48,4.7202,4056.917496,56796.844944,0.0
7850,36,45,2023-07-27,12,112902.75,1881.33,4.7202,8880.253866,106563.04639199999,0.0
1801,6,26,2023-07-27,4,65676.35,3412.88,4.7202,16109.476176000002,64437.90470400001,0.0
7546,35,27,2023-07-27,1,16511.0,3051.23,4.7202,14402.415846,14402.415846,0.0
6464,15,117,2023-07-27,6,23387.1,823.4,4.7202,3886.61268,23319.67608,0.0
4662,25,20,2023-07-27,12,351500.95,5689.04,4.7202,26853.406608,322240.879296,0.0
1515,46,76,2023-07-27,1,140788.1,27945.06,4.7202,131906.272212,131906.272212,0.0
8969,11,9,2023-07-27,2,75440.45,7933.96,4.7202,37449.877992,74899.755984,0.0
5561,8,122,2023-07-27,2,2645.0,270.21,4.7202,1275.445242,2550.890484,0.0
5730,29,121,2023-07-27,6,22166.0,746.8,4.7202,3525.04536,21150.27216,0.0
4575,33,74,2023-07-28,11,904536.8,17160.36,4.7253,81087.849108,891966.3401879999,0.0
6837,18,11,2023-07-28,3,103261.2,7246.24,4.7253,34240.657871999996,102721.97361599999,0.0
6635,39,88,2023-07-28,10,459196.75,9954.59,4.7253,47038.424127,470384.24127,11187.491269999999
8190,30,90,2023-07-28,10,751424.35,14083.78,4.7253,66550.085634,665500.85634,0.0
9267,31,8,2023-07-28,9,44857.0,1006.07,4.7253,4753.9825710000005,42785.843139000004,0.0
2265,17,118,2023-07-28,3,12945.0,797.41,4.7253,3768.001473,11304.004418999999,0.0
1985,40,59,2023-07-28,10,828077.95,16694.98,4.7253,78888.788994,788887.88994,0.0
1330,31,51,2023-07-28,5,304755.25,12243.38,4.7253,57853.643513999996,289268.21757,0.0
2521,1,110,2023-07-28,14,33190.15,476.03,4.7253,2249.3845589999996,31491.383825999994,0.0
8980,35,116,2023-07-28,12,30906.0,502.24,4.7253,2373.234672,28478.816064,0.0
6132,32,125,2023-07-28,12,40825.0,646.27,4.7253,3053.819631,36645.835571999996,0.0
3683,12,48,2023-07-28,11,162100.0,2836.04,4.7253,13401.139812,147412.537932,0.0
5586,4,142,2023-07-28,15,12396.0,160.09,4.7253,756.4732769999999,11347.099155,0.0
7934,27,84,2023-07-28,4,173696.0,8663.64,4.7253,40938.298092,163753.192368,0.0
1569,7,61,2023-07-29,15,420279.0,5396.92,4.7253,25502.066076,382530.99114,0.0
1599,14,76,2023-07-29,12,1689460.05,27945.06,4.7253,132048.792018,1584585.504216,0.0
1055,4,48,2023-07-29,13,181994.35,2836.04,4.7253,13401.139812,174214.817556,0.0
8077,38,108,2023-07-29,13,43492.0,653.47,4.7253,3087.841791,40141.943283,0.0
1127,40,126,2023-07-29,4,10708.0,467.05,4.7253,2206.951365,8827.80546,0.0
8166,37,27,2023-07-29,14,231160.0,3051.23,4.7253,14417.977119,201851.67966599998,0.0
5471,27,61,2023-07-29,15,399265.05,5396.92,4.7253,25502.066076,382530.99114,0.0
6880,8,56,2023-07-29,15,612590.4,8087.59,4.7253,38216.289027,573244.335405,0.0
9211,2,40,2023-07-29,1,13474.8,2757.45,4.7253,13029.778484999999,13029.778484999999,0.0
2163,44,101,2023-07-29,2,880.65,96.64,4.7253,456.652992,913.305984,32.65598399999999
8906,29,124,2023-07-29,13,49009.0,725.63,4.7253,3428.819439,44574.652707,0.0
3329,38,59,2023-07-29,6,496847.15,16694.98,4.7253,78888.788994,473332.733964,0.0
3458,19,49,2023-07-29,7,92850.0,2627.0,4.7253,12413.363099999999,86893.54169999999,0.0
2223,42,55,2023-07-29,10,1044878.4,23326.09,4.7253,110222.77307699999,1102227.7307699998,57349.33076999977
7239,6,28,2023-07-31,14,189639.0,2723.39,4.7415,12912.953685,180781.35159,0.0
8086,47,26,2023-07-31,8,138265.0,3412.88,4.7415,16182.170520000001,129457.36416000001,0.0
7215,36,51,2023-07-31,6,365706.3,12243.38,4.7415,58051.98627,348311.91762,0.0
3632,36,98,2023-07-31,3,238083.0,15262.93,4.7415,72369.182595,217107.547785,0.0
723,13,65,2023-07-31,7,178904.0,5008.66,4.7415,23748.56139,166239.92973,0.0
3823,15,14,2023-07-31,9,306185.0,6767.66,4.7415,32088.85989,288799.73901,0.0
1480,21,95,2023-07-31,5,349040.0,12945.63,4.7415,61381.704645,306908.523225,0.0
9178,5,5,2023-07-31,6,142014.0,4920.79,4.7415,23331.925785,139991.55471,0.0
8091,30,109,2023-07-31,7,4359.0,169.23,4.7415,802.404045,5616.828315,1257.8283149999997
2718,6,109,2023-07-31,8,4982.0,169.23,4.7415,802.404045,6419.23236,1437.23236
7163,43,37,2023-07-31,4,23057.45,1181.71,4.7415,5603.077965,22412.31186,0.0
9304,27,5,2023-07-31,12,284028.0,4920.79,4.7415,23331.925785,279983.10942,0.0
617,23,73,2023-07-31,5,680010.0,27541.35,4.7415,130587.311025,652936.555125,0.0
9127,44,47,2023-07-31,12,69802.2,1496.29,4.7415,7094.659035000001,85135.90842,15333.70842000001
1448,40,132,2023-07-31,5,7815.0,276.61,4.7415,1311.546315,6557.731575,0.0
1533,46,21,2023-07-31,9,74680.45,1674.22,4.7415,7938.314130000001,71444.82717,0.0
357,42,27,2023-07-31,15,235288.4,3051.23,4.7415,14467.407045000002,217011.10567500003,0.0
771,28,25,2023-07-31,5,60632.0,2389.36,4.7415,11329.150440000001,56645.7522,0.0
6342,27,66,2023-07-31,2,25143.0,2360.29,4.7415,11191.315035,22382.63007,0.0
7121,1,4,2023-07-31,10,32128.05,654.31,4.7415,3102.410865,31024.10865,0.0
4787,48,18,2023-08-01,15,398587.0,5536.62,4.7752,26438.467824,396577.01736,0.0
2483,25,9,2023-08-01,11,414922.0,7933.96,4.7752,37886.245792,416748.70371200005,1826.703712000046
6212,47,51,2023-08-01,14,853314.7,12243.38,4.7752,58464.588176,818504.234464,0.0
9103,33,28,2023-08-01,2,28517.0,2723.39,4.7752,13004.731928,26009.463856,0.0
8370,10,56,2023-08-01,2,81679.1,8087.59,4.7752,38619.859768,77239.719536,0.0
9840,17,35,2023-08-01,11,115007.95,2106.85,4.7752,10060.63012,110666.93132,0.0
4590,44,21,2023-08-01,9,78611.0,1674.22,4.7752,7994.735344,71952.61809599999,0.0
5131,2,19,2023-08-01,8,124886.05,3163.35,4.7752,15105.62892,120845.03136,0.0
2077,45,12,2023-08-01,12,31078.3,527.97,4.7752,2521.162344,30253.948127999996,0.0
3350,8,120,2023-08-01,11,34369.0,586.85,4.7752,2802.32612,30825.587320000002,0.0
2087,49,23,2023-08-02,14,148675.95,2108.74,4.8083,10139.454542,141952.363588,0.0
2656,49,72,2023-08-02,1,94681.75,30675.48,4.8083,147496.910484,147496.910484,52815.16048399999
5895,18,132,2023-08-02,5,7815.0,276.61,4.8083,1330.0238630000001,6650.119315000001,0.0
5279,28,72,2023-08-02,5,498323.0,30675.48,4.8083,147496.910484,737484.55242,239161.55241999996
4506,26,23,2023-08-02,3,33536.0,2108.74,4.8083,10139.454542,30418.363626,0.0
3005,19,71,2023-08-02,1,123665.3,27484.92,4.8083,132155.74083599998,132155.74083599998,8490.44083599998
7857,44,78,2023-08-02,14,1704662.0,25349.04,4.8083,121885.789032,1706401.046448,1739.0464480000082
6315,26,120,2023-08-02,8,24996.0,586.85,4.8083,2821.7508550000002,22574.006840000002,0.0
1729,36,55,2023-08-02,1,104487.65,23326.09,4.8083,112158.838547,112158.838547,7671.1885470000125
5053,7,126,2023-08-02,4,10172.6,467.05,4.8083,2245.716515,8982.86606,0.0
5756,31,96,2023-08-02,3,211863.0,14776.4,4.8083,71049.36412,213148.09236,1285.0923600000096
8633,21,122,2023-08-02,13,16332.4,270.21,4.8083,1299.2507429999998,16890.259659,557.8596589999997
3560,5,78,2023-08-02,11,1339377.0,25349.04,4.8083,121885.789032,1340743.679352,1366.67935199989
94,36,90,2023-08-02,8,632779.0,14083.78,4.8083,67719.039374,541752.314992,0.0
1112,44,125,2023-08-03,6,19391.4,646.27,4.8797,3153.6037189999997,18921.622314,0.0
9476,29,38,2023-08-03,9,238150.0,5606.65,4.8797,27358.770004999995,246228.93004499996,8078.930044999957
3679,5,4,2023-08-03,1,3212.9,654.31,4.8797,3192.8365069999995,3192.8365069999995,0.0
8991,9,2,2023-08-03,5,66491.45,2829.74,4.8797,13808.282277999999,69041.41139,2549.9613899999968
4403,3,75,2023-08-03,10,311299.8,6193.58,4.8797,30222.812326,302228.12326,0.0
7117,20,98,2023-08-03,13,1031695.0,15262.93,4.8797,74478.519521,968220.753773,0.0
3812,34,64,2023-08-03,6,635581.35,21352.22,4.8797,104192.427934,625154.567604,0.0
4213,45,107,2023-08-03,7,10064.3,295.48,4.8797,1441.853756,10092.976292,28.676292000000103
8602,29,35,2023-08-03,13,135918.4,2106.85,4.8797,10280.795944999998,133650.34728499997,0.0
7752,41,29,2023-08-03,1,36510.0,7689.63,4.8797,37523.087511,37523.087511,1013.0875109999979
6448,16,58,2023-08-03,15,1632369.0,20157.55,4.8797,98362.796735,1475441.9510249998,0.0
9486,37,14,2023-08-03,12,429733.0,6767.66,4.8797,33024.150502,396289.80602399993,0.0
5128,18,139,2023-08-03,8,11399.0,246.89,4.8797,1204.7491329999998,9637.993063999998,0.0
2102,36,71,2023-08-03,7,865657.1,27484.92,4.8797,134118.16412399997,938827.1488679998,73170.04886799981
5557,15,87,2023-08-04,8,534879.0,11794.37,4.8609,57331.253133000006,458650.02506400004,0.0
2735,40,39,2023-08-04,3,88898.0,5270.87,4.8609,25621.171983,76863.515949,0.0
1085,21,90,2023-08-04,5,375712.65,14083.78,4.8609,68459.846202,342299.23101,0.0
3241,34,120,2023-08-04,13,38587.1,586.85,4.8609,2852.619165,37084.049145,0.0
119,46,80,2023-08-04,1,129224.0,24177.04,4.8609,117522.173736,117522.173736,0.0
1990,49,5,2023-08-04,8,189352.0,4920.79,4.8609,23919.468111,191355.744888,2003.7448879999865
5315,23,135,2023-08-04,6,9373.65,328.1,4.8609,1594.86129,9569.16774,195.51774000000114
9416,7,83,2023-08-04,11,1408700.85,35839.7,4.8609,174213.19772999999,1916345.1750299998,507644.3250299997
2903,22,42,2023-08-04,5,29964.0,1263.57,4.8609,6142.087412999999,30710.437065,746.4370649999983
9976,38,103,2023-08-04,14,23796.55,341.7,4.8609,1660.9695299999998,23253.573419999997,0.0
6965,3,11,2023-08-04,15,543479.0,7246.24,4.8609,35223.248016,528348.7202399999,0.0
3271,32,105,2023-08-04,6,1857.0,62.64,4.8609,304.486776,1826.9206560000002,0.0
8139,26,80,2023-08-04,5,613813.05,24177.04,4.8609,117522.173736,587610.86868,0.0
959,17,84,2023-08-05,11,453779.85,8663.64,4.8609,42113.087675999996,463243.964436,9464.114436000003
6390,21,100,2023-08-05,2,198740.0,19807.28,4.8609,96281.207352,192562.414704,0.0
5688,33,49,2023-08-05,2,25201.6,2627.0,4.8609,12769.5843,25539.1686,337.56860000000233
9437,45,18,2023-08-05,6,159435.0,5536.62,4.8609,26912.956158,161477.736948,2042.7369480000052
8250,34,140,2023-08-05,2,5955.55,586.81,4.8609,2852.424729,5704.849458,0.0
3557,35,134,2023-08-05,15,70764.0,899.33,4.8609,4371.553197,65573.297955,0.0
6549,8,124,2023-08-05,5,17907.5,725.63,4.8609,3527.214867,17636.074335,0.0
5415,31,79,2023-08-05,6,377036.95,11724.63,4.8609,56992.253967,341953.523802,0.0
6160,18,86,2023-08-05,2,187046.0,17824.79,4.8609,86644.52171100001,173289.04342200002,0.0
9123,1,98,2023-08-05,4,301572.75,15262.93,4.8609,74191.576437,296766.305748,0.0
7635,41,127,2023-08-06,8,11775.25,296.24,4.8609,1439.9930160000001,11519.944128000001,0.0
5479,44,130,2023-08-06,10,39368.95,859.48,4.8609,4177.846332,41778.46332,2409.5133200000055
571,9,43,2023-08-06,11,386065.0,6219.32,4.8609,30231.492587999997,332546.41846799996,0.0
4586,34,6,2023-08-06,12,134750.85,2104.66,4.8609,10230.541793999999,122766.501528,0.0
7888,27,20,2023-08-06,6,175750.95,5689.04,4.8609,27653.854536,165923.127216,0.0
6051,19,86,2023-08-06,5,467616.0,17824.79,4.8609,86644.52171100001,433222.60855500004,0.0
7327,26,132,2023-08-06,6,8909.1,276.61,4.8609,1344.573549,8067.441294,0.0
5360,47,20,2023-08-06,14,431668.0,5689.04,4.8609,27653.854536,387153.963504,0.0
2763,17,40,2023-08-06,11,156024.0,2970.73,4.8609,14440.421457,158844.636027,2820.6360270000005
1601,14,141,2023-08-07,9,40884.2,942.08,4.901,4617.13408,41554.20672,670.0067200000049
6526,2,56,2023-08-07,6,245036.35,8087.59,4.901,39637.27859,237823.67154,0.0
2346,2,30,2023-08-07,11,354727.0,5636.75,4.901,27625.71175,303882.82925,0.0
5212,29,119,2023-08-07,2,6186.4,669.88,4.901,3283.0818799999997,6566.1637599999995,379.7637599999998
5493,15,125,2023-08-07,11,35551.85,646.27,4.901,3167.3692699999997,34841.061969999995,0.0
1126,3,93,2023-08-07,10,1004770.0,19409.47,4.901,95125.81247,951258.1247,0.0
3258,16,88,2023-08-07,1,48336.0,9954.59,4.901,48787.445589999996,48787.445589999996,451.4455899999957
932,15,113,2023-08-07,10,43950.0,815.5,4.901,3996.7655,39967.655,0.0
934,3,72,2023-08-07,15,1494970.0,30675.48,4.901,150340.52748,2255107.9121999997,760137.9121999997
5616,15,124,2023-08-07,1,3770.0,725.63,4.901,3556.31263,3556.31263,0.0
6466,15,138,2023-08-07,5,20915.0,836.88,4.901,4101.548879999999,20507.744399999996,0.0
7271,5,141,2023-08-07,4,19127.0,942.08,4.901,4617.13408,18468.53632,0.0
1846,40,111,2023-08-07,15,64278.0,821.82,4.901,4027.7398200000002,60416.0973,0.0
4966,29,142,2023-08-07,6,4958.0,160.09,4.901,784.60109,4707.60654,0.0
579,42,53,2023-08-07,14,713877.5,11332.93,4.901,55542.68993,777597.65902,63720.15902000002
3911,39,76,2023-08-07,15,2222973.0,27945.06,4.901,136958.73906,2054381.0858999998,0.0
4047,24,107,2023-08-07,6,9080.0,295.48,4.901,1448.14748,8688.884880000001,0.0
7380,2,49,2023-08-07,14,185700.0,2627.0,4.901,12874.927,180248.978,0.0
8518,34,33,2023-08-07,9,57419.9,1268.8,4.901,6218.3888,55965.4992,0.0
3200,12,48,2023-08-08,7,103154.0,3020.3,4.9217,14865.010510000002,104055.07357000001,901.0735700000077
9493,16,102,2023-08-08,3,2371.2,199.93,4.9217,983.9954810000002,2951.9864430000007,580.7864430000009
1643,10,36,2023-08-08,10,214713.3,4733.87,4.9217,23298.687979000002,232986.87979000004,18273.579790000047
4004,25,61,2023-08-08,14,372647.95,5396.92,4.9217,26562.021164,371868.296296,0.0
7656,21,143,2023-08-08,1,4214.2,896.83,4.9217,4413.928211,4413.928211,199.72821100000056
2034,35,143,2023-08-08,1,4436.0,896.83,4.9217,4413.928211,4413.928211,0.0
5377,4,67,2023-08-08,3,244498.65,16720.73,4.9217,82294.416841,246883.250523,2384.600523000001
3719,4,137,2023-08-08,7,22513.1,619.79,4.9217,3050.420443,21352.943101,0.0
7903,46,126,2023-08-08,3,7629.45,467.05,4.9217,2298.679985,6896.039955,0.0
426,37,12,2023-08-08,1,2726.0,527.97,4.9217,2598.5099490000002,2598.5099490000002,0.0
4605,36,85,2023-08-08,8,308630.0,7499.89,4.9217,36912.208613,295297.668904,0.0
4887,10,95,2023-08-08,15,994764.95,12945.63,4.9217,63714.507171000005,955717.6075650001,0.0
2663,2,93,2023-08-08,6,602862.0,19409.47,4.9217,95527.58849900002,573165.5309940001,0.0
1056,14,45,2023-08-08,6,59422.0,1881.33,4.9217,9259.341861,55556.051166000005,0.0
5049,42,88,2023-08-08,4,183678.7,9954.59,4.9217,48993.505603000005,195974.02241200002,12295.322412000009
7772,34,98,2023-08-08,4,317445.0,15262.93,4.9217,75119.562581,300478.250324,0.0
6189,30,147,2023-08-08,11,31664.45,592.19,4.9217,2914.5815230000003,32060.396753000005,395.9467530000038
2505,16,37,2023-08-09,9,54609.0,1181.71,4.9015,5792.151565000001,52129.36408500001,0.0
8465,12,59,2023-08-09,5,435831.0,16694.98,4.9015,81830.44447,409152.22235,0.0
368,6,129,2023-08-09,14,43440.65,598.62,4.9015,2934.1359300000004,41077.903020000005,0.0
1835,28,8,2023-08-09,8,39873.0,1006.07,4.9015,4931.2521050000005,39450.016840000004,0.0
8755,49,95,2023-08-09,5,349040.0,12945.63,4.9015,63453.005445,317265.027225,0.0
9015,10,87,2023-08-09,9,571652.05,11794.37,4.9015,57810.104555000005,520290.94099500007,0.0
6601,2,106,2023-08-09,6,24993.55,918.37,4.9015,4501.390555,27008.34333,2014.7933300000004
1893,37,110,2023-08-09,11,26078.45,476.03,4.9015,2333.261045,25665.871495000003,0.0
9018,43,110,2023-08-09,12,29946.0,476.03,4.9015,2333.261045,27999.132540000002,0.0
7623,28,136,2023-08-09,12,23682.0,533.84,4.9015,2616.6167600000003,31399.401120000002,7717.401120000002
3493,33,65,2023-08-09,7,178904.0,5008.66,4.9015,24549.94699,171849.62893,0.0
7551,49,3,2023-08-09,10,90242.0,1753.77,4.9015,8596.103655,85961.03655,0.0
9399,40,128,2023-08-09,10,44181.65,853.09,4.9015,4181.420635,41814.20635000001,0.0
4450,43,91,2023-08-09,4,539544.0,26303.31,4.9015,128925.67396500002,515702.6958600001,0.0
6119,16,116,2023-08-09,13,33482.0,502.24,4.9015,2461.7293600000003,32002.481680000004,0.0
8254,8,119,2023-08-09,15,48837.0,669.88,4.9015,3283.4168200000004,49251.25230000001,414.2523000000074
4705,39,60,2023-08-09,4,413253.8,22190.02,4.9015,108764.38303000001,435057.53212000005,21803.73212000006
9775,37,18,2023-08-09,1,25243.4,5536.62,4.9015,27137.74293,27137.74293,1894.342929999999
7292,29,84,2023-08-09,4,165011.2,8663.64,4.9015,42464.83146,169859.32584,4848.125839999993
5831,17,51,2023-08-09,8,513272.0,12243.38,4.9015,60010.92707,480087.41656,0.0
9171,47,129,2023-08-10,2,6532.0,598.62,4.8518,2904.384516,5808.769032,0.0
292,49,74,2023-08-10,1,82231.05,17160.36,4.8518,83258.634648,83258.634648,1027.5846480000037
1561,7,133,2023-08-10,10,18927.0,348.47,4.8518,1690.706746,16907.067460000002,0.0
3710,4,136,2023-08-10,6,11841.0,533.84,4.8518,2590.0849120000003,15540.509472000002,3699.5094720000016
8456,34,89,2023-08-10,2,157356.0,14832.32,4.8518,71963.450176,143926.900352,0.0
6043,35,80,2023-08-10,10,1227626.1,24177.04,4.8518,117302.162672,1173021.62672,0.0
43,11,70,2023-08-10,14,480976.0,6655.06,4.8518,32289.020108,452046.281512,0.0
4479,23,79,2023-08-10,3,188518.95,11724.63,4.8518,56885.55983399999,170656.67950199998,0.0
9590,7,121,2023-08-10,10,35095.85,746.8,4.8518,3623.32424,36233.2424,1137.3924000000043
5964,24,10,2023-08-10,5,160165.0,6594.15,4.8518,31993.496969999997,159967.48484999998,0.0
3961,14,28,2023-08-10,11,149001.8,2723.39,4.8518,13213.343601999999,145346.779622,0.0
3323,3,140,2023-08-10,10,31346.0,586.81,4.8518,2847.0847579999995,28470.847579999994,0.0
4258,36,11,2023-08-10,10,344203.05,7246.24,4.8518,35157.307232,351573.07232,7370.022319999989
4221,29,101,2023-08-10,10,4634.0,96.64,4.8518,468.877952,4688.77952,54.77952000000005
1400,27,32,2023-08-10,3,35631.65,2560.62,4.8518,12423.616116,37270.848348,1639.198347999998
6600,42,138,2023-08-10,9,35764.65,836.88,4.8518,4060.3743839999997,36543.369456,778.7194559999989
3735,41,17,2023-08-11,9,126349.0,2833.14,4.8918,13859.154251999998,124732.38826799998,0.0
541,1,72,2023-08-11,2,189362.55,30675.48,4.8918,150058.313064,300116.626128,110754.07612799999
4247,38,2,2023-08-11,10,132982.9,2829.74,4.8918,13842.522131999998,138425.22131999998,5442.321319999988
9529,30,9,2023-08-11,14,555877.0,7933.96,4.8918,38811.345528,543358.837392,0.0
7969,48,52,2023-08-11,6,78113.75,2634.69,4.8918,12888.376542,77330.259252,0.0
8126,21,23,2023-08-11,14,156501.0,2108.74,4.8918,10315.534332,144417.480648,0.0
5630,6,6,2023-08-11,4,47281.0,2104.66,4.8918,10295.575787999998,41182.30315199999,0.0
2186,1,116,2023-08-11,15,38633.0,502.24,4.8918,2456.857632,36852.864480000004,0.0
5950,42,20,2023-08-11,12,370001.0,5689.04,4.8918,27829.645872,333955.75046400004,0.0
4832,38,28,2023-08-11,10,142586.0,2723.39,4.8918,13322.279202,133222.79202,0.0
1250,24,96,2023-08-11,9,603808.6,14776.4,4.8918,72283.19352,650548.74168,46740.14168
7059,20,138,2023-08-11,15,59608.7,836.88,4.8918,4093.849584,61407.74376,1799.0437600000005
1892,22,146,2023-08-11,9,4240.8,99.02,4.8918,484.386036,4359.474324,118.67432399999961
5382,11,12,2023-08-11,14,36258.65,527.97,4.8918,2582.723646,36158.131044,0.0
3971,41,76,2023-08-11,9,1333784.0,27945.06,4.8918,136701.644508,1230314.800572,0.0
1424,37,129,2023-08-12,10,32662.0,598.62,4.8918,2928.329316,29283.293159999997,0.0
1449,33,101,2023-08-12,2,880.65,96.64,4.8918,472.743552,945.487104,64.83710400000007
8490,31,83,2023-08-12,9,1213235.0,35839.7,4.8918,175320.64445999998,1577885.80014,364650.80013999995
4627,19,4,2023-08-12,1,3212.9,654.31,4.8918,3200.7536579999996,3200.7536579999996,0.0
7927,17,53,2023-08-12,9,483075.0,11332.93,4.8918,55438.426974,498945.842766,15870.842766000016
42,1,6,2023-08-12,12,141843.0,2104.66,4.8918,10295.575787999998,123546.90945599998,0.0
1853,44,27,2023-08-12,5,78429.15,3051.23,4.8918,14926.006914,74630.03457,0.0
8264,18,22,2023-08-12,1,37480.35,7630.67,4.8918,37327.711506,37327.711506,0.0
398,21,139,2023-08-12,14,18950.6,246.89,4.8918,1207.736502,16908.311028,0.0
4970,48,101,2023-08-12,15,6603.45,96.64,4.8918,472.743552,7091.15328,487.70328000000063
70,4,98,2023-08-13,13,980110.25,15262.93,4.8918,74663.200974,970621.6126620001,0.0
9340,49,56,2023-08-13,4,163357.25,8087.59,4.8918,39562.872762,158251.491048,0.0
5132,48,25,2023-08-13,5,60632.0,2389.36,4.8918,11688.271248000001,58441.35624000001,0.0
8059,22,96,2023-08-13,7,494346.0,14776.4,4.8918,72283.19352,505982.35464000003,11636.354640000034
7576,24,81,2023-08-13,12,1465782.0,23345.09,4.8918,114199.511262,1370394.135144,0.0
2101,43,7,2023-08-13,1,18543.05,3678.62,4.8918,17995.073315999998,17995.073315999998,0.0
9319,25,49,2023-08-13,9,119378.0,2627.0,4.8918,12850.7586,115656.8274,0.0
9937,46,84,2023-08-13,2,82505.6,8951.16,4.8918,43787.284488,87574.568976,5068.968975999989
6816,42,100,2023-08-15,4,418401.0,19807.28,4.9812,98664.023136,394656.092544,0.0
3311,10,30,2023-08-15,13,398260.9,5636.75,4.9812,28077.779100000003,365011.12830000004,0.0
3445,49,94,2023-08-15,14,570512.0,8022.13,4.9812,39959.833956,559437.6753840001,0.0
4372,13,83,2023-08-15,12,1617647.0,35839.7,4.9812,178524.71364,2142296.56368,524649.5636800001
4540,6,18,2023-08-15,8,201951.0,5536.62,4.9812,27579.011544,220632.092352,18681.092352000007
2213,48,15,2023-08-15,14,371067.15,5267.98,4.9812,26240.861976,367372.067664,0.0
6687,13,74,2023-08-15,13,1068997.95,17160.36,4.9812,85479.185232,1111229.408016,42231.45801599999
6066,38,139,2023-08-15,12,16244.05,246.89,4.9812,1229.808468,14757.701615999998,0.0
1047,38,76,2023-08-15,1,140788.1,27945.06,4.9812,139199.932872,139199.932872,0.0
3466,9,109,2023-08-15,6,3736.0,169.23,4.9812,842.968476,5057.810856,1321.810856
6559,43,16,2023-08-15,10,300060.0,5615.94,4.9812,27974.120328,279741.20328,0.0
533,25,4,2023-08-15,15,48191.6,654.31,4.9812,3259.248972,48888.73458,697.1345799999981
5808,23,57,2023-08-15,3,338553.4,22497.79,4.9812,112065.991548,336197.974644,0.0
6786,41,147,2023-08-15,9,25907.45,592.19,4.9812,2949.8168280000004,26548.351452000003,640.9014520000019
6305,1,65,2023-08-16,3,76673.0,5225.24,4.9772,26007.064528,78021.193584,1348.1935839999933
9771,17,11,2023-08-16,1,36232.0,7246.24,4.9772,36065.985728,36065.985728,0.0
2859,24,8,2023-08-16,9,42614.15,1006.07,4.9772,5007.411604,45066.704436,2452.5544359999985
1203,21,106,2023-08-16,11,45822.3,918.37,4.9772,4570.911164,50280.022804,4457.722803999997
1172,12,25,2023-08-16,8,92161.4,2389.36,4.9772,11892.322592,95138.580736,2977.1807360000093
3980,29,52,2023-08-16,4,52075.2,2634.69,4.9772,13113.379068,52453.516272,378.31627200000366
2828,8,30,2023-08-16,2,64496.0,5636.75,4.9772,28055.232099999997,56110.464199999995,0.0
8308,15,34,2023-08-16,1,4672.1,1022.84,4.9772,5090.879248,5090.879248,418.7792479999998
2665,29,72,2023-08-16,14,1395305.0,30675.48,4.9772,152677.999056,2137491.986784,742186.986784
1483,43,12,2023-08-16,4,10359.75,527.97,4.9772,2627.812284,10511.249136,151.49913600000036
9480,12,91,2023-08-16,15,2023290.0,26303.31,4.9772,130916.83453200001,1963752.51798,0.0
3802,39,9,2023-08-16,4,158822.0,7933.96,4.9772,39488.905712,157955.622848,0.0
1603,7,18,2023-08-16,6,159435.0,5536.62,4.9772,27556.865063999998,165341.190384,5906.190383999987
8201,33,140,2023-08-16,15,47019.0,586.81,4.9772,2920.6707319999996,43810.060979999995,0.0
7985,3,53,2023-08-16,4,203965.0,11332.93,4.9772,56406.259196,225625.036784,21660.036783999996
7645,27,79,2023-08-16,10,628394.6,11724.63,4.9772,58355.828435999996,583558.2843599999,0.0
2784,14,105,2023-08-16,10,3095.0,62.64,4.9772,311.771808,3117.71808,22.7180800000001
2617,21,58,2023-08-16,4,435298.0,20157.55,4.9772,100328.15785999999,401312.63143999997,0.0
4179,14,117,2023-08-16,15,61545.0,823.4,4.9772,4098.226479999999,61473.39719999999,0.0
1566,28,50,2023-08-17,7,74985.4,2378.45,4.9816,11848.48652,82939.40564,7954.005640000003
266,45,16,2023-08-17,9,270054.0,5615.94,4.9816,27976.366704,251787.300336,0.0
8812,32,63,2023-08-17,3,398879.35,27618.14,4.9816,137582.526224,412747.578672,13868.228671999997
3553,18,32,2023-08-17,9,106895.9,2560.62,4.9816,12755.984592,114803.861328,7907.961328000005
3709,8,132,2023-08-17,4,6252.0,276.61,4.9816,1377.9603760000002,5511.841504000001,0.0
3277,27,90,2023-08-17,4,300569.55,14083.78,4.9816,70159.75844800001,280639.03379200003,0.0
2055,18,33,2023-08-17,8,51039.7,1268.8,4.9816,6320.65408,50565.23264,0.0
394,25,128,2023-08-17,11,48600.1,853.09,4.9816,4249.753144,46747.284584,0.0
1184,41,78,2023-08-17,14,1704662.0,25349.04,4.9816,126278.77766400001,1767902.887296,63240.88729600003
7382,39,17,2023-08-17,13,182504.0,2833.14,4.9816,14113.570224000001,183476.412912,972.4129119999998
937,39,2,2023-08-17,10,132982.9,2829.74,4.9816,14096.632784,140966.32783999998,7983.427839999989
2802,31,133,2023-08-18,8,14384.9,348.47,4.9724,1732.7322280000003,13861.857824000002,0.0
9718,19,12,2023-08-18,1,2589.7,527.97,4.9724,2625.278028,2625.278028,35.57802800000036
8806,37,45,2023-08-18,5,49519.0,1881.33,4.9724,9354.725292000001,46773.62646000001,0.0
961,12,79,2023-08-18,13,816913.55,11724.63,4.9724,58299.550212,757894.152756,0.0
9507,15,102,2023-08-18,6,4742.4,199.93,4.9724,994.1319320000001,5964.7915920000005,1222.3915920000009
3201,23,133,2023-08-18,2,3595.75,348.47,4.9724,1732.7322280000003,3465.4644560000006,0.0
8717,39,44,2023-08-18,15,153997.85,1963.02,4.9724,9760.920648000001,146413.80972000002,0.0
1935,37,113,2023-08-18,14,61529.0,815.5,4.9724,4054.9922,56769.8908,0.0
9911,30,72,2023-08-18,8,757451.15,30675.48,4.9724,152530.75675200002,1220246.0540160001,462794.9040160001
1407,12,49,2023-08-18,8,106114.0,2627.0,4.9724,13062.4948,104499.9584,0.0
5807,7,53,2023-08-19,10,536750.0,11332.93,4.9724,56351.861132000005,563518.61132,26768.611320000025
2444,49,147,2023-08-19,2,5757.0,592.19,4.9724,2944.6055560000004,5889.211112000001,132.21111200000087
5556,49,112,2023-08-19,8,16575.6,398.23,4.9724,1980.1588520000003,15841.270816000002,0.0
1557,41,57,2023-08-19,8,950325.0,22497.79,4.9724,111868.01099600001,894944.0879680001,0.0
1586,17,69,2023-08-19,2,86003.5,9219.51,4.9724,45843.091524,91686.183048,5682.683048000006
5558,3,84,2023-08-19,12,521087.0,8951.16,4.9724,44508.747984,534104.975808,13017.97580799996
7202,32,82,2023-08-19,1,51634.0,9770.29,4.9724,48581.78999600001,48581.78999600001,0.0
8385,45,116,2023-08-19,4,10302.0,502.24,4.9724,2497.338176,9989.352704,0.0
3869,37,97,2023-08-20,14,1894691.0,25607.88,4.9724,127332.62251200002,1782656.7151680002,0.0
2693,26,82,2023-08-20,15,774511.0,9770.29,4.9724,48581.78999600001,728726.8499400001,0.0
1305,22,99,2023-08-20,4,407613.65,21330.89,4.9724,106065.717436,424262.869744,16649.219744
3889,31,69,2023-08-20,1,45265.0,9219.51,4.9724,45843.091524,45843.091524,578.0915240000031
1987,49,30,2023-08-20,15,483718.0,5636.75,4.9724,28028.175700000003,420422.63550000003,0.0
7200,7,95,2023-08-20,3,198952.8,12945.63,4.9724,64370.850612,193112.551836,0.0
271,49,105,2023-08-20,15,4643.0,62.64,4.9724,311.471136,4672.06704,29.067039999999906
8136,24,94,2023-08-20,10,407508.0,8022.13,4.9724,39889.239212,398892.39212,0.0
2745,30,5,2023-08-20,15,337283.25,4752.24,4.9724,23630.038176000002,354450.57264,17167.322640000028
6741,18,134,2023-08-20,1,4718.0,899.33,4.9724,4471.828492000001,4471.828492000001,0.0
2507,21,142,2023-08-21,7,5495.75,160.09,4.9847,798.000623,5586.004361,90.25436100000024
3315,2,100,2023-08-21,15,1569004.0,19807.28,4.9847,98733.348616,1481000.22924,0.0
6312,16,62,2023-08-21,5,511110.0,20000.78,4.9847,99697.888066,498489.44033,0.0
9409,3,47,2023-08-21,1,6123.0,1496.29,4.9847,7458.556763,7458.556763,1335.5567629999996
9080,29,126,2023-08-21,14,37479.0,467.05,4.9847,2328.104135,32593.45789,0.0
8863,9,107,2023-08-21,14,21187.0,295.48,4.9847,1472.8791560000002,20620.308184,0.0
2296,25,26,2023-08-21,6,103699.0,3412.88,4.9847,17012.182936,102073.09761600001,0.0
1738,9,89,2023-08-21,6,472068.0,14832.32,4.9847,73934.665504,443607.993024,0.0
7074,39,89,2023-08-21,6,472068.0,14832.32,4.9847,73934.665504,443607.993024,0.0
7349,33,144,2023-08-21,11,23138.2,422.52,4.9847,2106.135444,23167.489884,29.289883999997983
882,3,68,2023-08-21,2,133794.0,13998.43,4.9847,69777.974021,139555.948042,5761.948042000004
2646,42,83,2023-08-21,6,768381.85,35839.7,4.9847,178650.15258999998,1071900.91554,303519.06554
8807,20,25,2023-08-21,3,36379.0,2389.36,4.9847,11910.242792000001,35730.728376,0.0
8393,15,111,2023-08-21,4,16283.95,821.82,4.9847,4096.526154,16386.104616,102.1546159999998
3447,37,11,2023-08-22,4,144928.0,7246.24,4.9431,35818.888944,143275.555776,0.0
4119,3,103,2023-08-22,10,17892.0,341.7,4.9431,1689.05727,16890.5727,0.0
5671,34,21,2023-08-22,2,17469.0,1674.22,4.9431,8275.836882000001,16551.673764000003,0.0
609,16,70,2023-08-22,10,343554.0,6655.06,4.9431,32896.627086,328966.27086,0.0
1706,14,48,2023-08-22,4,55997.75,3020.3,4.9431,14929.644930000002,59718.57972000001,3720.829720000009
9566,27,30,2023-08-22,12,386974.0,5636.75,4.9431,27863.018925,334356.2271,0.0
8941,9,19,2023-08-22,14,218550.35,3163.35,4.9431,15636.755385,218914.57539,364.2253900000069
9564,34,141,2023-08-22,14,63597.75,971.69,4.9431,4803.160839,67244.251746,3646.5017459999945
96,11,82,2023-08-22,8,392418.4,9770.29,4.9431,48295.520499000006,386364.16399200005,0.0
993,44,103,2023-08-22,10,16997.4,341.7,4.9431,1689.05727,16890.5727,0.0
4676,30,1,2023-08-22,10,331225.0,6360.91,4.9431,31442.614221,314426.14221,0.0
7050,39,27,2023-08-22,1,16511.0,3051.23,4.9431,15082.535013,15082.535013,0.0
5263,7,103,2023-08-23,10,16997.4,341.7,4.8977,1673.54409,16735.4409,0.0
2925,7,114,2023-08-23,12,9591.0,152.46,4.8977,746.7033420000001,8960.440104000001,0.0
3321,10,91,2023-08-23,4,539544.0,26303.31,4.8977,128825.72138700001,515302.88554800005,0.0
1913,22,133,2023-08-23,13,23374.75,348.47,4.8977,1706.7015190000002,22187.119747000004,0.0
7721,33,136,2023-08-23,1,1974.0,533.84,4.8977,2614.588168,2614.588168,640.5881680000002
5437,12,81,2023-08-23,13,1587930.0,23345.09,4.8977,114337.24729300001,1486384.214809,0.0
2990,12,4,2023-08-23,3,10146.0,654.31,4.8977,3204.614087,9613.842261,0.0
7291,37,125,2023-08-23,12,38783.75,646.27,4.8977,3165.2365790000003,37982.838948000004,0.0
9904,20,147,2023-08-23,14,40299.95,592.19,4.8977,2900.3689630000003,40605.165482000004,305.2154820000069
6798,5,120,2023-08-23,8,23746.2,586.85,4.8977,2874.2152450000003,22993.721960000003,0.0
1901,35,117,2023-08-23,5,20515.0,823.4,4.8977,4032.76618,20163.8309,0.0
4809,41,144,2023-08-24,11,23138.2,422.52,4.8748,2059.700496,22656.705456,0.0
9432,10,39,2023-08-24,14,414860.0,5270.87,4.8748,25694.437076,359722.11906399997,0.0
842,4,100,2023-08-24,8,794961.9,19807.28,4.8748,96556.52854399999,772452.2283519999,0.0
3012,42,83,2023-08-24,5,640318.05,35839.7,4.8748,174711.36955999996,873556.8477999999,233238.79779999983
9330,40,23,2023-08-24,9,95577.6,2108.74,4.8748,10279.685751999998,92517.17176799997,0.0
6375,27,41,2023-08-24,1,10600.0,2005.71,4.8748,9777.435108,9777.435108,0.0
9512,34,8,2023-08-24,6,29905.0,1006.07,4.8748,4904.390036,29426.340215999997,0.0
7100,35,67,2023-08-24,4,325998.2,16720.73,4.8748,81510.214604,326040.858416,42.65841599996202
6015,9,134,2023-08-24,3,14153.0,899.33,4.8748,4384.053884,13152.161651999999,0.0
6126,43,54,2023-08-24,9,1039122.35,23191.9,4.8748,113055.87412,1017502.86708,0.0
2292,44,2,2023-08-24,12,167978.0,2829.74,4.8748,13794.416551999997,165532.99862399997,0.0
2286,27,105,2023-08-24,2,588.05,62.64,4.8748,305.357472,610.714944,22.66494399999999
6444,22,25,2023-08-25,12,138242.1,2389.36,4.8772,11653.386592,139840.639104,1598.5391039999959
3494,4,20,2023-08-25,12,370001.0,5689.04,4.8772,27746.585888,332959.030656,0.0
7655,9,81,2023-08-25,12,1465782.0,23345.09,4.8772,113858.672948,1366304.075376,0.0
6383,25,94,2023-08-25,10,407508.0,8022.13,4.8772,39125.532436,391255.32436,0.0
4387,42,148,2023-08-25,2,9571.0,919.03,4.8772,4482.293116,8964.586232,0.0
5669,45,80,2023-08-25,14,1809134.0,24177.04,4.8772,117916.25948800001,1650827.632832,0.0
1910,23,119,2023-08-25,9,29302.0,669.88,4.8772,3267.1387360000003,29404.248624000003,102.24862400000347
3403,19,135,2023-08-25,13,21379.0,328.1,4.8772,1600.2093200000002,20802.72116,0.0
5264,6,131,2023-08-25,11,10599.0,196.2,4.8772,956.90664,10525.97304,0.0
7375,7,57,2023-08-25,1,112851.45,22497.79,4.8772,109726.221388,109726.221388,0.0
7140,49,141,2023-08-25,7,31799.35,971.69,4.8772,4739.126468,33173.885276,1374.5352760000023
1268,48,87,2023-08-25,12,802319.0,11794.37,4.8772,57523.501364,690282.0163680001,0.0
1092,44,17,2023-08-25,4,53347.25,2833.14,4.8772,13817.790408,55271.161632,1923.911632000003
1500,46,130,2023-08-25,7,29009.0,859.48,4.8772,4191.855856,29342.990992,333.9909919999991
1316,47,24,2023-08-25,8,176564.15,4129.65,4.8772,20141.128979999998,161129.03183999998,0.0
4464,38,130,2023-08-26,9,35432.15,859.48,4.8772,4191.855856,37726.702704,2294.5527040000015
4957,31,7,2023-08-26,8,148342.5,3678.62,4.8772,17941.365464,143530.923712,0.0
3963,49,92,2023-08-26,11,977395.0,16745.97,4.8772,81673.44488400001,898407.8937240001,0.0
8304,26,85,2023-08-26,13,501523.0,7499.89,4.8772,36578.463508,475520.025604,0.0
7527,13,37,2023-08-26,3,17292.85,1181.71,4.8772,5763.436012,17290.308036000002,0.0
4739,23,144,2023-08-26,11,24356.0,422.52,4.8772,2060.714544,22667.859984,0.0
4299,4,72,2023-08-26,7,662769.4,30675.48,4.8772,149610.451056,1047273.157392,384503.75739199994
6386,46,4,2023-08-26,13,41765.8,654.31,4.8772,3191.200732,41485.609516,0.0
879,44,12,2023-08-26,1,2726.0,527.97,4.8772,2575.015284,2575.015284,0.0
6523,4,59,2023-08-26,6,522997.0,16694.98,4.8772,81424.756456,488548.538736,0.0
450,48,62,2023-08-26,12,1165330.8,20000.78,4.8772,97547.804216,1170573.650592,5242.850591999944
1625,38,130,2023-08-26,14,58017.0,859.48,4.8772,4191.855856,58685.981984,668.9819839999982
9310,11,8,2023-08-26,5,24921.0,1006.07,4.8772,4906.804604000001,24534.023020000004,0.0
3419,45,85,2023-08-27,15,549746.0,7499.89,4.8772,36578.463508,548676.95262,0.0
3220,48,103,2023-08-27,1,1789.0,341.7,4.8772,1666.53924,1666.53924,0.0
213,6,35,2023-08-27,8,88044.0,2106.85,4.8772,10275.52882,82204.23056,0.0
3839,39,59,2023-08-27,12,993694.3,16694.98,4.8772,81424.756456,977097.077472,0.0
1805,48,60,2023-08-27,12,1239762.35,22190.02,4.8772,108225.165544,1298701.986528,58939.636528
3915,10,106,2023-08-27,4,16662.05,918.37,4.8772,4479.074164000001,17916.296656000002,1254.246656000003
2221,35,32,2023-08-27,15,178160.15,2560.62,4.8772,12488.655864,187329.83796,9169.68796000001
4030,41,107,2023-08-27,5,7188.65,295.48,4.8772,1441.115056,7205.575280000001,16.925280000001294
1350,42,96,2023-08-27,15,1059313.0,14776.4,4.8772,72067.45808,1081011.8712,21698.871199999936
6787,1,11,2023-08-27,14,481884.65,7246.24,4.8772,35341.361728,494779.0641920001,12894.414192000055
7313,25,112,2023-08-28,15,31078.3,398.23,4.8938,1948.857974,29232.86961,0.0
800,45,24,2023-08-28,7,154493.75,4129.65,4.8938,20209.681169999996,141467.76818999997,0.0
6333,18,129,2023-08-28,6,18617.15,598.62,4.8938,2929.526556,17577.159335999997,0.0
5727,41,126,2023-08-28,9,22889.3,467.05,4.8938,2285.64929,20570.84361,0.0
9395,47,136,2023-08-28,12,22497.9,533.84,4.8938,2612.506192,31350.074303999998,8852.174303999996
444,27,28,2023-08-28,14,189639.0,2723.39,4.8938,13327.725981999998,186588.16374799996,0.0
4397,8,43,2023-08-28,9,300078.4,6219.32,4.8938,30436.108215999997,273924.97394399997,0.0
8162,16,85,2023-08-28,14,540102.0,7499.89,4.8938,36702.961682,513841.463548,0.0
7208,43,142,2023-08-28,7,5785.0,160.09,4.8938,783.448442,5484.139094,0.0
1373,44,144,2023-08-28,15,33212.0,422.52,4.8938,2067.7283759999996,31015.925639999994,0.0
985,34,85,2023-08-28,7,256548.45,7499.89,4.8938,36702.961682,256920.731774,372.28177400000277
9355,12,121,2023-08-28,7,24567.0,746.8,4.8938,3654.6898399999995,25582.828879999997,1015.8288799999973
710,2,150,2023-08-28,6,9874.0,326.88,4.8938,1599.685344,9598.112064,0.0
7104,27,150,2023-08-28,6,9380.3,326.88,4.8938,1599.685344,9598.112064,217.81206400000156
4573,27,49,2023-08-28,5,63004.95,2627.0,4.8938,12856.0126,64280.063,1275.1130000000048
332,44,26,2023-08-28,15,259248.0,3412.88,4.8938,16701.952144,250529.28215999997,0.0
568,8,12,2023-08-28,1,2589.7,527.97,4.8938,2583.779586,2583.779586,0.0
6909,2,124,2023-08-28,2,7540.0,725.63,4.8938,3551.0880939999997,7102.1761879999995,0.0
8128,26,93,2023-08-29,9,859078.35,19409.47,4.8706,94535.764582,850821.881238,0.0
1594,21,49,2023-08-29,5,63004.95,2627.0,4.8706,12795.0662,63975.331,970.3810000000012
2439,21,115,2023-08-29,6,4734.8,160.69,4.8706,782.656714,4695.940284,0.0
3775,42,63,2023-08-29,6,839746.0,27618.14,4.8706,134516.91268399998,807101.4761039999,0.0
550,5,56,2023-08-29,14,571750.85,8087.59,4.8706,39391.415854,551479.8219559999,0.0
37,24,32,2023-08-29,13,162532.0,2560.62,4.8706,12471.755771999999,162132.825036,0.0
1445,27,70,2023-08-29,4,130550.9,6655.06,4.8706,32414.135236,129656.540944,0.0
5653,9,98,2023-08-29,10,793611.0,15262.93,4.8706,74339.62685799999,743396.2685799999,0.0
2458,42,115,2023-08-29,7,5523.3,160.69,4.8706,782.656714,5478.596998,0.0
2491,22,60,2023-08-29,1,108751.0,22190.02,4.8706,108078.71141199999,108078.71141199999,0.0
8567,2,138,2023-08-29,9,37647.0,836.88,4.8706,4076.1077279999995,36684.969551999995,0.0
5122,32,145,2023-08-29,15,61985.6,820.56,4.8706,3996.6195359999992,59949.29303999999,0.0
9802,39,96,2023-08-29,7,494346.0,14776.4,4.8706,71969.93384,503789.53687999997,9443.53687999997
7308,4,38,2023-08-29,11,276519.35,5606.65,4.8706,27307.749489999995,300385.24438999995,23865.894389999972
5232,34,17,2023-08-29,3,42116.0,2833.14,4.8706,13799.091683999999,41397.275052,0.0
3700,20,2,2023-08-30,8,106385.75,2829.74,4.8653,13767.534022,110140.272176,3754.5221759999986
9618,2,115,2023-08-30,14,11046.6,160.69,4.8653,781.805057,10945.270798000001,0.0
4612,45,52,2023-08-30,7,95929.0,2634.69,4.8653,12818.557257000002,89729.90079900001,0.0
990,15,134,2023-08-30,11,49299.3,899.33,4.8653,4375.510249000001,48130.61273900001,0.0
8915,48,130,2023-08-30,3,11810.4,859.48,4.8653,4181.628044,12544.884132,734.4841319999996
5967,49,94,2023-08-30,2,81502.0,8022.13,4.8653,39030.069089000004,78060.13817800001,0.0
9302,3,28,2023-08-30,9,121910.65,2723.39,4.8653,13250.109367000001,119250.984303,0.0
2670,1,62,2023-08-30,1,97110.9,20000.78,4.8653,97309.794934,97309.794934,198.89493400001084
396,9,67,2023-08-30,13,1115258.0,16720.73,4.8653,81351.367669,1057567.779697,0.0
4016,47,40,2023-08-30,7,99288.0,2970.73,4.8653,14453.492669000001,101174.44868300001,1886.4486830000096
4670,16,1,2023-08-30,15,496838.0,6360.91,4.8653,30947.735423000002,464216.031345,0.0
6753,18,22,2023-08-30,2,78906.0,7630.67,4.8653,37125.49875100001,74250.99750200001,0.0
9978,2,33,2023-08-30,5,33579.0,1268.8,4.8653,6173.09264,30865.4632,0.0
2797,42,146,2023-08-31,13,6125.6,99.02,4.9219,487.366538,6335.764994,210.16499399999975
3243,9,81,2023-08-31,15,1740615.65,23345.09,4.9219,114902.198471,1723532.977065,0.0
2416,9,119,2023-08-31,14,45581.0,669.88,4.9219,3297.082372,46159.153207999996,578.1532079999961
6275,6,16,2023-08-31,11,313562.7,5615.94,4.9219,27641.095085999998,304052.04594599997,0.0
720,45,133,2023-08-31,8,14384.9,348.47,4.9219,1715.134493,13721.075944,0.0
6307,13,107,2023-08-31,1,1437.35,295.48,4.9219,1454.323012,1454.323012,16.973012000000153
1505,38,25,2023-08-31,14,169770.0,2389.36,4.9219,11760.190984,164642.673776,0.0
626,47,9,2023-08-31,12,476466.0,7933.96,4.9219,39050.157724,468601.892688,0.0
555,8,84,2023-08-31,6,260543.0,8951.16,4.9219,44056.714404,264340.286424,3797.286423999991
5645,17,130,2023-08-31,11,45585.0,859.48,4.9219,4230.274612,46533.020732000005,948.0207320000045
211,17,108,2023-08-31,14,44496.1,653.47,4.9219,3216.313993,45028.395902000004,532.2959020000053
1800,8,71,2023-08-31,8,989322.4,27484.92,4.9219,135278.027748,1082224.221984,92901.82198399992
8106,8,25,2023-08-31,8,92161.4,2389.36,4.9219,11760.190984,94081.527872,1920.1278720000118
3072,10,67,2023-08-31,8,686312.0,16720.73,4.9219,82297.760987,658382.087896,0.0
8457,26,100,2023-08-31,2,198740.0,19807.28,4.9219,97489.45143199999,194978.90286399997,0.0
8330,25,2,2023-08-31,7,93087.65,2829.74,4.9219,13927.697305999998,97493.88114199998,4406.23114199999
7420,33,135,2023-08-31,13,20310.05,328.1,4.9219,1614.8753900000002,20993.380070000003,683.3300700000036
8513,2,46,2023-08-31,12,59805.0,1000.64,4.9219,4925.050016,59100.600192,0.0
6932,44,149,2023-08-31,2,2327.0,225.94,4.9219,1112.0540859999999,2224.1081719999997,0.0
6984,40,147,2023-08-31,2,5757.0,592.19,4.9219,2914.6999610000003,5829.3999220000005,72.39992200000052
7497,40,40,2023-09-01,6,85104.0,2970.73,4.9318,14651.046214,87906.277284,2802.277283999996
7341,35,44,2023-09-01,9,92398.9,1963.02,4.9318,9681.222036,87130.99832399999,0.0
4696,10,117,2023-09-01,6,23387.1,823.4,4.9318,4060.8441199999997,24365.06472,977.9647199999999
6221,43,82,2023-09-01,14,686733.15,9770.29,4.9318,48185.116222000004,674591.6271080001,0.0
4879,42,48,2023-09-01,12,167994.2,3020.3,4.9318,14895.51554,178746.18648,10751.986479999992
8039,45,48,2023-09-01,9,132627.0,3020.3,4.9318,14895.51554,134059.63986,1432.6398599999957
7325,42,144,2023-09-01,1,2103.3,422.52,4.9318,2083.7841359999998,2083.7841359999998,0.0
3410,29,74,2023-09-01,1,82231.05,17160.36,4.9318,84631.463448,84631.463448,2400.413447999992
1514,24,8,2023-09-01,5,23674.95,1006.07,4.9318,4961.7360260000005,24808.68013,1133.73013
5395,28,10,2023-09-01,15,480496.0,6594.15,4.9318,32521.02897,487815.43455,7319.434550000005
6869,32,47,2023-09-01,4,23267.4,1496.29,4.9318,7379.4030219999995,29517.612087999998,6250.212087999997
6591,46,9,2023-09-01,6,238233.0,7933.96,4.9318,39128.703928,234772.22356800002,0.0
5099,15,129,2023-09-01,8,24823.5,598.62,4.9318,2952.274116,23618.192928,0.0
6729,4,107,2023-09-01,13,18690.3,295.48,4.9318,1457.248264,18944.227432,253.9274320000004
9071,16,142,2023-09-01,11,8636.45,169.88,4.9318,837.814184,9215.956024,579.5060239999984
6278,23,14,2023-09-01,10,340205.45,6767.66,4.9318,33376.745588,333767.45587999996,0.0
4265,9,32,2023-09-01,6,71264.25,2560.62,4.9318,12628.465715999999,75770.794296,4506.544295999993
9295,42,28,2023-09-01,14,199620.0,2723.39,4.9318,13431.214801999999,188037.00722799997,0.0
6407,28,39,2023-09-01,15,444492.0,5270.87,4.9318,25994.876666,389923.14999,0.0
3160,21,65,2023-09-01,9,218518.05,5225.24,4.9318,25769.838632,231928.547688,13410.497688000003
303,28,8,2023-09-01,9,44857.0,1006.07,4.9318,4961.7360260000005,44655.624234,0.0
1779,9,68,2023-09-02,7,444866.0,13998.43,4.9318,69037.457074,483262.199518,38396.19951800001
8035,34,98,2023-09-02,4,317445.0,15262.93,4.9318,75273.718174,301094.872696,0.0
2081,33,134,2023-09-02,15,67225.8,899.33,4.9318,4435.315694,66529.73541,0.0
2913,36,25,2023-09-02,9,103681.1,2389.36,4.9318,11783.845648,106054.610832,2373.510832
7776,10,113,2023-09-02,5,20876.25,815.5,4.9318,4021.8829,20109.4145,0.0
9474,19,42,2023-09-02,11,62624.95,1263.57,4.9318,6231.674526,68548.419786,5923.4697860000015
7465,24,124,2023-09-02,8,30159.0,725.63,4.9318,3578.662034,28629.296272,0.0
8169,26,64,2023-09-02,15,1672583.0,21352.22,4.9318,105304.87859600001,1579573.1789400002,0.0
6983,37,66,2023-09-02,5,62858.0,2360.29,4.9318,11640.478222,58202.39111,0.0
6289,23,25,2023-09-02,12,138242.1,2389.36,4.9318,11783.845648,141406.147776,3164.047775999992
4565,32,95,2023-09-02,3,209424.0,12945.63,4.9318,63845.258034,191535.774102,0.0
3959,32,102,2023-09-02,14,11065.6,199.93,4.9318,986.014774,13804.206836,2738.606835999999
7603,20,28,2023-09-02,8,114068.0,2723.39,4.9318,13431.214801999999,107449.71841599999,0.0
2551,4,127,2023-09-02,11,17043.0,296.24,4.9318,1460.9964320000001,16070.960752,0.0
4551,18,37,2023-09-02,11,63407.75,1181.71,4.9318,5827.957378,64107.531158,699.781157999998
4087,9,47,2023-09-02,5,30615.0,1496.29,4.9318,7379.4030219999995,36897.01511,6282.01511
2974,41,111,2023-09-02,11,47138.0,821.82,4.9318,4053.051876,44583.570636,0.0
5048,36,122,2023-09-02,3,3768.65,270.21,4.9318,1332.621678,3997.865034,229.21503399999983
1915,11,8,2023-09-03,9,44857.0,1006.07,4.9318,4961.7360260000005,44655.624234,0.0
9047,25,8,2023-09-03,4,18940.15,1006.07,4.9318,4961.7360260000005,19846.944104000002,906.7941040000005
6007,26,6,2023-09-03,11,123520.9,2104.66,4.9318,10379.762187999999,114177.38406799998,0.0
5153,32,13,2023-09-03,8,58878.15,1356.5,4.9318,6689.9867,53519.8936,0.0
855,3,140,2023-09-03,11,34480.0,586.81,4.9318,2894.0295579999997,31834.325137999997,0.0
8986,1,146,2023-09-03,8,3968.0,99.02,4.9318,488.346836,3906.774688,0.0
795,26,141,2023-09-03,8,36341.3,971.69,4.9318,4792.1807420000005,38337.445936000004,1996.1459360000008
3452,24,73,2023-09-03,8,1088015.05,27541.35,4.9318,135828.42992999998,1086627.4394399999,0.0
3312,21,83,2023-09-03,12,1536764.65,35839.7,4.9318,176754.23245999997,2121050.7895199996,584286.1395199997
8110,47,55,2023-09-03,11,1209859.0,23326.09,4.9318,115039.610662,1265435.717282,55576.717282
5262,10,127,2023-09-03,4,6197.0,296.24,4.9318,1460.9964320000001,5843.985728000001,0.0
3325,37,36,2023-09-03,11,248615.0,4733.87,4.9318,23346.500066,256811.500726,8196.500725999998
225,41,106,2023-09-03,14,58318.6,918.37,4.9318,4529.217166,63409.040324,5090.440324000003
4881,20,36,2023-09-04,10,214713.3,4733.87,4.9176,23279.279112,232792.79112,18079.49112000002
5748,17,70,2023-09-04,15,489564.45,6655.06,4.9176,32726.923056000003,490903.84584,1339.395840000012
6620,2,55,2023-09-04,13,1429834.0,23326.09,4.9176,114708.38018400001,1491208.942392,61374.942392
3526,44,54,2023-09-04,5,577290.3,23191.9,4.9176,114048.48744000001,570242.4372,0.0
4710,29,128,2023-09-04,4,17672.85,853.09,4.9176,4195.155384000001,16780.621536000002,0.0
8865,17,43,2023-09-04,5,166709.8,6219.32,4.9176,30584.128032,152920.64016,0.0
6791,10,91,2023-09-04,15,1922125.5,26303.31,4.9176,129349.157256,1940237.3588400001,18111.858840000117
2248,47,10,2023-09-04,6,182588.1,6594.15,4.9176,32427.39204,194564.35223999998,11976.252239999973
4623,13,52,2023-09-04,13,178153.0,2634.69,4.9176,12956.351544000001,168432.570072,0.0
5940,7,47,2023-09-04,2,12246.0,1496.29,4.9176,7358.155704,14716.311408,2470.3114079999996
4003,13,29,2023-09-04,12,438124.0,7689.63,4.9176,37814.524488,453774.29385600006,15650.293856000062
7941,44,80,2023-09-04,7,859338.65,24177.04,4.9176,118893.01190400001,832251.083328,0.0
8756,12,112,2023-09-04,7,14503.65,398.23,4.9176,1958.3358480000002,13708.350936,0.0
8963,32,61,2023-09-04,7,196130.0,5396.92,4.9176,26539.893792000003,185779.256544,0.0
3224,32,31,2023-09-04,5,39345.2,1724.43,4.9176,8480.056968,42400.28484000001,3055.0848400000104
8601,24,72,2023-09-04,15,1420221.5,30675.48,4.9176,150849.740448,2262746.10672,842524.60672
4942,21,80,2023-09-04,12,1550686.0,24177.04,4.9176,118893.01190400001,1426716.1428480002,0.0
5088,22,70,2023-09-04,10,326376.3,6655.06,4.9176,32726.923056000003,327269.23056000005,892.9305600000662
281,16,33,2023-09-04,13,87305.0,1268.8,4.9176,6239.45088,81112.86144000001,0.0
9461,47,64,2023-09-04,10,1059303.2,21352.22,4.9176,105001.677072,1050016.7707200001,0.0
2401,37,148,2023-09-05,9,43070.0,919.03,4.9705,4568.038615,41112.347535,0.0
8930,26,5,2023-09-05,2,44971.1,4752.24,4.9705,23621.00892,47242.01784,2270.917840000002
7877,27,118,2023-09-05,14,57391.4,797.41,4.9705,3963.526405,55489.36967,0.0
9944,4,113,2023-09-05,10,43950.0,815.5,4.9705,4053.44275,40534.427500000005,0.0
7860,48,96,2023-09-05,5,353104.0,14776.4,4.9705,73446.0962,367230.481,14126.481000000029
860,20,131,2023-09-05,11,10599.0,196.2,4.9705,975.2121,10727.3331,128.33309999999983
17,43,91,2023-09-05,11,1409558.7,26303.31,4.9705,130740.60235500001,1438146.6259050001,28587.925905000186
6117,18,104,2023-09-05,10,35273.5,742.54,4.9705,3690.79507,36907.9507,1634.4507000000012
4711,41,54,2023-09-05,5,607674.0,23191.9,4.9705,115275.33895000002,576376.6947500001,0.0
4107,49,101,2023-09-05,14,6488.0,96.64,4.9705,480.34912,6724.887680000001,236.88768000000073
9578,49,12,2023-09-05,5,12949.45,527.97,4.9705,2624.2748850000003,13121.374425000002,171.92442500000107
1962,30,48,2023-09-05,3,44209.0,3020.3,4.9705,15012.401150000002,45037.20345,828.2034500000009
7982,41,32,2023-09-05,11,137527.0,2560.62,4.9705,12727.56171,140003.17881,2476.178810000012
1770,36,34,2023-09-05,6,29505.0,1022.84,4.9705,5084.026220000001,30504.157320000006,999.1573200000057
8908,13,22,2023-09-05,3,118359.0,7630.67,4.9705,37928.245235,113784.735705,0.0
9859,25,60,2023-09-05,9,929822.0,22190.02,4.9705,110295.49441000001,992659.4496900002,62837.449690000154
7688,11,6,2023-09-05,15,177303.0,2104.66,4.9705,10461.21253,156918.18795000002,0.0
7384,33,141,2023-09-06,5,22713.55,962.15,4.9762,4787.85083,23939.25415,1225.7041500000014
5554,5,49,2023-09-06,15,198964.0,2627.0,4.9762,13072.477400000002,196087.16100000002,0.0
4859,46,136,2023-09-06,12,22497.9,533.84,4.9762,2656.4946080000004,31877.935296000003,9380.035296000002
8725,34,48,2023-09-06,14,206309.0,3020.3,4.9762,15029.616860000002,210414.63604,4105.636040000012
4486,49,61,2023-09-06,10,266176.7,5396.92,4.9762,26856.153304000003,268561.53304,2384.8330399999977
412,31,115,2023-09-06,4,3155.9,160.69,4.9762,799.625578,3198.502312,42.60231199999998
983,38,73,2023-09-06,5,715800.0,27541.35,4.9762,137051.26587,685256.32935,0.0
4257,18,5,2023-09-06,3,71007.0,4752.24,4.9762,23648.096688,70944.290064,0.0
2769,24,144,2023-09-06,9,19927.0,422.52,4.9762,2102.5440240000003,18922.896216,0.0
8899,47,20,2023-09-06,9,277501.0,5689.04,4.9762,28309.800848000003,254788.20763200003,0.0
7960,29,85,2023-09-06,2,73299.15,7499.89,4.9762,37320.952618,74641.905236,1342.7552360000118
6471,46,91,2023-09-06,12,1618632.0,26303.31,4.9762,130890.53122200002,1570686.3746640002,0.0
291,18,107,2023-09-06,2,2875.65,295.48,4.9762,1470.367576,2940.735152,65.08515200000011
9615,29,59,2023-09-06,15,1242117.4,16694.98,4.9762,83077.55947600001,1246163.3921400001,4045.9921400002204
7106,15,61,2023-09-06,2,53235.15,5396.92,4.9762,26856.153304000003,53712.306608000006,477.1566080000048
1273,36,62,2023-09-06,1,97110.9,20000.78,4.9762,99527.881436,99527.881436,2416.981436000002
8592,19,118,2023-09-06,8,34521.0,797.41,4.9762,3968.0716420000003,31744.573136000003,0.0
182,7,115,2023-09-06,5,4153.0,160.69,4.9762,799.625578,3998.12789,0.0
4767,21,77,2023-09-07,12,536456.0,8959.75,4.9762,44585.50795000001,535026.0954000001,0.0
2830,7,89,2023-09-07,2,149488.2,14832.32,4.9762,73808.590784,147617.181568,0.0
9871,9,37,2023-09-07,5,30339.0,1181.71,4.9762,5880.425302000001,29402.126510000002,0.0
2026,46,117,2023-09-07,1,3897.85,823.4,4.9762,4097.40308,4097.40308,199.55308000000014
7613,24,25,2023-09-07,1,11519.7,2389.36,4.9762,11889.933232000001,11889.933232000001,370.2332320000005
4697,7,26,2023-09-07,6,98514.05,3412.88,4.9762,16983.173456,101899.040736,3384.9907359999925
3826,24,51,2023-09-07,8,487608.4,12243.38,4.9762,60925.507556000004,487404.06044800003,0.0
3213,18,150,2023-09-07,7,11520.0,326.88,4.9762,1626.6202560000002,11386.341792000001,0.0
1299,31,117,2023-09-07,13,53339.0,823.4,4.9762,4097.40308,53266.240040000004,0.0
295,47,102,2023-09-07,12,9984.0,199.93,4.9762,994.8916660000001,11938.699992000002,1954.6999920000017
7770,34,72,2023-09-07,7,662769.4,30675.48,4.9762,152647.32357600002,1068531.2650320001,405761.8650320001
2006,42,64,2023-09-07,10,1059303.2,21352.22,4.9762,106252.91716400001,1062529.17164,3225.97164000012
5609,37,131,2023-09-07,10,9154.2,196.2,4.9762,976.3304400000001,9763.3044,609.1044000000002
4918,23,5,2023-09-07,13,292312.15,4752.24,4.9762,23648.096688,307425.256944,15113.106944
3305,20,141,2023-09-07,7,33473.0,962.15,4.9762,4787.85083,33514.95581,41.955809999999474
4908,6,71,2023-09-07,3,370995.9,27484.92,4.9762,136770.458904,410311.376712,39315.476711999974
5211,32,72,2023-09-07,7,697652.0,30675.48,4.9762,152647.32357600002,1068531.2650320001,370879.26503200014
3626,1,12,2023-09-07,14,38167.0,527.97,4.9762,2627.2843140000004,36781.980396000006,0.0
7642,38,9,2023-09-08,15,565802.9,7933.96,4.9835,39538.88966,593083.3449,27280.444900000002
7073,22,128,2023-09-08,3,13254.4,853.09,4.9835,4251.374015,12754.122045,0.0
8256,12,11,2023-09-08,7,240941.85,7246.24,4.9835,36111.63704,252781.45928,11839.609280000004
8407,44,69,2023-09-08,2,90530.0,9219.51,4.9835,45945.42808500001,91890.85617000001,1360.8561700000137
6699,14,101,2023-09-08,11,4842.15,96.64,4.9835,481.60544000000004,5297.65984,455.5098400000006
2751,4,112,2023-09-08,15,31078.3,398.23,4.9835,1984.5792050000002,29768.688075000002,0.0
6899,37,105,2023-09-08,1,294.5,62.64,4.9835,312.16644,312.16644,17.666440000000023
9546,43,143,2023-09-09,9,37931.6,896.83,4.9835,4469.352305,40224.170745,2292.5707450000045
1891,46,150,2023-09-09,7,10944.0,326.88,4.9835,1629.00648,11403.04536,459.0453600000001
3919,7,73,2023-09-09,7,1002120.0,27541.35,4.9835,137252.317725,960766.224075,0.0
7333,13,120,2023-09-09,1,3124.0,635.45,4.9835,3166.7650750000003,3166.7650750000003,42.76507500000025
8215,10,33,2023-09-09,15,100737.0,1268.8,4.9835,6323.0648,94845.97200000001,0.0
1664,13,85,2023-09-09,11,424366.0,7499.89,4.9835,37375.701815,411132.719965,0.0
5458,3,112,2023-09-09,9,18647.55,398.23,4.9835,1984.5792050000002,17861.212845000002,0.0
5335,24,40,2023-09-09,10,141840.0,2970.73,4.9835,14804.632955000001,148046.32955000002,6206.329550000024
2942,5,136,2023-09-09,6,11841.0,533.84,4.9835,2660.3916400000003,15962.349840000003,4121.349840000003
3155,18,136,2023-09-09,12,22497.9,533.84,4.9835,2660.3916400000003,31924.699680000005,9426.799680000004
71,43,70,2023-09-09,5,163188.15,6655.06,4.9835,33165.49151000001,165827.45755000005,2639.307550000056
40,27,116,2023-09-09,5,12878.0,502.24,4.9835,2502.9130400000004,12514.565200000001,0.0
9446,30,115,2023-09-09,7,5523.3,160.69,4.9835,800.798615,5605.590305000001,82.29030500000044
2569,25,42,2023-09-09,10,56931.6,1263.57,4.9835,6297.001095,62970.010949999996,6038.410949999998
6252,3,40,2023-09-09,12,170208.0,2970.73,4.9835,14804.632955000001,177655.59546,7447.595460000011
519,5,101,2023-09-09,1,439.85,96.64,4.9835,481.60544000000004,481.60544000000004,41.75544000000002
8080,32,105,2023-09-09,2,619.0,62.64,4.9835,312.16644,624.33288,5.332880000000046
3859,45,34,2023-09-09,14,68845.0,1022.84,4.9835,5097.32314,71362.52396,2517.523960000006
3446,5,6,2023-09-09,13,145979.85,2104.66,4.9835,10488.57311,136351.45043,0.0
4510,6,142,2023-09-09,8,6611.0,169.88,4.9835,846.59698,6772.77584,161.77584000000024
7719,4,92,2023-09-09,1,84411.3,16745.97,4.9835,83453.54149500001,83453.54149500001,0.0
4042,41,4,2023-09-09,7,22489.35,654.31,4.9835,3260.753885,22825.277195000002,335.92719500000385
5928,27,94,2023-09-09,2,81502.0,8022.13,4.9835,39978.284855000005,79956.56971000001,0.0
4961,4,143,2023-09-10,10,42145.8,896.83,4.9835,4469.352305,44693.52305,2547.7230500000005
9636,32,1,2023-09-10,5,157332.35,6360.91,4.9835,31699.594985,158497.974925,1165.6249249999819
8084,31,120,2023-09-10,3,9373.0,635.45,4.9835,3166.7650750000003,9500.295225000002,127.29522500000166
5581,12,109,2023-09-10,4,2491.0,169.23,4.9835,843.357705,3373.43082,882.43082
8263,3,58,2023-09-10,11,1137216.5,20157.55,4.9835,100455.150425,1105006.6546749999,0.0
4079,25,95,2023-09-10,7,488656.0,12945.63,4.9835,64514.547105,451601.829735,0.0
0,42,105,2023-09-10,11,3405.0,62.64,4.9835,312.16644,3433.83084,28.83084000000008
3347,13,20,2023-09-10,9,263625.95,5689.04,4.9835,28351.330840000002,255161.97756000003,0.0
3346,6,12,2023-09-10,2,5179.4,527.97,4.9835,2631.138495,5262.27699,82.87699000000066
2532,6,125,2023-09-10,3,9695.7,646.27,4.9835,3220.686545,9662.059635,0.0
2560,34,50,2023-09-10,1,10712.2,2378.45,4.9835,11853.005575,11853.005575,1140.8055749999985
6803,2,135,2023-09-11,2,3289.0,328.1,4.9366,1619.6984600000003,3239.3969200000006,0.0
7136,15,120,2023-09-11,12,35619.3,635.45,4.9366,3136.9624700000004,37643.549640000005,2024.2496400000018
1342,6,136,2023-09-11,12,23682.0,533.84,4.9366,2635.3545440000003,31624.254528000005,7942.254528000005
3541,15,31,2023-09-11,14,115964.0,1724.43,4.9366,8512.821138000001,119179.49593200002,3215.49593200002
9079,21,137,2023-09-11,4,12864.9,619.79,4.9366,3059.655314,12238.621256,0.0
5102,17,82,2023-09-11,6,294313.8,9770.29,4.9366,48232.01361400001,289392.0816840001,0.0
7063,33,88,2023-09-11,3,137758.55,9954.59,4.9366,49141.828994,147425.486982,9666.936982000014
5818,23,50,2023-09-11,5,56380.0,2378.45,4.9366,11741.45627,58707.281350000005,2327.2813500000047
4352,39,111,2023-09-11,6,25711.0,821.82,4.9366,4056.9966120000004,24341.979672,0.0
6534,1,29,2023-09-11,10,346847.85,7689.63,4.9366,37960.627458,379606.27458,32758.42458000005
8835,46,55,2023-09-11,1,104487.65,23326.09,4.9366,115151.57589400001,115151.57589400001,10663.925894000015
4732,7,7,2023-09-12,5,97594.0,3678.62,4.9505,18211.008309999997,91055.04155,0.0
9883,8,26,2023-09-12,9,147771.55,3412.88,4.9505,16895.46244,152059.16196,4287.611960000009
7998,31,149,2023-09-12,4,4654.0,225.94,4.9505,1118.51597,4474.06388,0.0
5424,35,112,2023-09-12,10,21810.0,398.23,4.9505,1971.437615,19714.37615,0.0
1107,5,46,2023-09-12,8,39870.0,1000.64,4.9505,4953.66832,39629.34656,0.0
7926,43,29,2023-09-12,3,104054.45,7689.63,4.9505,38067.513315,114202.539945,10148.089945
7258,19,35,2023-09-12,5,55028.0,2106.85,4.9505,10429.960925,52149.804625,0.0
7667,22,44,2023-09-12,4,41065.65,1963.02,4.9505,9717.93051,38871.72204,0.0
7107,45,24,2023-09-12,15,331058.85,4129.65,4.9505,20443.832325,306657.48487499997,0.0
7101,45,16,2023-09-12,8,240048.0,5615.94,4.9505,27801.710969999996,222413.68775999997,0.0
1936,3,138,2023-09-12,15,62746.0,836.88,4.9505,4142.97444,62144.6166,0.0
8800,9,127,2023-09-12,15,22078.0,296.24,4.9505,1466.53612,21998.0418,0.0
8551,5,90,2023-09-13,14,1107363.0,14083.78,4.9171,69251.354638,969518.964932,0.0
2120,13,4,2023-09-13,12,38553.85,654.31,4.9171,3217.3077009999993,38607.69241199999,53.84241199999087
8950,42,76,2023-09-13,15,2111824.35,27945.06,4.9171,137408.654526,2061129.81789,0.0
8794,32,97,2023-09-13,4,541340.0,25607.88,4.9171,125916.506748,503666.026992,0.0
3434,30,41,2023-09-13,6,63600.0,2005.71,4.9171,9862.276640999999,59173.659845999995,0.0
619,26,30,2023-09-13,3,96744.0,6558.44,4.9171,32248.505323999994,96745.51597199998,1.5159719999792287
9243,17,41,2023-09-13,8,84800.0,2005.71,4.9171,9862.276640999999,78898.21312799999,0.0
6416,24,116,2023-09-13,11,28331.0,502.24,4.9171,2469.564304,27165.207344,0.0
9732,25,26,2023-09-13,15,259248.0,3412.88,4.9171,16781.472248,251722.08371999997,0.0
9447,47,80,2023-09-13,11,1350388.9,24177.04,4.9171,118880.923384,1307690.157224,0.0
3193,10,33,2023-09-13,11,73873.0,1268.8,4.9171,6238.8164799999995,68626.98127999999,0.0
6467,21,11,2023-09-13,6,206521.45,7246.24,4.9171,35630.486703999995,213782.92022399997,7261.470223999961
3504,47,149,2023-09-14,12,13963.0,225.94,4.8751,1101.480094,13217.761128,0.0
6875,7,51,2023-09-14,8,513272.0,12243.38,4.8751,59687.70183799999,477501.61470399995,0.0
164,23,9,2023-09-14,5,198528.0,7933.96,4.8751,38678.848396,193394.24198,0.0
5639,18,85,2023-09-14,10,385787.0,7499.89,4.8751,36562.713739,365627.13739,0.0
4754,36,21,2023-09-14,4,34938.0,1674.22,4.8751,8161.989922,32647.959688,0.0
6894,19,29,2023-09-14,9,312163.35,7689.63,4.8751,37487.715212999996,337389.436917,25226.086917000008
4348,8,1,2023-09-14,2,62932.75,6360.91,4.8751,31010.072341,62020.144682,0.0
904,14,107,2023-09-14,5,7567.0,295.48,4.8751,1440.4945480000001,7202.472740000001,0.0
6788,25,53,2023-09-14,13,662886.25,11332.93,4.8751,55249.167043,718239.171559,55352.92155900004
5261,8,73,2023-09-14,12,1717919.0,27541.35,4.8751,134266.83538499998,1611202.0246199998,0.0
1977,49,51,2023-09-14,3,182853.15,12243.38,4.8751,59687.70183799999,179063.105514,0.0
1393,9,1,2023-09-14,15,471996.1,6360.91,4.8751,31010.072341,465151.08511499997,0.0
7103,47,141,2023-09-14,11,52600.0,962.15,4.8751,4690.577464999999,51596.352114999994,0.0
3693,7,110,2023-09-14,7,16595.55,476.03,4.8751,2320.6938529999998,16244.856970999997,0.0
3851,34,119,2023-09-14,7,21651.45,669.88,4.8751,3265.731988,22860.123916,1208.6739159999997
9956,25,62,2023-09-15,9,919998.0,20000.78,4.8689,97381.797742,876436.1796779999,0.0
4679,22,147,2023-09-15,9,27271.0,592.19,4.8689,2883.3138910000002,25949.825019000004,0.0
796,12,133,2023-09-15,12,22713.0,348.47,4.8689,1696.6655830000002,20359.986996000003,0.0
5084,20,25,2023-09-15,2,24253.0,2389.36,4.8689,11633.554904,23267.109808,0.0
8410,30,47,2023-09-15,6,34901.1,1496.29,4.8689,7285.286381,43711.718286,8810.618286000004
8511,2,6,2023-09-15,9,101062.9,2104.66,4.8689,10247.379073999999,92226.41166599999,0.0
953,11,108,2023-09-15,14,46838.0,653.47,4.8689,3181.680083,44543.521162000005,0.0
6731,30,135,2023-09-15,12,18747.3,328.1,4.8689,1597.48609,19169.83308,422.53308000000106
8438,9,15,2023-09-15,3,83699.0,5267.98,4.8689,25649.267821999998,76947.803466,0.0
8956,20,125,2023-09-15,7,22623.3,646.27,4.8689,3146.624003,22026.368021,0.0
2773,4,127,2023-09-15,14,21691.0,296.24,4.8689,1442.362936,20193.081104,0.0
5139,22,112,2023-09-15,12,24862.45,398.23,4.8689,1938.942047,23267.304564,0.0
8584,36,138,2023-09-16,5,19869.25,836.88,4.8689,4074.685032,20373.42516,504.17515999999887
3281,6,92,2023-09-16,12,1012936.55,16745.97,4.8689,81534.45333300001,978413.4399960001,0.0
6248,5,115,2023-09-16,3,2367.4,160.69,4.8689,782.383541,2347.150623,0.0
5331,17,79,2023-09-16,14,926056.0,11724.63,4.8689,57086.051006999995,799204.714098,0.0
4462,29,133,2023-09-16,6,11356.0,348.47,4.8689,1696.6655830000002,10179.993498000002,0.0
566,1,30,2023-09-16,7,214448.25,6558.44,4.8689,31932.388516,223526.719612,9078.469611999986
1815,49,67,2023-09-16,12,1029469.0,16720.73,4.8689,81411.562297,976938.747564,0.0
9825,48,104,2023-09-16,5,17636.75,742.54,4.8689,3615.353006,18076.76503,440.01502999999866
6225,30,87,2023-09-16,12,762203.05,13597.7,4.8689,66205.84153,794470.0983600001,32267.048360000015
9406,40,21,2023-09-16,6,52407.0,1674.22,4.8689,8151.6097580000005,48909.65854800001,0.0
5056,13,118,2023-09-16,11,45092.7,797.41,4.8689,3882.509549,42707.605039,0.0
424,38,77,2023-09-16,1,44705.0,8959.75,4.8689,43624.126775,43624.126775,0.0
215,43,144,2023-09-16,13,28784.0,422.52,4.8689,2057.207628,26743.699164,0.0
4622,15,141,2023-09-16,12,57382.0,962.15,4.8689,4684.612135,56215.34562000001,0.0
4049,43,69,2023-09-16,5,226325.0,9219.51,4.8689,44888.872239000004,224444.361195,0.0
4640,24,93,2023-09-16,1,95453.15,19409.47,4.8689,94502.768483,94502.768483,0.0
901,20,122,2023-09-16,10,12563.75,271.3,4.8689,1320.9325700000002,13209.325700000001,645.5757000000012
397,37,108,2023-09-17,5,15891.6,653.47,4.8689,3181.680083,15908.400415,16.800414999999703
5501,29,149,2023-09-17,11,12160.0,225.94,4.8689,1100.079266,12100.871926,0.0
8924,6,119,2023-09-17,4,13023.0,669.88,4.8689,3261.578732,13046.314928,23.31492799999978
8690,30,36,2023-09-17,3,67804.0,4733.87,4.8689,23048.739643,69146.218929,1342.2189289999951
6062,48,94,2023-09-17,12,489010.0,8022.13,4.8689,39058.948757,468707.38508399995,0.0
3694,28,118,2023-09-17,14,60412.0,797.41,4.8689,3882.509549,54355.133686,0.0
7953,32,140,2023-09-17,2,6269.0,586.81,4.8689,2857.119209,5714.238418,0.0
5411,32,109,2023-09-17,9,5604.0,169.23,4.8689,823.963947,7415.675523,1811.6755229999999
8907,6,1,2023-09-17,14,463715.0,6360.91,4.8689,30970.634699,433588.885786,0.0
5712,13,78,2023-09-17,8,974092.0,25349.04,4.8689,123421.940856,987375.526848,13283.526848000009
2466,44,126,2023-09-17,2,5086.3,467.05,4.8689,2274.019745,4548.03949,0.0
9996,9,111,2023-09-17,7,28497.15,821.82,4.8689,4001.359398,28009.515786,0.0
6176,48,132,2023-09-17,6,8909.1,276.61,4.8689,1346.786429,8080.718574,0.0
8449,48,60,2023-09-17,10,1033135.45,22190.02,4.8689,108040.98837800001,1080409.88378,47274.43378000008
6408,6,86,2023-09-17,14,1309324.0,17824.79,4.8689,86787.120031,1215019.680434,0.0
1265,25,89,2023-09-17,3,224232.3,14832.32,4.8689,72217.082848,216651.24854400003,0.0
5303,6,106,2023-09-17,2,8770.0,918.37,4.8689,4471.451693,8942.903386,172.90338599999995
8935,6,57,2023-09-18,1,112851.45,22497.79,4.8535,109193.023765,109193.023765,0.0
5562,34,75,2023-09-18,13,404689.55,6193.58,4.8535,30060.540530000002,390787.02689000004,0.0
2956,42,133,2023-09-18,8,14384.9,348.47,4.8535,1691.2991450000002,13530.393160000001,0.0
6773,13,78,2023-09-18,14,1704662.0,25349.04,4.8535,123031.56564000002,1722441.9189600002,17779.918960000155
8733,36,116,2023-09-18,3,7727.0,502.24,4.8535,2437.6218400000002,7312.865520000001,0.0
69,34,139,2023-09-18,8,11399.0,246.89,4.8535,1198.2806150000001,9586.244920000001,0.0
7188,38,99,2023-09-18,9,917130.0,21330.89,4.8535,103529.474615,931765.271535,14635.271534999949
6228,26,9,2023-09-18,11,436760.0,7933.96,4.8535,38507.47486,423582.22346,0.0
5045,45,28,2023-09-18,9,121910.65,2723.39,4.8535,13217.973365,118961.760285,0.0
1323,22,98,2023-09-18,5,376965.7,15262.93,4.8535,74078.630755,370393.153775,0.0
7905,41,71,2023-09-19,10,1236653.95,27484.92,4.8575,133507.99889999998,1335079.9889999998,98426.03899999987
4611,39,127,2023-09-19,6,8831.2,296.24,4.8575,1438.9858,8633.914799999999,0.0
5864,28,129,2023-09-19,15,48993.0,598.62,4.8575,2907.7966499999998,43616.94975,0.0
2001,47,70,2023-09-19,8,274843.0,6655.06,4.8575,32326.953950000003,258615.63160000002,0.0
7159,49,69,2023-09-19,8,344014.0,9219.51,4.8575,44783.769825,358270.1586,14256.158600000024
7489,37,35,2023-09-19,1,10455.7,2106.85,4.8575,10234.023874999999,10234.023874999999,0.0
1301,24,126,2023-09-19,7,18739.0,467.05,4.8575,2268.6953750000002,15880.867625000003,0.0
5202,8,43,2023-09-19,15,500130.35,6219.32,4.8575,30210.346899999997,453155.20349999995,0.0
3909,17,130,2023-09-19,10,41441.0,859.48,4.8575,4174.9241,41749.241,308.2410000000018
4055,47,130,2023-09-20,15,62161.0,859.48,4.8487,4167.360676,62510.41014000001,349.41014000000723
5571,3,142,2023-09-20,11,9091.0,169.88,4.8487,823.697156,9060.668716,0.0
2340,13,109,2023-09-20,11,6507.5,169.23,4.8487,820.545501,9026.000511,2518.500511
5771,20,14,2023-09-20,15,537166.0,6767.66,4.8487,32814.353042,492215.29563000007,0.0
1861,14,149,2023-09-20,9,10473.0,225.94,4.8487,1095.515278,9859.637502000001,0.0
9783,5,2,2023-09-20,12,159579.1,2829.74,4.8487,13720.560338,164646.724056,5067.624056000001
3130,18,140,2023-09-20,13,40750.0,586.81,4.8487,2845.2656469999997,36988.453410999995,0.0
5474,37,46,2023-09-20,10,47346.1,1000.64,4.8487,4851.803168,48518.03168,1171.9316800000015
3051,43,101,2023-09-21,1,463.0,96.64,4.9229,475.74905600000005,475.74905600000005,12.749056000000053
7391,43,16,2023-09-21,6,171034.2,5615.94,4.9229,27646.711026,165880.266156,0.0
5275,16,25,2023-09-21,1,12126.0,2389.36,4.9229,11762.580344000002,11762.580344000002,0.0
4307,44,22,2023-09-21,11,433981.0,7630.67,4.9229,37565.025343,413215.278773,0.0
6147,23,72,2023-09-21,6,568088.6,30675.48,4.9229,151012.320492,906073.922952,337985.3229520001
5857,15,139,2023-09-21,13,18523.0,246.89,4.9229,1215.414781,15800.392152999999,0.0
4209,22,60,2023-09-21,2,217502.0,22190.02,4.9229,109239.249458,218478.498916,976.4989160000114
4760,34,25,2023-09-21,8,92161.4,2389.36,4.9229,11762.580344000002,94100.64275200001,1939.2427520000201
1204,8,22,2023-09-21,2,74960.7,7630.67,4.9229,37565.025343,75130.050686,169.35068600000523
2273,14,38,2023-09-21,11,276519.35,5439.42,4.9229,26777.720718,294554.927898,18035.577898000018
4644,29,123,2023-09-21,3,8331.0,535.37,4.9229,2635.5729730000003,7906.718919000001,0.0
545,39,53,2023-09-21,1,53675.0,11332.93,4.9229,55790.881097000005,55790.881097000005,2115.881097000005
255,10,74,2023-09-21,9,740075.65,17160.36,4.9229,84478.73624400001,760308.6261960001,20232.97619600012
9692,30,138,2023-09-22,6,25098.0,836.88,4.9131,4111.675128,24670.050768,0.0
4481,10,17,2023-09-22,11,154427.0,2833.14,4.9131,13919.500134,153114.501474,0.0
3772,46,130,2023-09-22,9,37297.0,859.48,4.9131,4222.711188,38004.400692,707.4006920000029
9754,30,5,2023-09-22,14,331366.0,4752.24,4.9131,23348.230344,326875.224816,0.0
8290,5,105,2023-09-22,4,1176.1,62.64,4.9131,307.75658400000003,1231.0263360000001,54.92633600000022
2764,5,131,2023-09-22,8,7323.55,196.2,4.9131,963.95022,7711.60176,388.0517599999994
3262,32,27,2023-09-22,11,181626.0,3051.23,4.9131,14990.998113,164900.979243,0.0
460,31,150,2023-09-22,3,4690.15,326.88,4.9131,1605.994128,4817.982384,127.83238400000027
6991,5,93,2023-09-22,8,803816.0,19409.47,4.9131,95360.66705700001,762885.3364560001,0.0
850,12,92,2023-09-22,12,1012936.55,16745.97,4.9131,82274.625207,987295.502484,0.0
7686,11,114,2023-09-22,5,3996.0,152.46,4.9131,749.051226,3745.25613,0.0
3395,33,10,2023-09-22,7,224231.0,6445.41,4.9131,31666.943871,221668.607097,0.0
9369,32,116,2023-09-22,9,22021.0,502.24,4.9131,2467.555344,22207.998096,186.99809599999935
4789,27,106,2023-09-22,1,4165.75,918.37,4.9131,4512.043647,4512.043647,346.2936470000004
2124,12,15,2023-09-23,14,371067.15,5267.98,4.9131,25882.112537999998,362349.575532,0.0
309,19,63,2023-09-23,13,1728477.5,27618.14,4.9131,135690.683634,1763978.8872419999,35501.38724199985
620,40,12,2023-09-23,2,5179.4,527.97,4.9131,2593.969407,5187.938814,8.538814000000457
8107,37,1,2023-09-23,1,33123.0,6360.91,4.9131,31251.786921,31251.786921,0.0
5250,5,70,2023-09-23,9,293739.05,6655.06,4.9131,32696.975286,294272.777574,533.7275740000186
5169,45,53,2023-09-23,5,268375.0,11332.93,4.9131,55679.818383000005,278399.091915,10024.091914999997
2279,19,11,2023-09-23,1,34420.4,7246.24,4.9131,35601.501744,35601.501744,1181.1017439999996
3674,27,22,2023-09-23,8,315623.0,7630.67,4.9131,37490.244777,299921.958216,0.0
8283,34,76,2023-09-23,8,1126306.7,27945.06,4.9131,137296.874286,1098374.994288,0.0
9389,1,14,2023-09-23,14,501355.0,6767.66,4.9131,33250.190346,465502.664844,0.0
7586,4,40,2023-09-23,10,141840.0,2970.73,4.9131,14595.493563,145954.93563,4114.935629999993
6380,34,144,2023-09-23,13,27344.8,422.52,4.9131,2075.883012,26986.479155999998,0.0
1058,47,100,2023-09-24,11,1150603.0,19807.28,4.9131,97315.14736799999,1070466.621048,0.0
9829,30,109,2023-09-24,13,7690.25,169.23,4.9131,831.443913,10808.770869,3118.520869
3573,3,103,2023-09-24,11,19681.0,341.7,4.9131,1678.80627,18466.86897,0.0
7794,8,85,2023-09-24,9,347208.0,7499.89,4.9131,36847.709559,331629.386031,0.0
4069,12,142,2023-09-24,9,7066.1,169.88,4.9131,834.637428,7511.736852,445.63685199999964
2818,23,30,2023-09-24,4,128991.0,6558.44,4.9131,32222.271564,128889.086256,0.0
8208,47,47,2023-09-24,8,48984.0,1496.29,4.9131,7351.422399,58811.379192,9827.379192
4389,2,82,2023-09-24,6,294313.8,9770.29,4.9131,48002.411799,288014.470794,0.0
6684,1,74,2023-09-25,15,1298378.0,17160.36,4.9606,85125.68181600001,1276885.2272400002,0.0
205,41,119,2023-09-25,9,27836.9,669.88,4.9606,3323.0067280000003,29907.060552000003,2070.160552000001
5879,31,117,2023-09-25,13,53339.0,823.4,4.9606,4084.5580400000003,53099.25452,0.0
5651,37,125,2023-09-25,3,9695.7,646.27,4.9606,3205.886962,9617.660886,0.0
5713,46,27,2023-09-25,2,33023.0,3051.23,4.9606,15135.931538,30271.863076,0.0
4592,45,139,2023-09-25,13,18523.0,246.89,4.9606,1224.722534,15921.392942,0.0
5899,8,69,2023-09-25,7,316855.0,9219.51,4.9606,45734.301306,320140.10914200003,3285.1091420000303
2025,13,60,2023-09-25,8,826508.55,22190.02,4.9606,110075.81321200001,880606.5056960001,54097.95569600002
2441,20,16,2023-09-25,1,28505.7,5615.94,4.9606,27858.431964,27858.431964,0.0
5796,4,4,2023-09-25,4,12851.6,654.31,4.9606,3245.7701859999997,12983.080743999999,131.4807439999986
4735,41,136,2023-09-25,14,26247.55,533.84,4.9606,2648.166704,37074.333856000005,10826.783856000005
661,8,134,2023-09-25,1,4482.1,948.15,4.9606,4703.39289,4703.39289,221.29288999999972
3401,10,30,2023-09-25,5,153177.05,6558.44,4.9606,32533.797464,162668.98732,9491.937319999997
1631,17,107,2023-09-26,10,15134.0,295.48,4.9717,1469.0379160000002,14690.379160000002,0.0
6915,2,82,2023-09-26,4,196209.2,9770.29,4.9717,48574.950793,194299.803172,0.0
6001,15,6,2023-09-26,13,145979.85,2104.66,4.9717,10463.738122,136028.595586,0.0
3183,31,59,2023-09-26,9,784495.0,17882.07,4.9717,88904.287419,800138.586771,15643.586770999944
6,36,52,2023-09-26,3,39056.4,2634.69,4.9717,13098.888273,39296.664819,240.26481899999635
5682,47,134,2023-09-26,9,42458.0,948.15,4.9717,4713.9173550000005,42425.256195,0.0
9712,45,128,2023-09-26,11,48600.1,853.09,4.9717,4241.307553000001,46654.38308300001,0.0
4655,29,73,2023-09-26,1,143160.0,27541.35,4.9717,136927.329795,136927.329795,0.0
2875,1,52,2023-09-26,15,205562.0,2634.69,4.9717,13098.888273,196483.32409500002,0.0
3519,33,50,2023-09-27,8,85697.6,2378.45,5.0289,11960.987205,95687.89764,9990.29763999999
9920,37,149,2023-09-27,14,16291.0,225.94,5.0289,1136.229666,15907.215323999999,0.0
4597,16,128,2023-09-27,12,55809.0,853.09,5.0289,4290.104301,51481.25161200001,0.0
1430,21,108,2023-09-27,11,34960.95,653.47,5.0289,3286.2352830000004,36148.588113000005,1187.6381130000082
2437,26,7,2023-09-27,6,111257.35,3678.62,5.0289,18499.412118,110996.472708,0.0
6733,43,26,2023-09-27,15,259248.0,3412.88,5.0289,17163.032232,257445.48348000002,0.0
3854,13,15,2023-09-27,11,306897.0,5267.98,5.0289,26492.144622,291413.590842,0.0
1193,15,68,2023-09-27,6,401383.0,13998.43,5.0289,70396.704627,422380.227762,20997.227761999995
778,17,112,2023-09-27,8,16575.6,398.23,5.0289,2002.6588470000002,16021.270776000001,0.0
2758,5,101,2023-09-27,15,6951.0,96.64,5.0289,485.99289600000003,7289.893440000001,338.89344000000074
6693,31,15,2023-09-27,13,344562.15,5267.98,5.0289,26492.144622,344397.880086,0.0
2007,49,72,2023-09-28,4,398659.0,30675.48,5.0475,154834.4853,619337.9412,220678.9412
7280,24,48,2023-09-28,15,209992.75,3020.3,5.0475,15244.964250000003,228674.46375000005,18681.713750000054
1192,44,69,2023-09-28,3,135795.0,9219.51,5.0475,46535.476725,139606.430175,3811.430174999987
1358,16,122,2023-09-28,12,15870.0,271.3,5.0475,1369.3867500000001,16432.641000000003,562.6410000000033
8065,36,85,2023-09-28,4,154315.0,7499.89,5.0475,37855.694775,151422.7791,0.0
3244,29,67,2023-09-28,1,81499.55,16720.73,5.0475,84397.88467500001,84397.88467500001,2898.3346750000055
5660,4,28,2023-09-28,4,54182.3,2723.39,5.0475,13746.311025,54985.2441,802.9441000000006
7631,30,35,2023-09-28,3,31366.15,2106.85,5.0475,10634.325375,31902.976125,536.8261249999996
4608,49,22,2023-09-28,12,449762.3,7630.67,5.0475,38515.806825,462189.68189999997,12427.381899999978
500,27,72,2023-09-28,4,398659.0,30675.48,5.0475,154834.4853,619337.9412,220678.9412
8599,21,97,2023-09-28,8,1028546.95,25607.88,5.0475,129255.77430000002,1034046.1944000002,5499.2444000002
9067,47,126,2023-09-28,15,38148.2,467.05,5.0475,2357.4348750000004,35361.52312500001,0.0
7256,48,73,2023-09-28,2,286320.0,27541.35,5.0475,139014.964125,278029.92825,0.0
2357,33,131,2023-09-28,12,11563.0,196.2,5.0475,990.3195000000001,11883.834,320.83400000000074
9206,15,11,2023-09-29,6,217391.0,7246.24,5.0076,36286.271424,217717.62854399998,326.6285439999774
1829,15,21,2023-09-29,1,8298.25,1674.22,5.0076,8383.824072,8383.824072,85.57407199999943
6124,40,88,2023-09-29,3,145009.0,9954.59,5.0076,49848.604884,149545.814652,4536.814652000001
8541,49,114,2023-09-29,8,6074.3,152.46,5.0076,763.458696,6107.669568,33.36956800000007
3475,25,69,2023-09-29,12,543180.0,9219.51,5.0076,46167.618276,554011.419312,10831.419312000042
7186,38,10,2023-09-29,13,416430.0,6445.41,5.0076,32276.035116,419588.456508,3158.456507999974
960,47,19,2023-09-29,6,98594.0,3358.13,5.0076,16816.171788,100897.030728,2303.030727999998
4824,22,1,2023-09-29,8,251731.0,6360.91,5.0076,31852.892916,254823.143328,3092.1433280000056
9391,33,131,2023-09-29,3,2891.0,196.2,5.0076,982.4911199999999,2947.47336,56.47335999999996
3123,10,33,2023-09-29,7,44659.5,1268.8,5.0076,6353.642879999999,44475.500159999996,0.0
5710,18,42,2023-09-29,7,41950.0,1263.57,5.0076,6327.453132,44292.171923999995,2342.1719239999948
496,31,98,2023-09-29,10,793611.0,15850.04,5.0076,79370.660304,793706.6030400001,95.60304000007454
4175,19,139,2023-09-30,12,17099.0,246.89,5.0076,1236.326364,14835.916368,0.0
6075,42,29,2023-09-30,5,182552.0,7689.63,5.0076,38506.591188,192532.95593999999,9980.955939999985
5595,14,58,2023-09-30,12,1305895.0,20157.55,5.0076,100940.94738,1211291.3685599999,0.0
6105,24,130,2023-09-30,6,24865.0,859.48,5.0076,4303.932048000001,25823.592288000003,958.5922880000035
8710,49,30,2023-09-30,11,336990.65,6558.44,5.0076,32842.044144,361262.485584,24271.835583999986
2354,3,31,2023-09-30,6,49699.0,1686.13,5.0076,8443.464588,50660.787528,961.7875280000007
8484,29,17,2023-09-30,7,93357.45,2833.14,5.0076,14187.231864,99310.623048,5953.173047999997
9342,16,25,2023-09-30,12,138242.1,2389.36,5.0076,11964.959136000001,143579.509632,5337.409631999995
1466,41,20,2023-09-30,10,292917.3,5689.04,5.0076,28488.436704,284884.36704,0.0
1622,20,94,2023-09-30,10,387132.6,8022.13,5.0076,40171.618188,401716.18188,14583.581880000012
3382,20,83,2023-09-30,14,1792891.3,35839.7,5.0076,179470.88171999998,2512592.3440799997,719701.0440799997
9866,18,133,2023-09-30,15,28391.0,348.47,5.0076,1744.9983720000002,26174.975580000002,0.0
7242,8,57,2023-09-30,6,677105.85,22497.79,5.0076,112659.933204,675959.599224,0.0
3567,18,78,2023-09-30,13,1503755.0,25349.04,5.0076,126937.852704,1650192.085152,146437.08515199996
8903,28,102,2023-09-30,1,790.4,199.93,5.0076,1001.169468,1001.169468,210.76946800000007
3785,24,99,2023-10-01,2,203806.35,21330.89,5.0076,106816.564764,213633.129528,9826.779527999985
378,49,80,2023-10-01,5,646119.0,24177.04,5.0076,121068.945504,605344.72752,0.0
8321,46,48,2023-10-01,3,44209.0,3020.3,5.0076,15124.454280000002,45373.36284,1164.3628400000016
1262,45,136,2023-10-01,1,1974.0,533.84,5.0076,2673.257184,2673.257184,699.257184
640,14,61,2023-10-01,6,159706.4,5396.92,5.0076,27025.616592000002,162153.699552,2447.2995520000113
1871,19,45,2023-10-01,6,59422.0,1881.33,5.0076,9420.948108,56525.688648,0.0
4657,9,25,2023-10-01,14,161281.5,2389.36,5.0076,11964.959136000001,167509.427904,6227.927904000011
1799,1,109,2023-10-01,10,5915.65,169.23,5.0076,847.436148,8474.36148,2558.71148
1007,28,98,2023-10-01,10,793611.0,15850.04,5.0076,79370.660304,793706.6030400001,95.60304000007454
7130,22,64,2023-10-01,14,1561078.0,21352.22,5.0076,106923.37687200001,1496927.276208,0.0
1702,27,33,2023-10-01,1,6380.2,1268.8,5.0076,6353.642879999999,6353.642879999999,0.0
1289,32,120,2023-10-01,10,31245.0,635.45,5.0076,3182.0794200000005,31820.794200000004,575.7942000000039
4833,32,93,2023-10-01,4,381812.6,19409.47,5.0076,97194.86197200001,388779.44788800005,6966.847888000077
7114,23,76,2023-10-01,2,296396.0,27945.06,5.0076,139937.682456,279875.364912,0.0
7367,16,17,2023-10-01,1,14039.0,2833.14,5.0076,14187.231864,14187.231864,148.2318639999994
1540,8,37,2023-10-01,13,74936.0,1181.71,5.0076,5917.530996,76927.902948,1991.9029480000027
9946,17,126,2023-10-01,11,27975.6,467.05,5.0076,2338.79958,25726.79538,0.0
2983,3,62,2023-10-01,4,408888.0,20000.78,5.0076,100155.905928,400623.623712,0.0
3067,11,139,2023-10-02,12,17099.0,246.89,5.0679,1251.2138309999998,15014.565971999997,0.0
2581,29,116,2023-10-02,4,10302.0,502.24,5.0679,2545.302096,10181.208384,0.0
3450,8,15,2023-10-02,6,159029.05,5267.98,5.0679,26697.595842,160185.575052,1156.5250520000118
6005,22,149,2023-10-02,12,13264.85,225.94,5.0679,1145.041326,13740.495912,475.64591199999995
2959,39,22,2023-10-02,6,236717.0,7630.67,5.0679,38671.472493,232028.834958,0.0
852,49,28,2023-10-02,1,13546.05,2723.39,5.0679,13801.868181,13801.868181,255.81818100000055
2178,9,35,2023-10-02,3,33017.0,2106.85,5.0679,10677.305115,32031.915344999998,0.0
3091,47,58,2023-10-02,10,1088246.0,20157.55,5.0679,102156.447645,1021564.47645,0.0
7013,18,1,2023-10-02,14,440529.25,6360.91,5.0679,32236.455789,451310.381046,10781.131045999995
1331,46,96,2023-10-02,2,134179.9,14776.4,5.0679,74885.31756,149770.63512,15590.735119999998
7276,32,78,2023-10-02,3,347020.75,25349.04,5.0679,128466.399816,385399.199448,38378.449448
4457,5,118,2023-10-02,9,38836.0,797.41,5.0679,4041.1941389999997,36370.747251,0.0
8849,44,80,2023-10-02,3,368288.4,24177.04,5.0679,122526.821016,367580.463048,0.0
2607,4,63,2023-10-02,2,279915.0,27618.14,5.0679,139965.97170599998,279931.94341199996,16.943411999964155
4837,18,106,2023-10-02,14,61388.0,918.37,5.0679,4654.207323,65158.902522,3770.9025219999967
7093,6,72,2023-10-02,14,1395305.0,30675.48,5.0679,155460.265092,2176443.711288,781138.711288
803,1,138,2023-10-02,2,7947.7,836.88,5.0679,4241.224152,8482.448304,534.7483039999997
2700,6,71,2023-10-03,3,370995.9,27484.92,5.11,140447.9412,421343.8236,50347.92359999998
5246,41,28,2023-10-03,14,189639.0,2723.39,5.11,13916.5229,194831.3206,5192.320600000006
3120,36,52,2023-10-03,8,104151.35,2634.69,5.11,13463.2659,107706.1272,3554.777199999997
7301,9,114,2023-10-03,6,4556.2,152.46,5.11,779.0706000000001,4674.423600000001,118.22360000000117
7269,5,6,2023-10-03,4,44916.95,2104.66,5.11,10754.8126,43019.2504,0.0
2093,46,67,2023-10-03,8,686312.0,16720.73,5.11,85442.9303,683543.4424,0.0
6436,37,107,2023-10-03,6,9080.0,295.48,5.11,1509.9028000000003,9059.416800000003,0.0
8238,49,125,2023-10-03,3,10206.0,646.27,5.11,3302.4397,9907.3191,0.0
5490,3,25,2023-10-03,9,109138.0,2389.36,5.11,12209.629600000002,109886.66640000002,748.6664000000164
7730,30,66,2023-10-04,10,125716.0,2360.29,5.1526,12161.630254,121616.30254,0.0
5183,28,33,2023-10-04,11,73873.0,1268.8,5.1526,6537.618879999999,71913.80767999998,0.0
2969,29,108,2023-10-04,10,31783.2,653.47,5.1526,3367.069522,33670.695219999994,1887.4952199999934
2867,46,116,2023-10-04,10,24467.25,502.24,5.1526,2587.8418239999996,25878.418239999995,1411.1682399999954
1082,18,91,2023-10-04,6,809316.0,27671.77,5.1526,142581.562102,855489.372612,46173.37261199998
8632,15,115,2023-10-04,13,10258.1,160.69,5.1526,827.971294,10763.626821999998,505.526821999998
8700,31,23,2023-10-04,12,134144.0,2108.74,5.1526,10865.493723999998,130385.92468799997,0.0
6590,2,134,2023-10-04,2,9435.0,948.15,5.1526,4885.43769,9770.87538,335.8753799999995
9499,13,40,2023-10-04,2,26949.6,2970.73,5.1526,15306.983397999998,30613.966795999997,3664.3667959999984
8719,32,136,2023-10-04,6,11841.0,533.84,5.1526,2750.663984,16503.983904,4662.983904000001
7896,16,66,2023-10-05,11,138288.0,2360.29,5.1713,12205.767676999998,134263.444447,0.0
9482,35,50,2023-10-05,9,101484.0,2378.45,5.1713,12299.678484999999,110697.10636499999,9213.106364999985
9932,42,78,2023-10-05,5,578367.6,25349.04,5.1713,131087.490552,655437.45276,77069.85276000004
3235,12,57,2023-10-05,10,1187906.0,22497.79,5.1713,116342.82142699999,1163428.2142699999,0.0
5816,41,5,2023-10-05,8,189352.0,4752.24,5.1713,24575.258711999995,196602.06969599996,7250.069695999962
3420,32,117,2023-10-05,1,4103.0,823.4,5.1713,4258.048419999999,4258.048419999999,155.04841999999917
2329,31,135,2023-10-05,15,24668.0,328.1,5.1713,1696.70353,25450.55295,782.5529500000011
7917,26,35,2023-10-05,4,44022.0,2106.85,5.1713,10895.153405,43580.61362,0.0
6072,45,87,2023-10-05,11,698686.05,13597.7,5.1713,70317.78601,773495.64611,74809.59610999993
2148,39,69,2023-10-05,8,344014.0,9219.51,5.1713,47676.852063,381414.816504,37400.81650399999
8481,29,87,2023-10-05,6,401159.0,13597.7,5.1713,70317.78601,421906.71606,20747.716060000006
1285,13,122,2023-10-06,8,10051.0,271.3,5.1918,1408.53534,11268.28272,1217.2827199999992
358,42,10,2023-10-06,15,480496.0,6445.41,5.1918,33463.279638,501949.19457,21453.194569999992
4853,38,28,2023-10-06,7,99810.0,2723.39,5.1918,14139.296202,98975.073414,0.0
4156,30,40,2023-10-06,10,141840.0,2970.73,5.1918,15423.436013999999,154234.36014,12394.360140000004
5597,49,125,2023-10-06,10,32319.95,646.27,5.1918,3355.3045859999997,33553.04586,1233.0958599999976
2153,22,136,2023-10-06,4,7499.3,533.84,5.1918,2771.590512,11086.362048,3587.0620480000007
5503,23,35,2023-10-06,13,143072.0,2106.85,5.1918,10938.34383,142198.46979,0.0
5843,17,138,2023-10-06,10,39738.5,836.88,5.1918,4344.913584,43449.13584,3710.6358400000026
9835,42,84,2023-10-06,10,412527.05,8951.16,5.1918,46472.632487999996,464726.32488,52199.27487999998
4980,7,134,2023-10-06,14,66047.0,948.15,5.1918,4922.60517,68916.47237999999,2869.472379999992
475,2,107,2023-10-06,15,22701.0,295.48,5.1918,1534.073064,23011.09596,310.09595999999874
481,33,55,2023-10-06,6,626926.85,23326.09,5.1918,121104.39406199999,726626.364372,99699.514372
6168,3,132,2023-10-06,13,20319.0,276.61,5.1918,1436.103798,18669.349374,0.0
5801,19,144,2023-10-06,6,13285.0,422.52,5.1918,2193.6393359999997,13161.836015999997,0.0
9787,11,105,2023-10-06,4,1238.0,62.64,5.1918,325.21435199999996,1300.8574079999999,62.85740799999985
8068,11,13,2023-10-06,5,38736.0,1356.5,5.1918,7042.6767,35213.383499999996,0.0
3595,26,101,2023-10-06,3,1320.5,96.64,5.1918,501.735552,1505.2066559999998,184.70665599999984
7622,10,139,2023-10-07,13,18523.0,246.89,5.1918,1281.803502,16663.445526,0.0
3468,6,137,2023-10-07,10,33855.0,619.79,5.1918,3217.8257219999996,32178.257219999996,0.0
4815,7,131,2023-10-07,1,964.0,196.2,5.1918,1018.6311599999999,1018.6311599999999,54.63115999999991
4995,47,108,2023-10-07,15,47673.85,653.47,5.1918,3392.685546,50890.28319,3216.4331900000034
393,39,130,2023-10-07,6,24865.0,859.48,5.1918,4462.248264,26773.489584,1908.489583999999
2832,24,65,2023-10-07,5,127788.0,5225.24,5.1918,27128.401031999998,135642.00516,7854.005160000001
745,42,64,2023-10-07,7,741512.05,21352.22,5.1918,110856.455796,775995.190572,34483.140571999946
593,11,124,2023-10-07,15,56549.0,725.63,5.1918,3767.3258339999998,56509.88750999999,0.0
7807,8,25,2023-10-08,12,145518.0,2389.36,5.1918,12405.079248,148860.950976,3342.950975999993
7365,19,142,2023-10-08,12,9421.15,169.88,5.1918,881.982984,10583.795807999999,1162.6458079999993
1034,49,6,2023-10-08,10,118202.0,2104.66,5.1918,10926.973788,109269.73788,0.0
4866,37,86,2023-10-08,9,841708.0,17824.79,5.1918,92542.744722,832884.702498,0.0
4360,19,92,2023-10-08,3,266562.0,16745.97,5.1918,86941.727046,260825.18113799999,0.0
115,27,85,2023-10-08,1,36650.05,7499.89,5.1918,38937.928902,38937.928902,2287.8789019999967
9441,21,8,2023-10-08,15,71023.9,1006.07,5.1918,5223.314226,78349.71339,7325.81339000001
1087,48,105,2023-10-08,6,1764.15,62.64,5.1918,325.21435199999996,1951.2861119999998,187.13611199999968
8604,41,99,2023-10-08,8,815226.35,21330.89,5.1918,110745.714702,885965.717616,70739.367616
4839,10,86,2023-10-08,7,621928.9,17824.79,5.1918,92542.744722,647799.213054,25870.313054000027
7743,28,13,2023-10-08,2,15494.0,1356.5,5.1918,7042.6767,14085.3534,0.0
1763,47,55,2023-10-08,8,879898.0,23326.09,5.1918,121104.39406199999,968835.1524959999,88937.15249599994
3332,2,47,2023-10-08,15,87251.8,1496.29,5.1918,7768.438421999999,116526.57632999998,29274.77632999998
3216,33,106,2023-10-08,14,61388.0,918.37,5.1918,4767.993366,66751.90712399999,5363.90712399999
7025,10,28,2023-10-08,6,81273.45,2723.39,5.1918,14139.296202,84835.777212,3562.327212000004
3490,18,90,2023-10-09,14,1051994.85,14083.78,5.1666,72765.257748,1018713.6084720001,0.0
5697,49,44,2023-10-09,15,153997.85,1963.02,5.1666,10142.139132,152132.08698,0.0
7760,11,8,2023-10-09,15,71023.9,1006.07,5.1666,5197.961262,77969.41893,6945.518930000006
5959,17,38,2023-10-09,12,317534.0,5439.42,5.1666,28103.307372,337239.688464,19705.688464000006
2834,14,36,2023-10-09,8,171770.45,4733.87,5.1666,24458.012742,195664.101936,23893.65193599998
3610,33,127,2023-10-09,5,7747.0,296.24,5.1666,1530.553584,7652.76792,0.0
1600,44,10,2023-10-09,11,334744.85,6445.41,5.1666,33300.855306,366309.408366,31564.558366000012
6860,11,49,2023-10-09,2,25201.6,2627.0,5.1666,13572.6582,27145.3164,1943.7164000000012
1116,3,9,2023-10-10,6,238233.0,7933.96,5.0862,40353.707352,242122.244112,3889.2441119999858
6303,6,116,2023-10-10,8,19573.8,502.24,5.0862,2554.493088,20435.944704,862.1447040000021
2451,5,33,2023-10-10,15,95700.15,1268.8,5.0862,6453.370559999999,96800.5584,1100.4084000000003
1530,20,30,2023-10-10,10,322479.0,6558.44,5.0862,33357.53752799999,333575.3752799999,11096.37527999992
1282,15,99,2023-10-10,11,1120936.35,21330.89,5.0862,108493.17271799999,1193424.8998979998,72488.54989799974
8302,13,7,2023-10-10,4,78075.0,3678.62,5.0862,18710.197044,74840.788176,0.0
7142,3,43,2023-10-10,3,100026.45,6219.32,5.0862,31632.705383999997,94898.11615199999,0.0
3199,24,145,2023-10-10,11,47848.0,820.56,5.0862,4173.5322719999995,45908.85499199999,0.0
7540,36,62,2023-10-10,6,613332.0,20000.78,5.0862,101727.967236,610367.803416,0.0
5724,11,28,2023-10-10,14,199620.0,2723.39,5.0862,13851.706218,193923.88705199998,0.0
9345,3,113,2023-10-10,2,8790.0,815.5,5.0862,4147.7961,8295.5922,0.0
3523,24,48,2023-10-11,9,125995.65,3020.3,5.0496,15251.30688,137261.76192,11266.111919999996
6481,9,44,2023-10-11,14,151296.0,1963.02,5.0496,9912.465791999999,138774.52108799998,0.0
783,22,80,2023-10-11,4,491050.25,24177.04,5.0496,122084.381184,488337.524736,0.0
7042,38,72,2023-10-11,4,378726.05,30675.48,5.0496,154898.903808,619595.615232,240869.56523200002
2402,35,45,2023-10-11,10,94085.15,1881.33,5.0496,9499.963968,94999.63968,914.4896799999988
3550,6,116,2023-10-11,8,19573.8,502.24,5.0496,2536.111104,20288.888832,715.0888320000013
1224,2,125,2023-10-11,1,3231.9,646.27,5.0496,3263.4049919999998,3263.4049919999998,31.504991999999675
2660,9,35,2023-10-11,4,44022.0,2106.85,5.0496,10638.749759999999,42554.999039999995,0.0
3935,5,111,2023-10-11,3,12856.0,821.82,5.0496,4149.862272,12449.586816,0.0
8047,22,139,2023-10-12,8,11399.0,246.89,5.0496,1246.6957439999999,9973.565951999999,0.0
8494,26,3,2023-10-12,12,108290.0,1753.77,5.0496,8855.836992,106270.043904,0.0
7344,22,97,2023-10-12,2,257136.5,25607.88,5.0496,129309.550848,258619.101696,1482.601695999998
6435,15,10,2023-10-12,10,320330.0,6445.41,5.0496,32546.742336,325467.42336,5137.423360000015
4295,11,56,2023-10-12,6,257933.0,8087.59,5.0496,40839.094464,245034.56678400002,0.0
5838,45,49,2023-10-12,8,106114.0,2627.0,5.0496,13265.2992,106122.3936,8.393599999995786
9929,17,69,2023-10-12,14,633710.0,9219.51,5.0496,46554.837696,651767.727744,18057.727744000033
9723,33,17,2023-10-12,12,160041.75,2833.14,5.0496,14306.223743999999,171674.68492799997,11632.934927999973
5885,9,123,2023-10-12,3,7914.45,535.37,5.0496,2703.404352,8110.2130560000005,195.7630560000007
5972,39,53,2023-10-12,9,483075.0,11332.93,5.0496,57226.763328,515040.869952,31965.86995199998
8017,43,73,2023-10-12,15,2147399.0,27541.35,5.0496,139072.80096,2086092.0144,0.0
9222,34,41,2023-10-12,11,110770.0,2005.71,5.0496,10128.033216,111408.365376,638.3653760000016
2287,34,100,2023-10-12,15,1569004.0,19807.28,5.0496,100018.84108799999,1500282.6163199998,0.0
8180,43,55,2023-10-12,10,1099872.0,23326.09,5.0496,117787.42406399999,1177874.24064,78002.24063999997
2302,15,56,2023-10-12,3,128966.0,8087.59,5.0496,40839.094464,122517.28339200001,0.0
4471,18,149,2023-10-13,14,16291.0,225.94,5.0625,1143.82125,16013.4975,0.0
6855,28,57,2023-10-13,7,789957.3,22497.79,5.0625,113895.061875,797265.433125,7308.133124999935
4171,25,146,2023-10-13,13,6125.6,99.02,5.0625,501.28875,6516.75375,391.1537499999995
354,12,113,2023-10-13,9,37577.25,815.5,5.0625,4128.46875,37156.21875,0.0
5359,49,139,2023-10-13,7,9974.0,246.89,5.0625,1249.880625,8749.164375,0.0
8347,37,41,2023-10-13,3,31800.0,2005.71,5.0625,10153.906875,30461.720625,0.0
8236,2,22,2023-10-13,6,224881.15,7630.67,5.0625,38630.266875,231781.60125,6900.451250000013
3319,47,89,2023-10-13,11,822186.05,14832.32,5.0625,75088.62,825974.82,3788.769999999902
6084,20,95,2023-10-13,14,977313.0,12945.63,5.0625,65537.251875,917521.52625,0.0
5487,44,128,2023-10-13,15,66272.95,853.09,5.0625,4318.7681250000005,64781.521875000006,0.0
5810,44,67,2023-10-13,10,814995.5,16720.73,5.0625,84648.695625,846486.9562499999,31491.45624999993
3863,7,71,2023-10-14,9,1112988.65,27484.92,5.0625,139142.4075,1252281.6675,139293.01750000007
1903,3,54,2023-10-14,7,808206.8,23191.9,5.0625,117408.99375000001,821862.95625,13656.15625
4104,45,45,2023-10-14,1,9904.0,1881.33,5.0625,9524.233124999999,9524.233124999999,0.0
1671,1,92,2023-10-14,7,621979.0,16745.97,5.0625,84776.473125,593435.311875,0.0
347,17,63,2023-10-14,11,1462557.3,27618.14,5.0625,139816.83375,1537985.17125,75427.87124999985
6815,40,34,2023-10-14,5,24588.0,1022.84,5.0625,5178.1275000000005,25890.637500000004,1302.6375000000044
15,17,14,2023-10-14,3,102061.35,6767.66,5.0625,34261.27875,102783.83625,722.4862499999872
492,9,141,2023-10-14,4,18170.65,962.15,5.0625,4870.884375,19483.5375,1312.887499999997
6200,38,28,2023-10-14,2,27091.15,2723.39,5.0625,13787.161875,27574.32375,483.1737499999981
8600,40,31,2023-10-14,11,86558.3,1686.13,5.0625,8536.033125,93896.364375,7338.064375000002
5764,23,133,2023-10-14,13,24605.0,348.47,5.0625,1764.1293750000002,22933.681875000002,0.0
2786,31,32,2023-10-14,2,25005.0,2560.62,5.0625,12963.13875,25926.2775,921.2775000000001
9077,32,109,2023-10-14,1,591.85,169.23,5.0625,856.726875,856.726875,264.8768749999999
7658,20,106,2023-10-14,1,4385.0,918.37,5.0625,4649.248125,4649.248125,264.2481250000001
9535,9,99,2023-10-15,5,509516.35,21330.89,5.0625,107987.63062499999,539938.153125,30421.803124999977
4118,29,130,2023-10-15,7,29009.0,859.48,5.0625,4351.1175,30457.822500000002,1448.822500000002
6542,14,69,2023-10-15,13,588445.0,9219.51,5.0625,46673.769375,606759.0018750001,18314.001875000075
5646,9,131,2023-10-15,13,11900.65,196.2,5.0625,993.2624999999999,12912.412499999999,1011.7624999999989
9425,33,24,2023-10-15,6,139393.0,4129.65,5.0625,20906.353124999998,125438.11875,0.0
6800,46,106,2023-10-15,5,20827.8,918.37,5.0625,4649.248125,23246.240625,2418.4406249999993
1209,16,91,2023-10-15,7,944202.0,27671.77,5.0625,140088.335625,980618.349375,36416.34937499999
6122,26,22,2023-10-15,5,187400.8,7630.67,5.0625,38630.266875,193151.334375,5750.5343750000175
6824,22,30,2023-10-15,14,428896.5,6558.44,5.0625,33202.1025,464829.435,35932.935
700,6,77,2023-10-15,2,84938.55,8959.75,5.0625,45358.734375,90717.46875,5778.918749999997
5070,42,65,2023-10-15,5,127788.0,5225.24,5.0625,26452.7775,132263.8875,4475.887500000012
3439,16,150,2023-10-15,11,17196.9,326.88,5.0625,1654.83,18203.129999999997,1006.2299999999959
575,19,136,2023-10-15,14,27629.0,533.84,5.0625,2702.565,37835.91,10206.910000000003
8034,15,123,2023-10-16,14,36935.05,535.37,5.0618,2709.935866,37939.102124,1004.0521239999944
9681,46,94,2023-10-16,2,77426.9,8022.13,5.0618,40606.417634,81212.835268,3785.935268000001
7828,15,58,2023-10-16,3,310150.3,20157.55,5.0618,102033.48659,306100.45977,0.0
3314,40,105,2023-10-16,11,3405.0,62.64,5.0618,317.071152,3487.782672,82.78267199999982
1580,33,134,2023-10-16,2,8963.25,948.15,5.0618,4799.34567,9598.69134,635.4413399999994
8948,9,34,2023-10-16,7,34423.0,1022.84,5.0618,5177.411512,36241.880584,1818.8805839999986
1395,17,145,2023-10-16,11,47848.0,820.56,5.0618,4153.510608,45688.616687999995,0.0
8313,34,127,2023-10-16,9,13944.0,296.24,5.0618,1499.507632,13495.568688000001,0.0
7847,2,108,2023-10-16,4,13382.0,653.47,5.0618,3307.734446,13230.937784,0.0
1439,8,109,2023-10-16,6,3549.2,169.23,5.0618,856.6084139999999,5139.650484,1590.450484
3411,20,69,2023-10-16,2,86003.5,9219.51,5.0618,46667.315718,93334.631436,7331.131435999996
7763,47,36,2023-10-16,11,236184.25,4476.41,5.0618,22658.692138,249245.613518,13061.363517999998
2247,10,46,2023-10-16,9,42611.3,1000.64,5.0618,5065.039552,45585.355968,2974.0559680000006
9491,40,66,2023-10-16,1,12572.0,2360.29,5.0618,11947.315922,11947.315922,0.0
1206,45,82,2023-10-16,2,98104.6,9770.29,5.0618,49455.253922,98910.507844,805.9078440000012
145,3,122,2023-10-16,12,15076.5,271.3,5.0618,1373.2663400000001,16479.19608,1402.6960800000015
1976,5,132,2023-10-17,15,23445.0,276.61,5.0384,1393.671824,20905.07736,0.0
5961,6,81,2023-10-17,8,977188.0,23345.09,5.0384,117621.901456,940975.211648,0.0
6540,24,134,2023-10-17,4,18870.0,948.15,5.0384,4777.15896,19108.63584,238.635839999999
6172,37,75,2023-10-17,5,163842.0,6193.58,5.0384,31205.733472,156028.66736,0.0
1352,32,39,2023-10-17,10,281511.6,5270.87,5.0384,26556.751408,265567.51408,0.0
733,45,68,2023-10-17,4,254208.6,13998.43,5.0384,70529.689712,282118.758848,27910.15884800002
2877,26,29,2023-10-17,7,255572.0,7689.63,5.0384,38743.431792,271204.022544,15632.022544000007
9125,14,2,2023-10-17,15,199473.4,2829.74,5.0384,14257.362016,213860.43024,14387.030239999993
4896,43,57,2023-10-17,7,831534.0,22497.79,5.0384,113352.86513600001,793470.0559520001,0.0
6011,19,72,2023-10-17,12,1195976.0,30675.48,5.0384,154555.33843200002,1854664.0611840002,658688.0611840002
8718,26,17,2023-10-17,1,14039.0,2833.14,5.0384,14274.492576,14274.492576,235.49257600000055
64,24,106,2023-10-17,13,57003.0,918.37,5.0384,4627.115408000001,60152.50030400001,3149.5003040000083
8883,16,138,2023-10-17,10,39738.5,836.88,5.0384,4216.5361920000005,42165.36192,2426.861920000003
3718,41,17,2023-10-18,2,26674.1,2833.14,5.0568,14326.622351999999,28653.244703999997,1979.1447039999985
9828,1,116,2023-10-18,8,20604.0,502.24,5.0568,2539.727232,20317.817856,0.0
7008,28,145,2023-10-18,8,33059.05,820.56,5.0568,4149.407808,33195.262464,136.21246399999654
1099,4,101,2023-10-18,12,5282.95,96.64,5.0568,488.689152,5864.269824,581.3198240000002
4771,4,10,2023-10-18,1,32033.0,6445.41,5.0568,32593.149288,32593.149288,560.1492880000005
4350,32,140,2023-10-18,11,34480.0,586.81,5.0568,2967.380808,32641.188887999997,0.0
4444,28,145,2023-10-18,9,39149.0,820.56,5.0568,4149.407808,37344.670272,0.0
9764,15,46,2023-10-18,3,14951.0,1000.64,5.0568,5060.036352,15180.109056000001,229.10905600000115
2103,7,11,2023-10-18,6,206521.45,7246.24,5.0568,36642.786432,219856.71859200002,13335.268592000008
9167,25,127,2023-10-18,8,12395.0,296.24,5.0568,1498.026432,11984.211456,0.0
9460,39,136,2023-10-18,1,1974.0,533.84,5.0568,2699.522112,2699.522112,725.5221120000001
7116,9,20,2023-10-18,8,234334.6,5689.04,5.0568,28768.337472,230146.699776,0.0
327,43,60,2023-10-19,8,826508.55,22190.02,5.054,112148.36108,897186.88864,70678.33863999997
623,30,77,2023-10-19,14,594571.75,8959.75,5.054,45282.5765,633956.071,39384.320999999996
5390,25,98,2023-10-19,8,634889.0,15850.04,5.054,80106.10216000001,640848.8172800001,5959.817280000076
3702,4,124,2023-10-19,15,53721.55,725.63,5.054,3667.3340200000002,55010.0103,1288.4602999999988
1217,21,135,2023-10-19,5,7811.85,328.1,5.054,1658.2174000000002,8291.087000000001,479.237000000001
7458,33,28,2023-10-19,4,54182.3,2723.39,5.054,13764.01306,55056.05224,873.7522399999943
4653,43,80,2023-10-19,4,491050.25,24177.04,5.054,122190.76016,488763.04064,0.0
4105,9,15,2023-10-19,5,139499.0,5267.98,5.054,26624.370919999998,133121.8546,0.0
815,7,122,2023-10-19,12,15076.5,271.3,5.054,1371.1502,16453.8024,1377.3024000000005
1583,25,100,2023-10-19,8,836802.0,19807.28,5.054,100105.99312,800847.94496,0.0
8403,41,10,2023-10-19,14,448463.0,6445.41,5.054,32575.102140000003,456051.42996000004,7588.429960000038
7636,22,103,2023-10-19,14,23796.55,341.7,5.054,1726.9518,24177.3252,380.77520000000004
1146,42,123,2023-10-19,9,24994.0,535.37,5.054,2705.7599800000003,24351.83982,0.0
9826,11,64,2023-10-19,4,446022.0,21352.22,5.054,107914.11988000001,431656.47952000005,0.0
1391,49,99,2023-10-19,13,1394467.0,21330.89,5.054,107806.31806,1401482.13478,7015.134779999964
2065,48,140,2023-10-19,8,23823.15,586.81,5.054,2965.73774,23725.90192,0.0
217,22,112,2023-10-19,13,26934.4,435.58,5.054,2201.42132,28618.47716,1684.077159999997
4973,25,36,2023-10-19,14,300598.05,4476.41,5.054,22623.77614,316732.86596,16134.815960000036
200,20,44,2023-10-20,7,71865.6,1963.02,5.0528,9918.747456000001,69431.23219200001,0.0
9468,11,95,2023-10-20,2,139616.0,12945.63,5.0528,65411.679264,130823.358528,0.0
6711,29,90,2023-10-20,12,949168.0,14083.78,5.0528,71162.52358400001,853950.2830080001,0.0
1046,7,58,2023-10-20,5,544123.0,20157.55,5.0528,101852.06864,509260.3432,0.0
5404,11,15,2023-10-20,2,55800.0,5267.98,5.0528,26618.049344,53236.098688,0.0
9333,4,110,2023-10-20,13,32442.0,476.03,5.0528,2405.284384,31268.696992,0.0
411,38,89,2023-10-20,15,1121162.45,14832.32,5.0528,74944.746496,1124171.19744,3008.7474400000647
9696,34,118,2023-10-20,12,51781.0,797.41,5.0528,4029.153248,48349.838976,0.0
6024,33,103,2023-10-20,1,1789.0,341.7,5.0528,1726.54176,1726.54176,0.0
3083,45,84,2023-10-20,14,607934.0,8951.16,5.0528,45228.421248000006,633197.8974720001,25263.8974720001
6673,8,141,2023-10-21,14,63597.75,962.15,5.0528,4861.55152,68061.72128,4463.971279999998
1809,3,78,2023-10-21,1,115673.9,25349.04,5.0528,128083.62931200002,128083.62931200002,12409.729312000025
6643,25,130,2023-10-21,1,4144.0,859.48,5.0528,4342.780544,4342.780544,198.7805440000002
1539,48,15,2023-10-21,14,371067.15,5267.98,5.0528,26618.049344,372652.690816,1585.5408159999643
4634,41,120,2023-10-21,9,26714.0,635.45,5.0528,3210.8017600000003,28897.215840000004,2183.2158400000044
6681,17,135,2023-10-21,11,18090.0,328.1,5.0528,1657.8236800000002,18236.060480000004,146.06048000000374
7761,13,98,2023-10-21,3,238083.0,15850.04,5.0528,80087.082112,240261.246336,2178.246336000011
9023,4,56,2023-10-21,8,343910.0,8087.59,5.0528,40864.974752,326919.798016,0.0
1411,15,63,2023-10-21,8,1063677.95,27618.14,5.0528,139548.937792,1116391.502336,52713.55233600014
6222,12,38,2023-10-21,10,251380.45,5439.42,5.0528,27484.301376000003,274843.01376,23462.56375999999
2235,11,65,2023-10-21,15,364197.7,5225.24,5.0528,26402.092672000002,396031.39008000004,31833.69008000003
5872,5,7,2023-10-21,5,92714.3,3678.62,5.0528,18587.331136,92936.65568,222.3556799999933
8761,35,112,2023-10-22,11,22790.5,435.58,5.0528,2200.898624,24209.884864,1419.3848639999997
2229,29,150,2023-10-22,7,11520.0,326.88,5.0528,1651.6592640000001,11561.614848000001,41.614848000001075
8087,20,91,2023-10-22,10,1348860.0,27671.77,5.0528,139819.919456,1398199.19456,49339.194559999974
4685,29,149,2023-10-22,9,9949.35,225.94,5.0528,1141.6296320000001,10274.666688000001,325.3166880000008
2336,4,5,2023-10-22,15,355035.0,4752.24,5.0528,24012.118272,360181.77408,5146.774080000003
6277,37,49,2023-10-22,8,106114.0,2627.0,5.0528,13273.705600000001,106189.64480000001,75.64480000000913
1637,45,114,2023-10-22,15,11989.0,152.46,5.0528,770.3498880000001,11555.24832,0.0
6579,45,82,2023-10-22,9,464706.0,9770.29,5.0528,49367.32131200001,444305.89180800004,0.0
8227,1,60,2023-10-22,8,826508.55,22190.02,5.0528,112121.73305600001,896973.8644480001,70465.31444800005
8704,42,30,2023-10-22,15,459532.1,6558.44,5.0528,33138.485632,497077.28448000003,37545.184480000054
2632,24,135,2023-10-22,5,8223.0,328.1,5.0528,1657.8236800000002,8289.118400000001,66.1184000000012
2350,34,85,2023-10-22,13,476446.85,7499.89,5.0528,37895.444192,492640.774496,16193.92449600005
1750,28,95,2023-10-22,11,767888.0,12945.63,5.0528,65411.679264,719528.471904,0.0
1889,24,5,2023-10-23,8,179884.4,4752.24,5.0164,23839.136736,190713.093888,10828.693888000009
4921,28,138,2023-10-23,9,35764.65,836.88,5.0164,4198.1248319999995,37783.123488,2018.473487999996
9256,40,42,2023-10-23,14,79705.0,1263.57,5.0164,6338.572548,88740.01567200001,9035.015672000009
6717,25,92,2023-10-23,11,977395.0,16745.97,5.0164,84004.48390800001,924049.3229880001,0.0
2379,39,7,2023-10-23,10,195188.0,3678.62,5.0164,18453.429368,184534.29368,0.0
2185,36,62,2023-10-23,4,388443.6,20000.78,5.0164,100331.91279199999,401327.65116799995,12884.051167999976
1880,8,80,2023-10-23,1,122762.8,24177.04,5.0164,121281.703456,121281.703456,0.0
9532,27,56,2023-10-23,8,343910.0,8087.59,5.0164,40570.586476000004,324564.69180800003,0.0
8968,22,132,2023-10-23,3,4689.0,276.61,5.0164,1387.5864040000001,4162.759212000001,0.0
3361,37,65,2023-10-24,14,357808.0,5225.24,5.0065,26160.16406,366242.29683999997,8434.296839999966
7542,18,67,2023-10-24,11,896496.0,16720.73,5.0065,83712.334745,920835.682195,24339.682195
2337,20,81,2023-10-24,1,122148.0,23345.09,5.0065,116877.193085,116877.193085,0.0
4436,15,32,2023-10-24,14,175034.0,2560.62,5.0065,12819.74403,179476.41642,4442.416419999994
4777,29,135,2023-10-24,15,24668.0,328.1,5.0065,1642.63265,24639.48975,0.0
1636,37,80,2023-10-24,6,736575.85,24177.04,5.0065,121042.35076,726254.10456,0.0
5173,16,133,2023-10-24,4,7571.0,348.47,5.0065,1744.6150550000002,6978.460220000001,0.0
4126,36,85,2023-10-24,1,36650.05,7499.89,5.0065,37548.199285,37548.199285,898.1492849999995
7240,33,124,2023-10-24,6,21489.0,725.63,5.0065,3632.866595,21797.19957,308.1995700000007
2239,14,30,2023-10-24,6,193487.0,6558.44,5.0065,32834.82986,197008.97916,3521.979159999988
2667,47,20,2023-10-25,15,462502.0,5689.04,4.9981,28434.390824,426515.86235999997,0.0
4854,26,20,2023-10-25,14,431668.0,5689.04,4.9981,28434.390824,398081.47153599997,0.0
5949,37,85,2023-10-25,5,183249.3,7499.89,4.9981,37485.200209,187426.001045,4176.701045000023
766,3,110,2023-10-25,7,17469.0,476.03,4.9981,2379.245543,16654.718801,0.0
4288,40,3,2023-10-25,8,72194.0,1753.77,4.9981,8765.517837,70124.142696,0.0
4241,40,126,2023-10-25,15,40156.0,467.05,4.9981,2334.3626050000003,35015.439075,0.0
639,14,9,2023-10-25,4,158822.0,7933.96,4.9981,39654.725476,158618.901904,0.0
8936,48,42,2023-10-25,2,11986.0,1263.57,4.9981,6315.449216999999,12630.898433999999,644.8984339999988
2280,40,88,2023-10-25,8,386692.0,9954.59,4.9981,49754.036279,398032.290232,11340.290232
2683,48,102,2023-10-25,4,3161.6,199.93,4.9981,999.270133,3997.080532,835.480532
1150,43,108,2023-10-26,2,6356.45,653.47,5.0055,3270.944085,6541.88817,185.43817000000035
4781,15,106,2023-10-26,8,35079.0,918.37,5.0055,4596.901035,36775.20828,1696.208279999999
1367,39,120,2023-10-26,3,9373.0,635.45,5.0055,3180.744975,9542.234925,169.23492500000066
7464,14,100,2023-10-26,10,1046002.0,19807.28,5.0055,99145.34003999998,991453.4003999998,0.0
3850,5,124,2023-10-26,13,46558.55,725.63,5.0055,3632.1409649999996,47217.832545,659.2825449999946
2319,3,38,2023-10-26,10,251380.45,5439.42,5.0055,27227.016809999997,272270.16809999995,20889.71809999994
1950,17,117,2023-10-26,15,61545.0,823.4,5.0055,4121.5287,61822.930499999995,277.93049999999494
1229,20,74,2023-10-26,11,904536.8,17160.36,5.0055,85896.18198,944858.0017799999,40321.20177999989
6659,9,81,2023-10-26,5,610742.0,23345.09,5.0055,116853.84799499999,584269.2399749999,0.0
1663,10,48,2023-10-26,12,176836.0,3020.3,5.0055,15118.111649999999,181417.3398,4581.339799999987
5604,49,24,2023-10-26,7,162625.0,4129.65,5.0055,20670.963074999996,144696.74152499996,0.0
6885,16,124,2023-10-27,10,37699.0,725.63,4.948,3590.41724,35904.1724,0.0
9648,21,149,2023-10-27,10,11636.0,225.94,4.948,1117.9511200000002,11179.5112,0.0
5508,49,146,2023-10-27,15,7068.0,99.02,4.948,489.95096,7349.2644,281.2644
2523,1,70,2023-10-27,9,293739.05,6655.06,4.948,32929.236880000004,296363.13192,2624.081920000026
2845,43,90,2023-10-27,7,553681.0,14083.78,4.948,69686.54344000001,487805.80408000003,0.0
2896,35,29,2023-10-27,11,401614.0,7689.63,4.948,38048.289240000006,418531.1816400001,16917.181640000083
6027,23,129,2023-10-27,15,46543.35,598.62,4.948,2961.9717600000004,44429.576400000005,0.0
2661,39,105,2023-10-27,10,3095.0,62.64,4.948,309.94272,3099.4272,4.427200000000084
254,24,5,2023-10-27,7,157398.85,4752.24,4.948,23514.08352,164598.58464000002,7199.73464000001
888,22,24,2023-10-27,15,348483.0,4129.65,4.948,20433.5082,306502.623,0.0
3579,42,54,2023-10-27,13,1579953.0,23191.9,4.948,114753.52120000002,1491795.7756000003,0.0
6846,34,50,2023-10-27,8,90208.0,2378.45,4.948,11768.570600000001,94148.56480000001,3940.5648000000074
5105,4,5,2023-10-28,9,202369.95,4752.24,4.948,23514.08352,211626.75168,9256.801679999975
5440,37,133,2023-10-28,11,20820.0,348.47,4.948,1724.2295600000002,18966.52516,0.0
2599,35,6,2023-10-28,5,56145.95,2104.66,4.948,10413.857680000001,52069.288400000005,0.0
8373,12,107,2023-10-28,14,21187.0,295.48,4.948,1462.0350400000002,20468.490560000002,0.0
5419,1,122,2023-10-28,8,10580.0,271.3,4.948,1342.3924000000002,10739.139200000001,159.13920000000144
3151,9,58,2023-10-28,10,1033833.7,20157.55,4.948,99739.5574,997395.574,0.0
1536,40,25,2023-10-28,3,36379.0,2389.36,4.948,11822.553280000002,35467.65984000001,0.0
7223,16,77,2023-10-28,2,89409.0,8959.75,4.948,44332.843,88665.686,0.0
1336,2,3,2023-10-28,5,45121.0,1753.77,4.948,8677.653960000001,43388.26980000001,0.0
1955,4,27,2023-10-28,14,219602.0,3051.23,4.948,15097.486040000002,211364.80456000002,0.0
3657,37,6,2023-10-28,14,157208.85,2104.66,4.948,10413.857680000001,145794.00752,0.0
1327,48,91,2023-10-28,13,1753518.0,27671.77,4.948,136919.91796000002,1779958.9334800004,26440.933480000356
6020,7,79,2023-10-29,11,691234.25,11724.63,4.948,58013.46924,638148.16164,0.0
1060,29,134,2023-10-29,14,66047.0,948.15,4.948,4691.4462,65680.24680000001,0.0
4094,21,74,2023-10-29,3,259676.0,17160.36,4.948,84909.46128,254728.38384000002,0.0
3359,34,116,2023-10-29,5,12878.0,502.24,4.948,2485.08352,12425.4176,0.0
4325,32,120,2023-10-29,3,9373.0,635.45,4.948,3144.2066000000004,9432.6198,59.619800000000396
660,2,91,2023-10-29,12,1618632.0,27671.77,4.948,136919.91796000002,1643039.0155200004,24407.015520000365
416,13,16,2023-10-29,4,120024.0,5615.94,4.948,27787.67112,111150.68448,0.0
3644,22,134,2023-10-29,8,37741.0,948.15,4.948,4691.4462,37531.5696,0.0
3322,29,6,2023-10-29,15,168437.85,2104.66,4.948,10413.857680000001,156207.8652,0.0
7219,30,141,2023-10-29,6,28691.0,955.42,4.948,4727.41816,28364.50896,0.0
6188,34,133,2023-10-29,10,18927.0,348.47,4.948,1724.2295600000002,17242.2956,0.0
5305,41,71,2023-10-29,7,865657.1,27484.92,4.948,135995.38416000002,951967.6891200001,86310.58912000014
1897,22,98,2023-10-29,1,75392.95,15850.04,4.948,78425.99792000001,78425.99792000001,3033.047920000012
6360,6,99,2023-10-30,7,750867.0,21330.89,5.0074,106812.29858599999,747686.0901019999,0.0
1131,37,113,2023-10-30,15,65924.0,815.5,5.0074,4083.5346999999997,61253.0205,0.0
5414,32,51,2023-10-30,15,962385.0,12243.38,5.0074,61307.50101199999,919612.5151799999,0.0
2293,7,103,2023-10-30,13,22096.05,341.7,5.0074,1711.02858,22243.37154,147.32154000000082
2294,15,123,2023-10-30,5,13885.0,535.37,5.0074,2680.811738,13404.05869,0.0
5837,40,7,2023-10-30,12,222513.75,3678.62,5.0074,18420.321787999997,221043.86145599996,0.0
4102,35,54,2023-10-30,1,121535.0,23191.9,5.0074,116131.12006,116131.12006,0.0
2237,14,105,2023-10-30,14,4117.3,62.64,5.0074,313.66353599999997,4391.289503999999,273.9895039999992
9822,38,104,2023-10-30,3,11139.0,742.54,5.0074,3718.1947959999998,11154.584388,15.584387999999308
3712,29,54,2023-10-30,2,243070.0,23191.9,5.0074,116131.12006,232262.24012,0.0
7110,14,80,2023-10-30,5,646119.0,24177.04,5.0074,121064.11009599999,605320.55048,0.0
2924,8,51,2023-10-30,1,64159.0,12243.38,5.0074,61307.50101199999,61307.50101199999,0.0
9026,2,9,2023-10-30,11,414922.0,7933.96,5.0074,39728.511304,437013.624344,22091.62434400001
1584,16,48,2023-10-30,12,167994.2,3020.3,5.0074,15123.85022,181486.20264,13492.002639999992
4620,24,29,2023-10-30,11,381533.3,7689.63,5.0074,38505.053262,423555.58588200004,42022.285882000055
1828,23,124,2023-10-31,15,56549.0,725.63,5.0575,3669.873725,55048.105875,0.0
9153,3,23,2023-10-31,3,33536.0,2108.74,5.0575,10664.95255,31994.857649999998,0.0
6131,49,29,2023-10-31,13,474634.0,7689.63,5.0575,38890.303725,505573.94842499995,30939.94842499995
9962,29,109,2023-10-31,4,2491.0,169.23,5.0575,855.880725,3423.5229,932.5228999999999
5288,38,133,2023-10-31,9,16182.3,348.47,5.0575,1762.3870250000002,15861.483225000002,0.0
3492,30,113,2023-10-31,14,61529.0,815.5,5.0575,4124.39125,57741.47749999999,0.0
3095,39,117,2023-10-31,1,4103.0,823.4,5.0575,4164.3455,4164.3455,61.34550000000036
5919,36,50,2023-10-31,11,117834.2,2378.45,5.0575,12029.010875,132319.119625,14484.919624999995
1476,13,82,2023-10-31,13,671243.0,9770.29,5.0575,49413.241675000005,642372.141775,0.0
7805,42,107,2023-10-31,1,1437.35,295.48,5.0575,1494.3901,1494.3901,57.040100000000166
105,23,77,2023-10-31,6,254816.6,8959.75,5.0575,45313.935625,271883.61375,17067.013750000013
3417,11,1,2023-10-31,6,198735.0,6574.8,5.0575,33252.051,199512.30599999998,777.3059999999823
1764,16,107,2023-10-31,4,5751.3,295.48,5.0575,1494.3901,5977.5604,226.26040000000012
9270,28,131,2023-10-31,12,11563.0,196.2,5.0575,992.2814999999999,11907.377999999999,344.3779999999988
3678,25,71,2023-10-31,12,1562089.0,27484.92,5.0575,139004.9829,1668059.7948,105970.79480000003
2688,1,4,2023-10-31,1,3212.9,654.31,5.0575,3309.1728249999996,3309.1728249999996,96.27282499999956
726,22,39,2023-10-31,12,337814.3,5270.87,5.0575,26657.425025,319889.1003,0.0
583,17,58,2023-10-31,2,217649.0,20157.55,5.0575,101946.809125,203893.61825,0.0
199,2,99,2023-10-31,11,1120936.35,21330.89,5.0575,107880.976175,1186690.737925,65754.38792499993
4619,29,101,2023-11-01,13,5722.8,96.64,5.0194,485.074816,6305.972608,583.1726079999999
8621,45,126,2023-11-01,9,22889.3,467.05,5.0194,2344.31077,21098.79693,0.0
2618,42,107,2023-11-01,12,17252.95,295.48,5.0194,1483.1323120000002,17797.587744000004,544.6377440000033
6142,44,13,2023-11-01,10,73597.45,1356.5,5.0194,6808.8161,68088.161,0.0
5093,18,15,2023-11-01,1,26505.0,5267.98,5.0194,26442.098811999997,26442.098811999997,0.0
6513,2,124,2023-11-01,11,41469.0,725.63,5.0194,3642.227222,40064.499442,0.0
6025,48,143,2023-11-01,4,16858.7,896.83,5.0194,4501.548502000001,18006.194008000002,1147.4940080000015
9542,43,76,2023-11-01,3,444595.0,27945.06,5.0194,140267.434164,420802.30249200005,0.0
334,40,86,2023-11-01,6,561139.0,17824.79,5.0194,89469.75092600001,536818.505556,0.0
9971,1,86,2023-11-01,5,467616.0,17824.79,5.0194,89469.75092600001,447348.75463000004,0.0
1896,1,86,2023-11-01,13,1155010.95,17824.79,5.0194,89469.75092600001,1163106.7620380002,8095.812038000207
2495,19,109,2023-11-01,8,4982.0,169.23,5.0194,849.433062,6795.464496,1813.4644959999996
2883,31,65,2023-11-01,14,357808.0,5225.24,5.0194,26227.569656,367185.975184,9377.97518399998
1049,46,122,2023-11-01,13,16332.4,271.3,5.0194,1361.76322,17702.921860000002,1370.5218600000026
4199,47,33,2023-11-01,4,26863.0,1268.8,5.0194,6368.61472,25474.45888,0.0
4399,46,29,2023-11-01,1,34684.5,7689.63,5.0194,38597.328822,38597.328822,3912.828822000003
4844,22,5,2023-11-01,12,284028.0,4752.24,5.0194,23853.393455999998,286240.721472,2212.7214720000047
7175,2,20,2023-11-01,9,277501.0,5689.04,5.0194,28555.567376,257000.10638399998,0.0
5475,23,17,2023-11-01,7,98271.0,2833.14,5.0194,14220.662916,99544.640412,1273.6404119999934
546,19,55,2023-11-01,15,1567317.6,23326.09,5.0194,117082.976146,1756244.64219,188927.04218999995
2566,46,132,2023-11-01,7,10941.0,276.61,5.0194,1388.416234,9718.913638,0.0
3725,41,74,2023-11-02,11,904536.8,17160.36,5.0194,86134.710984,947481.820824,42945.02082400001
7167,42,135,2023-11-02,10,16445.0,328.1,5.0194,1646.86514,16468.651400000002,23.651400000002468
7818,18,150,2023-11-02,5,8228.0,326.88,5.0194,1640.741472,8203.70736,0.0
1587,29,46,2023-11-02,4,19935.0,1000.64,5.0194,5022.612416,20090.449664,155.44966399999976
3829,2,142,2023-11-02,12,9917.0,169.88,5.0194,852.695672,10232.348064,315.3480639999998
1986,22,134,2023-11-02,10,44817.2,948.15,5.0194,4759.14411,47591.441100000004,2774.2411000000066
5432,41,114,2023-11-02,5,3996.0,152.46,5.0194,765.257724,3826.2886200000003,0.0
9757,16,30,2023-11-02,13,398260.9,6558.44,5.0194,32919.433736,427952.638568,29691.73856799997
1778,38,56,2023-11-02,11,449232.2,8087.59,5.0194,40594.849246,446543.341706,0.0
32,43,40,2023-11-02,11,156024.0,2970.73,5.0194,14911.282162,164024.103782,8000.103781999991
8815,32,90,2023-11-02,2,150285.25,14083.78,5.0194,70692.12533200001,141384.25066400002,0.0
2517,10,10,2023-11-02,3,96099.0,6445.41,5.0194,32352.090954,97056.272862,957.272861999998
5577,27,44,2023-11-02,4,41065.65,1963.02,5.0194,9853.182588,39412.730352,0.0
5685,16,32,2023-11-02,8,95019.0,2560.62,5.0194,12852.776028,102822.208224,7803.208224000002
3862,20,105,2023-11-03,12,3714.0,62.64,4.891,306.37224,3676.46688,0.0
4747,14,27,2023-11-03,10,165114.0,3051.23,4.891,14923.56593,149235.6593,0.0
1322,12,139,2023-11-03,13,17596.85,246.89,4.891,1207.53899,15698.006870000001,0.0
5160,8,14,2023-11-03,6,214866.0,6767.66,4.891,33100.62506,198603.75036,0.0
2674,4,39,2023-11-03,9,253360.25,5270.87,4.891,25779.82517,232018.42653,0.0
1755,45,101,2023-11-03,9,3962.45,96.64,4.891,472.66624,4253.996160000001,291.5461600000008
624,1,108,2023-11-03,5,16728.0,653.47,4.891,3196.12177,15980.60885,0.0
1374,38,122,2023-11-03,9,11902.0,271.3,4.891,1326.9283,11942.3547,40.354699999999866
1401,23,55,2023-11-03,2,208975.3,23326.09,4.891,114087.90619,228175.81238,19200.51238
1772,2,47,2023-11-03,13,79598.0,1496.29,4.891,7318.3543899999995,95138.60707,15540.607069999998
9404,49,8,2023-11-03,1,4734.8,1006.07,4.891,4920.68837,4920.68837,185.88836999999967
881,36,106,2023-11-03,10,41656.55,918.37,4.891,4491.74767,44917.4767,3260.9266999999963
8197,31,35,2023-11-03,15,156828.85,2106.85,4.891,10304.60335,154569.05025,0.0
1698,26,9,2023-11-03,14,528083.15,7933.96,4.891,38804.99836,543269.97704,15186.827040000004
7566,21,51,2023-11-03,15,962385.0,12243.38,4.891,59882.37158,898235.5737,0.0
6259,35,55,2023-11-04,2,208975.3,23326.09,4.891,114087.90619,228175.81238,19200.51238
2563,46,12,2023-11-04,9,23309.2,527.97,4.891,2582.30127,23240.71143,0.0
1522,15,1,2023-11-04,2,66245.0,6574.8,4.891,32157.3468,64314.6936,0.0
9893,31,120,2023-11-04,7,20777.45,635.45,4.891,3107.9859500000002,21755.90165,978.4516499999991
9846,4,49,2023-11-04,14,176415.0,2627.0,4.891,12848.657,179881.19799999997,3466.197999999975
4631,46,67,2023-11-04,3,257367.0,16720.73,4.891,81781.09043,245343.27129,0.0
4766,30,119,2023-11-04,1,3256.0,669.88,4.891,3276.38308,3276.38308,20.383080000000064
8826,35,46,2023-11-04,8,37876.5,1000.64,4.891,4894.1302399999995,39153.041919999996,1276.541919999996
2793,11,32,2023-11-04,13,154405.4,2560.62,4.891,12523.992419999999,162811.90146,8406.50146
3941,21,28,2023-11-04,14,199620.0,2723.39,4.891,13320.100489999999,186481.40686,0.0
6425,43,54,2023-11-04,4,486139.0,23191.9,4.891,113431.58290000001,453726.33160000003,0.0
4013,38,128,2023-11-04,8,35345.7,853.09,4.891,4172.46319,33379.70552,0.0
2270,10,17,2023-11-04,8,112310.0,2833.14,4.891,13856.88774,110855.10192,0.0
552,48,11,2023-11-04,15,516305.05,7246.24,4.891,35441.35984,531620.3975999999,15315.347599999921
2917,34,7,2023-11-05,11,214706.0,3678.62,4.891,17992.13042,197913.43462,0.0
202,27,57,2023-11-05,8,950325.0,22497.79,4.891,110036.69089,880293.52712,0.0
287,3,42,2023-11-05,5,28465.8,1263.57,4.891,6180.12087,30900.604349999998,2434.8043499999985
6650,31,47,2023-11-05,11,67353.0,1496.29,4.891,7318.3543899999995,80501.89829,13148.898289999997
9407,6,138,2023-11-05,7,27816.95,836.88,4.891,4093.18008,28652.260560000002,835.3105600000017
5399,37,138,2023-11-05,13,51661.0,836.88,4.891,4093.18008,53211.34104,1550.3410399999993
34,28,73,2023-11-05,3,429480.0,27541.35,4.891,134704.74284999998,404114.22854999994,0.0
2611,23,47,2023-11-05,15,87251.8,1496.29,4.891,7318.3543899999995,109775.31585,22523.515849999996
277,9,55,2023-11-05,1,104487.65,23326.09,4.891,114087.90619,114087.90619,9600.25619
4715,3,70,2023-11-05,3,103066.0,6655.06,4.891,32549.89846,97649.69538,0.0
8262,38,149,2023-11-05,14,15476.45,225.94,4.891,1105.07254,15471.015559999998,0.0
350,42,7,2023-11-05,5,92714.3,3678.62,4.891,17992.13042,89960.6521,0.0
6392,28,141,2023-11-05,12,54512.9,955.42,4.891,4672.95922,56075.51063999999,1562.6106399999917
4255,2,39,2023-11-05,12,355594.0,5270.87,4.891,25779.82517,309357.90204,0.0
1239,5,130,2023-11-06,11,45585.0,859.48,4.8999,4211.366051999999,46325.026571999995,740.0265719999952
3206,39,61,2023-11-06,9,239559.6,5396.92,4.8999,26444.368307999997,237999.31477199998,0.0
4947,18,51,2023-11-06,10,609510.5,12243.38,4.8999,59991.33766199999,599913.3766199999,0.0
1994,10,10,2023-11-06,1,30431.35,6445.41,4.8999,31581.864458999997,31581.864458999997,1150.5144589999982
4380,17,21,2023-11-06,12,104815.0,1674.22,4.8999,8203.510578,98442.12693599999,0.0
4290,40,79,2023-11-06,13,816913.55,11724.63,4.8999,57449.514536999995,746843.688981,0.0
6683,36,18,2023-11-06,14,353413.3,5536.62,4.8999,27128.884337999996,379804.38073199993,26391.080731999944
223,18,125,2023-11-06,9,29088.05,646.27,4.8999,3166.6583729999998,28499.925356999996,0.0
7836,42,18,2023-11-06,9,227194.4,5536.62,4.8999,27128.884337999996,244159.95904199997,16965.55904199998
3408,30,52,2023-11-06,8,109633.0,2634.69,4.8999,12909.717531,103277.740248,0.0
2143,5,39,2023-11-06,14,394117.0,5270.87,4.8999,25826.735912999997,361574.3027819999,0.0
2147,21,140,2023-11-06,1,3135.0,586.81,4.8999,2875.3103189999997,2875.3103189999997,0.0
8006,29,61,2023-11-06,12,319412.8,5396.92,4.8999,26444.368307999997,317332.41969599994,0.0
7904,23,131,2023-11-06,1,964.0,196.2,4.8999,961.3603799999999,961.3603799999999,0.0
7165,16,14,2023-11-07,5,170102.25,6767.66,4.867,32938.20122,164691.0061,0.0
343,47,64,2023-11-07,14,1483024.1,21352.22,4.867,103921.25474,1454897.56636,0.0
5229,27,2,2023-11-07,2,26596.2,2829.74,4.867,13772.344579999999,27544.689159999998,948.4891599999974
7570,15,110,2023-11-07,12,29946.0,476.03,4.867,2316.83801,27802.05612,0.0
1368,47,20,2023-11-07,15,462502.0,5689.04,4.867,27688.557679999998,415328.3652,0.0
4890,32,135,2023-11-07,15,23434.6,328.1,4.867,1596.8627000000001,23952.9405,518.3405000000021
8143,4,62,2023-11-07,8,776887.2,20000.78,4.867,97343.79625999999,778750.3700799999,1863.1700799999526
5224,10,38,2023-11-07,12,301657.3,5439.42,4.867,26473.65714,317683.88568,16026.585680000018
9,37,26,2023-11-07,7,114932.9,3412.88,4.867,16610.486960000002,116273.40872,1340.5087200000125
1732,31,45,2023-11-07,8,79230.0,1881.33,4.867,9156.43311,73251.46488,0.0
9422,21,14,2023-11-07,11,393922.0,6767.66,4.867,32938.20122,362320.21342000004,0.0
2706,18,150,2023-11-07,7,10944.0,326.88,4.867,1590.92496,11136.47472,192.47472000000016
5846,6,93,2023-11-07,7,703339.0,19409.47,4.867,94465.89049,661261.23343,0.0
5916,43,56,2023-11-07,8,343910.0,8087.59,4.867,39362.30053,314898.40424,0.0
5242,39,109,2023-11-07,7,4359.0,169.23,4.867,823.6424099999999,5765.496869999999,1406.496869999999
6952,9,80,2023-11-07,1,122762.8,24177.04,4.867,117669.65368,117669.65368,0.0
6562,46,44,2023-11-08,9,97262.0,1963.02,4.8855,9590.33421,86313.00789000001,0.0
6522,36,113,2023-11-08,4,17580.0,815.5,4.8855,3984.1252500000005,15936.501000000002,0.0
4428,26,87,2023-11-08,2,133720.0,13597.7,4.8855,66431.56335000001,132863.12670000002,0.0
4783,28,101,2023-11-08,13,5722.8,96.64,4.8855,472.13472,6137.75136,414.95136
3958,5,71,2023-11-08,12,1562089.0,27484.92,4.8855,134277.57666,1611330.9199199998,49241.91991999978
9190,8,28,2023-11-08,11,149001.8,2723.39,4.8855,13305.121845,146356.340295,0.0
5743,16,61,2023-11-08,6,168112.0,5396.92,4.8855,26366.652660000003,158199.91596,0.0
8231,6,138,2023-11-08,6,23843.1,836.88,4.8855,4088.5772400000005,24531.463440000003,688.3634400000046
4095,34,129,2023-11-08,14,45727.0,598.62,4.8855,2924.55801,40943.81214,0.0
2978,4,101,2023-11-08,10,4634.0,96.64,4.8855,472.13472,4721.3472,87.34720000000016
2934,7,127,2023-11-08,7,10302.75,296.24,4.8855,1447.2805200000003,10130.963640000002,0.0
3192,37,65,2023-11-08,15,364197.7,5225.24,4.8855,25527.91002,382918.6503,18720.950299999968
279,1,71,2023-11-08,12,1562089.0,27484.92,4.8855,134277.57666,1611330.9199199998,49241.91991999978
8535,46,131,2023-11-08,1,964.0,196.2,4.8855,958.5351,958.5351,0.0
2546,49,125,2023-11-09,2,6463.8,646.27,4.9007,3167.1753889999995,6334.350777999999,0.0
5679,44,148,2023-11-09,15,68193.85,948.22,4.9007,4646.9417539999995,69704.12630999999,1510.2763099999866
6527,40,116,2023-11-09,9,23180.0,502.24,4.9007,2461.3275679999997,22151.948112,0.0
6086,8,44,2023-11-09,11,118875.0,1963.02,4.9007,9620.172113999999,105821.893254,0.0
4511,21,146,2023-11-09,7,3472.0,99.02,4.9007,485.26731399999994,3396.871198,0.0
3660,25,140,2023-11-09,4,11911.1,586.81,4.9007,2875.7797669999995,11503.119067999998,0.0
2112,17,118,2023-11-09,15,64727.0,880.76,4.9007,4316.340531999999,64745.107979999986,18.107979999986128
3643,39,149,2023-11-09,7,8145.0,225.94,4.9007,1107.264158,7750.849106,0.0
7756,14,12,2023-11-09,14,38167.0,527.97,4.9007,2587.422579,36223.916106000004,0.0
9707,19,34,2023-11-09,14,65402.75,1022.84,4.9007,5012.631988,70176.847832,4774.0978319999995
9851,45,131,2023-11-09,6,5782.0,196.2,4.9007,961.5173399999999,5769.104039999999,0.0
7864,15,136,2023-11-09,8,14998.6,390.62,4.9007,1914.311434,15314.491472,315.89147199999934
6871,36,139,2023-11-09,7,9475.3,246.89,4.9007,1209.9338229999998,8469.536761,0.0
6143,32,98,2023-11-09,9,714250.0,15850.04,4.9007,77676.29102799999,699086.6192519999,0.0
3584,41,117,2023-11-10,5,19489.25,823.4,4.9219,4052.6924599999998,20263.4623,774.2122999999992
2640,43,113,2023-11-10,6,25051.5,815.5,4.9219,4013.8094499999997,24082.856699999997,0.0
6376,46,82,2023-11-10,14,722877.0,9770.29,4.9219,48088.390351,673237.464914,0.0
9346,17,124,2023-11-10,3,10744.5,725.63,4.9219,3571.478297,10714.434891,0.0
3596,7,70,2023-11-10,5,163188.15,6655.06,4.9219,32755.539814000003,163777.69907000003,589.5490700000373
342,3,74,2023-11-10,6,493383.45,17160.36,4.9219,84461.575884,506769.45530400006,13386.00530400005
6697,2,29,2023-11-10,14,511145.0,7689.63,4.9219,37847.589897,529866.258558,18721.258557999972
2950,34,40,2023-11-10,5,70920.0,2970.73,4.9219,14621.635987,73108.179935,2188.179934999993
7205,15,70,2023-11-10,8,274843.0,6655.06,4.9219,32755.539814000003,262044.31851200003,0.0
9959,14,105,2023-11-10,14,4117.3,62.64,4.9219,308.307816,4316.309424,199.00942399999985
6153,25,98,2023-11-10,11,829323.4,15850.04,4.9219,78012.311876,858135.4306360001,28812.030636000098
4727,25,3,2023-11-10,7,60010.55,1753.77,4.9219,8631.880563,60423.163941000006,412.61394100000325
2411,31,16,2023-11-11,10,285057.0,5615.94,4.9219,27641.095085999998,276410.95086,0.0
6780,41,142,2023-11-11,7,5785.0,169.88,4.9219,836.1323719999999,5852.926603999999,67.92660399999932
2381,23,41,2023-11-11,3,30210.0,2005.71,4.9219,9871.904049,29615.712147000002,0.0
8016,19,78,2023-11-11,10,1217616.0,25349.04,4.9219,124765.43997600001,1247654.3997600002,30038.399760000175
4642,33,127,2023-11-11,7,10845.0,296.24,4.9219,1458.063656,10206.445592,0.0
319,12,16,2023-11-11,15,450090.0,5615.94,4.9219,27641.095085999998,414616.42629,0.0
9679,20,38,2023-11-11,3,75413.85,5439.42,4.9219,26772.281298,80316.843894,4902.993893999999
6401,47,110,2023-11-11,6,14224.35,476.03,4.9219,2342.972057,14057.832342,0.0
3097,39,82,2023-11-11,11,539575.3,9770.29,4.9219,48088.390351,528972.293861,0.0
1649,4,72,2023-11-11,12,1136177.2,30675.48,4.9219,150981.645012,1811779.740144,675602.540144
8251,25,6,2023-11-11,2,23640.0,2104.66,4.9219,10358.926054,20717.852108,0.0
9046,30,1,2023-11-11,4,132490.0,6574.8,4.9219,32360.508120000002,129442.03248000001,0.0
8140,10,46,2023-11-11,3,14951.0,1000.64,4.9219,4925.050016,14775.150048,0.0
457,49,92,2023-11-11,8,675291.35,16745.97,4.9219,82421.989743,659375.917944,0.0
3598,38,82,2023-11-11,8,413072.0,9770.29,4.9219,48088.390351,384707.122808,0.0
3664,35,99,2023-11-12,3,321800.0,21330.89,4.9219,104988.507491,314965.522473,0.0
724,46,9,2023-11-12,14,555877.0,7933.96,4.9219,39050.157724,546702.208136,0.0
5254,15,59,2023-11-12,14,1220326.0,17882.07,4.9219,88013.760333,1232192.644662,11866.644662000006
3873,42,36,2023-11-12,3,67804.0,4476.41,4.9219,22032.442379,66097.327137,0.0
6844,15,118,2023-11-12,13,53291.2,880.76,4.9219,4335.012643999999,56355.16437199999,3063.964371999995
5579,13,146,2023-11-12,3,1488.0,99.02,4.9219,487.366538,1462.099614,0.0
7790,38,39,2023-11-12,5,140755.8,5270.87,4.9219,25942.695053,129713.475265,0.0
6165,25,54,2023-11-12,11,1336883.0,23191.9,4.9219,114148.21261,1255630.33871,0.0
9213,21,60,2023-11-12,15,1631266.0,22190.02,4.9219,109217.059438,1638255.89157,6989.891569999978
3599,49,96,2023-11-12,1,70621.0,14776.4,4.9219,72727.96316,72727.96316,2106.9631599999993
7762,45,96,2023-11-12,12,847450.0,14776.4,4.9219,72727.96316,872735.55792,25285.55792000005
8553,48,135,2023-11-13,6,9867.0,328.1,4.9247,1615.79407,9694.76442,0.0
1154,11,42,2023-11-13,8,45545.85,1263.57,4.9247,6222.703178999999,49781.62543199999,4235.775431999995
8037,37,61,2023-11-13,1,26618.05,5396.92,4.9247,26578.211924,26578.211924,0.0
591,33,54,2023-11-13,9,1039122.35,23191.9,4.9247,114213.14993,1027918.34937,0.0
9180,43,97,2023-11-13,3,385704.75,25607.88,4.9247,126111.126636,378333.379908,0.0
3122,45,123,2023-11-13,4,11108.0,535.37,4.9247,2636.536639,10546.146556,0.0
3339,3,124,2023-11-13,11,39395.55,725.63,4.9247,3573.5100609999995,39308.610670999995,0.0
2843,13,26,2023-11-13,15,259248.0,3412.88,4.9247,16807.410136,252111.15204,0.0
718,36,106,2023-11-13,5,20827.8,918.37,4.9247,4522.696739,22613.483695,1785.6836949999997
1902,1,129,2023-11-13,2,6532.0,598.62,4.9247,2948.023914,5896.047828,0.0
2126,6,3,2023-11-13,6,54145.0,1753.77,4.9247,8636.791119,51820.74671399999,0.0
554,23,16,2023-11-13,15,450090.0,5615.94,4.9247,27656.819717999995,414852.2957699999,0.0
770,31,62,2023-11-13,10,971109.0,20000.78,4.9247,98497.84126599999,984978.4126599999,13869.412659999914
2388,41,41,2023-11-13,15,151050.0,2005.71,4.9247,9877.520037,148162.800555,0.0
9700,11,76,2023-11-13,10,1407882.9,27945.06,4.9247,137621.036982,1376210.36982,0.0
2810,45,94,2023-11-13,13,529761.0,8022.13,4.9247,39506.583610999995,513585.5869429999,0.0
5112,12,76,2023-11-14,11,1630181.0,27945.06,4.8682,136042.141092,1496463.552012,0.0
3948,14,121,2023-11-14,7,24567.0,746.8,4.8682,3635.57176,25449.00232,882.0023199999996
4182,35,99,2023-11-14,15,1609000.0,21330.89,4.8682,103843.03869799999,1557645.58047,0.0
4659,24,40,2023-11-14,4,56736.0,2970.73,4.8682,14462.107786,57848.431144,1112.431144000002
7966,9,33,2023-11-14,10,63800.1,1268.8,4.8682,6176.7721599999995,61767.7216,0.0
7193,2,26,2023-11-14,9,147771.55,3412.88,4.8682,16614.582416,149531.241744,1759.6917440000107
9733,9,88,2023-11-14,7,338355.0,9954.59,4.8682,48460.935037999996,339226.545266,871.5452659999719
8440,19,38,2023-11-14,4,100552.75,5439.42,4.8682,26480.184444,105920.737776,5367.9877759999945
198,38,106,2023-11-14,10,43849.0,918.37,4.8682,4470.8088339999995,44708.088339999995,859.0883399999948
5412,38,74,2023-11-14,2,164461.15,17160.36,4.8682,83540.064552,167080.129104,2618.979103999998
5034,27,129,2023-11-14,14,45727.0,598.62,4.8682,2914.201884,40798.826376,0.0
5243,15,27,2023-11-14,3,47057.3,3051.23,4.8682,14853.997886,44561.993658,0.0
214,14,66,2023-11-15,7,83600.95,2360.29,4.8682,11490.363777999999,80432.546446,0.0
5956,40,111,2023-11-15,15,64278.0,821.82,4.8682,4000.7841240000002,60011.761860000006,0.0
7404,21,33,2023-11-15,11,73873.0,1268.8,4.8682,6176.7721599999995,67944.49376,0.0
8574,38,145,2023-11-15,15,61985.6,820.56,4.8682,3994.6501919999996,59919.75287999999,0.0
489,33,124,2023-11-15,9,32232.55,725.63,4.8682,3532.511966,31792.607694,0.0
8853,14,2,2023-11-15,13,181976.0,2829.74,4.8682,13775.740267999998,179084.62348399998,0.0
6705,37,109,2023-11-15,6,3736.0,169.23,4.8682,823.8454859999999,4943.072915999999,1207.0729159999992
8594,27,132,2023-11-15,1,1484.85,276.61,4.8682,1346.5928020000001,1346.5928020000001,0.0
3476,34,95,2023-11-15,15,994764.95,12945.63,4.8682,63021.91596599999,945328.73949,0.0
3699,40,46,2023-11-15,6,28407.85,1000.64,4.8682,4871.315648,29227.893888,820.0438880000002
5204,40,54,2023-11-15,14,1701487.0,23191.9,4.8682,112902.80758000001,1580639.30612,0.0
8384,20,23,2023-11-15,10,106196.7,2108.74,4.8682,10265.768068,102657.68067999999,0.0
7940,35,75,2023-11-15,15,491526.0,6193.58,4.8682,30151.586155999998,452273.79234,0.0
6772,46,69,2023-11-15,12,543180.0,9219.51,4.8682,44882.418582,538589.0229839999,0.0
3063,38,138,2023-11-15,4,15895.4,836.88,4.8682,4074.099216,16296.396864,400.99686400000064
4214,20,108,2023-11-15,11,36801.0,653.47,4.8682,3181.222654,34993.449194,0.0
885,40,117,2023-11-15,12,46774.2,823.4,4.8682,4008.47588,48101.71056,1327.5105600000024
3014,23,8,2023-11-15,5,23674.95,1006.07,4.8682,4897.749974,24488.74987,813.7998699999989
6327,32,103,2023-11-15,1,1699.55,341.7,4.8682,1663.4639399999999,1663.4639399999999,0.0
6445,20,5,2023-11-15,6,142014.0,4752.24,4.8682,23134.854767999997,138809.128608,0.0
3366,49,60,2023-11-15,1,103313.45,22190.02,4.8682,108025.455364,108025.455364,4712.005363999997
8379,17,89,2023-11-16,5,373720.5,14832.32,4.8575,72047.9944,360239.97199999995,0.0
7347,47,54,2023-11-16,15,1823022.0,23191.9,4.8575,112654.65425,1689819.8137500002,0.0
5931,17,144,2023-11-16,11,24356.0,422.52,4.8575,2052.3909,22576.299899999998,0.0
4172,44,35,2023-11-16,6,66033.0,2106.85,4.8575,10234.023874999999,61404.143249999994,0.0
3279,24,80,2023-11-16,1,129224.0,24177.04,4.8575,117439.9718,117439.9718,0.0
9396,48,3,2023-11-16,4,36097.0,1753.77,4.8575,8518.937775,34075.7511,0.0
9761,25,16,2023-11-16,10,285057.0,5615.94,4.8575,27279.428549999997,272794.2855,0.0
4782,26,134,2023-11-16,4,17926.5,948.15,4.8575,4605.638625,18422.5545,496.05449999999837
5696,28,85,2023-11-16,3,109949.2,7499.89,4.8575,36430.715675,109292.147025,0.0
4413,2,22,2023-11-16,9,337322.2,7630.67,4.8575,37065.979525,333593.815725,0.0
3127,37,131,2023-11-16,7,6407.75,196.2,4.8575,953.0414999999999,6671.290499999999,263.54049999999916
408,9,68,2023-11-16,9,571970.3,13998.43,4.8575,67997.373725,611976.3635249999,40006.06352499989
5152,21,147,2023-11-17,15,45451.0,592.19,4.8849,2892.7889310000005,43391.833965000005,0.0
9539,20,66,2023-11-17,5,59715.1,2360.29,4.8849,11529.780621,57648.903105,0.0
2716,32,8,2023-11-17,13,64794.0,1006.07,4.8849,4914.551343,63889.167459000004,0.0
7889,22,45,2023-11-17,2,18816.65,1881.33,4.8849,9190.108917,18380.217834,0.0
3927,1,60,2023-11-17,6,652507.0,22190.02,4.8849,108396.02869800001,650376.172188,0.0
5130,20,97,2023-11-17,13,1759356.0,25607.88,4.8849,125091.93301200001,1626195.1291560002,0.0
8478,29,70,2023-11-17,2,68711.0,6655.06,4.8849,32509.302594,65018.605188,0.0
3251,34,128,2023-11-17,9,41856.0,853.09,4.8849,4167.259341,37505.334069,0.0
6818,38,64,2023-11-17,14,1483024.1,21352.22,4.8849,104303.459478,1460248.4326920002,0.0
3280,4,103,2023-11-17,15,26838.0,341.7,4.8849,1669.17033,25037.554949999998,0.0
6492,37,122,2023-11-17,4,5025.5,271.3,4.8849,1325.27337,5301.09348,275.59348000000045
1730,30,93,2023-11-17,8,803816.0,19409.47,4.8849,94813.320003,758506.560024,0.0
9205,14,103,2023-11-17,10,17892.0,341.7,4.8849,1669.17033,16691.7033,0.0
1417,27,129,2023-11-17,15,46543.35,598.62,4.8849,2924.1988380000003,43862.98257000001,0.0
8576,32,24,2023-11-17,13,286917.1,4129.65,4.8849,20172.927284999998,262248.05470499996,0.0
2493,22,78,2023-11-17,8,974092.0,25349.04,4.8849,123827.525496,990620.203968,16528.203968000016
9762,7,1,2023-11-17,13,409063.35,6574.8,4.8849,32117.24052,417524.12676,8460.776760000037
9876,7,146,2023-11-17,11,5456.0,99.02,4.8849,483.702798,5320.730778,0.0
3268,38,60,2023-11-17,10,1033135.45,22190.02,4.8849,108396.02869800001,1083960.28698,50824.83698000014
4759,23,65,2023-11-18,10,242798.15,5225.24,4.8849,25524.774876,255247.74876,12449.598759999993
9344,36,93,2023-11-18,9,859078.35,19409.47,4.8849,94813.320003,853319.880027,0.0
6686,38,34,2023-11-18,4,19670.0,1022.84,4.8849,4996.471116000001,19985.884464000002,315.8844640000025
6541,6,123,2023-11-18,11,29020.6,535.37,4.8849,2615.228913,28767.518043,0.0
7994,2,77,2023-11-18,7,312933.0,8959.75,4.8849,43767.482775,306372.379425,0.0
5826,33,4,2023-11-18,8,27055.0,654.31,4.8849,3196.238919,25569.911352,0.0
2510,40,24,2023-11-18,4,88282.55,4129.65,4.8849,20172.927284999998,80691.70913999999,0.0
7664,49,95,2023-11-18,10,663176.0,12945.63,4.8849,63238.107986999996,632381.07987,0.0
644,5,40,2023-11-19,8,107798.4,2970.73,4.8849,14511.718977,116093.751816,8295.35181600001
8547,29,1,2023-11-19,14,463715.0,6574.8,4.8849,32117.24052,449641.36728,0.0
1119,2,61,2023-11-19,15,399265.05,5396.92,4.8849,26363.414508,395451.21762,0.0
3538,26,120,2023-11-19,5,15622.0,635.45,4.8849,3104.1097050000003,15520.548525000002,0.0
8422,19,85,2023-11-19,10,366497.65,7499.89,4.8849,36636.212661000005,366362.12661000004,0.0
4892,8,13,2023-11-19,8,58878.15,1356.5,4.8849,6626.36685,53010.9348,0.0
6238,16,69,2023-11-19,2,90530.0,9219.51,4.8849,45036.384399,90072.768798,0.0
6862,42,133,2023-11-19,13,23374.75,348.47,4.8849,1702.241103,22129.134339,0.0
4068,21,137,2023-11-19,12,38594.7,619.79,4.8849,3027.6121709999998,36331.34605199999,0.0
2576,14,62,2023-11-19,4,388443.6,20000.78,4.8849,97701.810222,390807.240888,2363.6408880000236
9139,17,118,2023-11-19,8,34521.0,880.76,4.8849,4302.424524,34419.396192,0.0
6400,33,48,2023-11-20,3,44209.0,3020.3,4.8723,14715.807690000001,44147.423070000004,0.0
356,14,22,2023-11-20,1,37480.35,7630.67,4.8723,37178.913441000004,37178.913441000004,0.0
5325,35,68,2023-11-20,6,381313.85,13998.43,4.8723,68204.550489,409227.30293400004,27913.45293400006
3782,34,61,2023-11-20,8,224149.0,5396.92,4.8723,26295.413316000002,210363.30652800002,0.0
2023,41,146,2023-11-20,4,1984.0,99.02,4.8723,482.455146,1929.820584,0.0
5417,24,90,2023-11-20,8,601140.05,14083.78,4.8723,68620.40129400001,548963.2103520001,0.0
5853,14,135,2023-11-20,13,21379.0,328.1,4.8723,1598.6016300000001,20781.821190000002,0.0
4405,20,147,2023-11-20,15,43178.45,592.19,4.8723,2885.327337,43279.910055,101.4600550000032
6722,41,49,2023-11-20,4,53057.0,2627.0,4.8723,12799.5321,51198.1284,0.0
4950,35,47,2023-11-20,10,61230.0,1496.29,4.8723,7290.373767,72903.73767,11673.737670000002
9838,7,42,2023-11-20,2,11986.0,1263.57,4.8723,6156.492111,12312.984222,326.98422199999914
8678,42,75,2023-11-21,10,311299.8,6193.58,4.8806,30228.386548000002,302283.86548000004,0.0
9719,4,59,2023-11-21,3,248423.1,17882.07,4.8806,87275.230842,261825.69252600003,13402.592526000022
9710,15,80,2023-11-21,14,1809134.0,24177.04,4.8806,117998.46142400001,1651978.4599360002,0.0
2996,33,16,2023-11-21,15,427585.5,5615.94,4.8806,27409.156764,411137.35146,0.0
4545,33,129,2023-11-21,1,3102.7,598.62,4.8806,2921.624772,2921.624772,0.0
763,42,75,2023-11-21,9,280169.25,6193.58,4.8806,30228.386548000002,272055.478932,0.0
9414,1,98,2023-11-21,3,226178.85,15850.04,4.8806,77357.705224,232073.115672,5894.265672000009
1499,44,39,2023-11-21,7,197058.5,5270.87,4.8806,25725.008122,180075.056854,0.0
418,5,68,2023-11-21,1,63552.15,13998.43,4.8806,68320.737458,68320.737458,4768.587458000002
8406,17,113,2023-11-21,12,52740.0,815.5,4.8806,3980.1293,47761.5516,0.0
5962,46,27,2023-11-21,15,247672.0,3051.23,4.8806,14891.833138000002,223377.49707000004,0.0
5482,19,122,2023-11-21,1,1322.0,271.3,4.8806,1324.10678,1324.10678,2.1067800000000716
9137,25,15,2023-11-21,15,397571.2,5267.98,4.8806,25710.903188,385663.54782,0.0
9020,6,41,2023-11-21,11,116600.0,2005.71,4.8806,9789.068226000001,107679.75048600002,0.0
4731,2,133,2023-11-21,11,20820.0,348.47,4.8806,1700.7426820000003,18708.169502000004,0.0
4344,45,109,2023-11-21,2,1245.0,169.23,4.8806,825.943938,1651.887876,406.887876
224,42,34,2023-11-21,10,46716.25,1022.84,4.8806,4992.072904000001,49920.729040000006,3204.4790400000056
3168,14,44,2023-11-21,13,133464.55,1963.02,4.8806,9580.715412,124549.30035599999,0.0
3815,7,142,2023-11-21,8,6280.45,169.88,4.8806,829.1163280000001,6632.9306240000005,352.4806240000007
2712,3,1,2023-11-21,3,94399.6,6574.8,4.8806,32088.968880000004,96266.90664000002,1867.3066400000098
8416,5,12,2023-11-22,2,5179.4,527.97,4.8968,2585.363496,5170.726992,0.0
1486,11,127,2023-11-22,9,13246.8,296.24,4.8968,1450.628032,13055.652288000001,0.0
8275,37,84,2023-11-22,9,371274.25,8951.16,4.8968,43832.040288,394488.362592,23214.11259199999
9928,32,125,2023-11-22,8,27217.0,646.27,4.8968,3164.654936,25317.239488,0.0
331,2,97,2023-11-22,11,1488686.0,25607.88,4.8968,125396.666784,1379363.334624,0.0
2719,24,128,2023-11-22,8,35345.7,853.09,4.8968,4177.411112,33419.288896,0.0
3388,15,127,2023-11-22,4,6197.0,296.24,4.8968,1450.628032,5802.512128,0.0
5123,47,66,2023-11-22,1,11943.4,2360.29,4.8968,11557.868072,11557.868072,0.0
3820,40,15,2023-11-22,10,265048.1,5267.98,4.8968,25796.244463999996,257962.44463999994,0.0
3993,23,118,2023-11-22,10,40993.45,880.76,4.8968,4312.905568,43129.055680000005,2135.605680000008
3210,13,136,2023-11-22,11,21708.0,390.62,4.8968,1912.788016,21040.668176,0.0
5908,43,140,2023-11-22,13,38712.5,586.81,4.8968,2873.4912079999995,37355.38570399999,0.0
7009,39,46,2023-11-23,12,59805.0,1000.64,4.8931,4896.231583999999,58754.77900799999,0.0
7398,27,71,2023-11-23,9,1171567.0,27484.92,4.8931,134486.462052,1210378.158468,38811.15846799989
8808,46,65,2023-11-23,7,169958.8,5225.24,4.8931,25567.621843999998,178973.35290799997,9014.552907999983
9251,29,89,2023-11-23,11,822186.05,14832.32,4.8931,72576.02499199999,798336.2749119999,0.0
806,36,76,2023-11-23,10,1481982.0,27945.06,4.8931,136737.97308599998,1367379.7308599998,0.0
7755,26,115,2023-11-23,9,7475.0,160.69,4.8931,786.2722389999999,7076.450150999999,0.0
6434,31,119,2023-11-23,7,21651.45,669.88,4.8931,3277.7898279999995,22944.528795999995,1293.0787959999943
3906,31,110,2023-11-23,15,37433.0,476.03,4.8931,2329.2623929999995,34938.935894999995,0.0
2429,39,33,2023-11-23,6,40295.0,1268.8,4.8931,6208.365279999999,37250.191679999996,0.0
3066,38,69,2023-11-23,4,172007.0,9219.51,4.8931,45111.984380999995,180447.93752399998,8440.937523999979
1423,48,63,2023-11-23,14,1861436.65,27618.14,4.8931,135138.32083399998,1891936.4916759997,30499.841675999807
2433,35,116,2023-11-23,9,23180.0,502.24,4.8931,2457.5105439999998,22117.594896,0.0
1443,24,120,2023-11-23,15,46867.0,635.45,4.8931,3109.3203949999997,46639.80592499999,0.0
849,21,93,2023-11-23,15,1507155.0,19409.47,4.8931,94972.477657,1424587.1648549999,0.0
514,34,100,2023-11-23,4,418401.0,19807.28,4.8931,96919.00176799999,387676.00707199995,0.0
3880,29,77,2023-11-23,14,625865.0,8959.75,4.8931,43840.952724999996,613773.33815,0.0
7444,18,103,2023-11-23,11,18696.95,341.7,4.8931,1671.9722699999998,18391.694969999997,0.0
7900,27,47,2023-11-23,1,6123.0,1496.29,4.8931,7321.496598999999,7321.496598999999,1198.4965989999992
6802,45,50,2023-11-24,7,74985.4,2378.45,4.8927,11637.042314999999,81459.29620499999,6473.896204999997
2940,5,10,2023-11-24,2,64066.0,6547.91,4.8927,32036.959256999995,64073.91851399999,7.918513999989955
2947,18,7,2023-11-24,15,292782.0,3678.62,4.8927,17998.384073999998,269975.76110999996,0.0
6507,32,62,2023-11-24,13,1328886.0,20000.78,4.8927,97857.816306,1272151.611978,0.0
87,7,20,2023-11-24,14,431668.0,5689.04,4.8927,27834.766008,389686.72411199997,0.0
7230,9,99,2023-11-24,8,815226.35,21330.89,4.8927,104365.64550299999,834925.1640239999,19698.814023999963
1256,21,136,2023-11-24,2,3749.65,390.62,4.8927,1911.1864739999999,3822.3729479999997,72.72294799999963
4235,43,26,2023-11-24,12,207398.0,3412.88,4.8927,16698.197976,200378.375712,0.0
36,18,136,2023-11-24,7,13123.3,390.62,4.8927,1911.1864739999999,13378.305317999999,255.00531799999953
7908,18,14,2023-11-24,9,306185.0,6767.66,4.8927,33112.130081999996,298009.17073799996,0.0
430,46,5,2023-11-24,10,236690.0,4752.24,4.8927,23251.284647999997,232512.84647999998,0.0
6399,13,58,2023-11-24,2,206766.55,20157.55,4.8927,98624.84488499998,197249.68976999997,0.0
3514,34,13,2023-11-24,6,46483.0,1356.5,4.8927,6636.94755,39821.6853,0.0
4528,13,60,2023-11-25,2,217502.0,22190.02,4.8927,108569.110854,217138.221708,0.0
5769,36,52,2023-11-25,14,191857.0,2634.69,4.8927,12890.747763,180470.468682,0.0
7364,26,42,2023-11-25,2,11386.7,1263.57,4.8927,6182.268939,12364.537878,977.8378779999985
1390,39,38,2023-11-25,2,50275.9,5439.42,4.8927,26613.450234,53226.900468,2951.0004679999984
8905,11,131,2023-11-25,1,915.8,196.2,4.8927,959.9477399999998,959.9477399999998,44.147739999999885
8055,22,71,2023-11-25,9,1171567.0,27484.92,4.8927,134475.468084,1210279.212756,38712.21275599999
2748,5,58,2023-11-25,3,310150.3,20157.55,4.8927,98624.84488499998,295874.53465499997,0.0
4366,5,14,2023-11-25,13,465544.0,6767.66,4.8927,33112.130081999996,430457.69106599997,0.0
7592,40,120,2023-11-25,11,34369.0,635.45,4.8927,3109.066215,34199.728364999995,0.0
8043,39,3,2023-11-25,11,99266.0,1753.77,4.8927,8580.670478999999,94387.37526899998,0.0
5999,15,70,2023-11-25,4,137422.0,6655.06,4.8927,32561.212062,130244.848248,0.0
6068,5,62,2023-11-25,4,388443.6,20000.78,4.8927,97857.816306,391431.265224,2987.6652239999967
6882,46,138,2023-11-26,11,43713.3,836.88,4.8927,4094.6027759999997,45040.630536,1327.330535999994
2243,44,112,2023-11-26,6,12431.7,435.58,4.8927,2131.162266,12786.973596,355.2735959999991
8428,27,127,2023-11-26,7,10302.75,296.24,4.8927,1449.413448,10145.894136,0.0
5981,42,6,2023-11-26,2,23640.0,2104.66,4.8927,10297.469981999999,20594.939963999997,0.0
1101,36,12,2023-11-26,15,40893.0,527.97,4.8927,2583.1988189999997,38747.982285,0.0
3922,33,89,2023-11-26,5,373720.5,14832.32,4.8927,72570.092064,362850.46031999995,0.0
673,4,95,2023-11-26,13,862129.75,12945.63,4.8927,63339.08390099999,823408.0907129999,0.0
6904,42,6,2023-11-26,13,145979.85,2104.66,4.8927,10297.469981999999,133867.10976599998,0.0
9122,13,120,2023-11-26,2,6249.0,635.45,4.8927,3109.066215,6218.13243,0.0
9748,31,8,2023-11-26,2,9469.6,1006.07,4.8927,4922.398689,9844.797378,375.19737799999893
1963,1,30,2023-11-26,7,214448.25,6558.44,4.8927,32088.479387999996,224619.35571599996,10171.105715999962
4354,44,97,2023-11-26,3,406005.0,25607.88,4.8927,125291.674476,375875.023428,0.0
7353,44,75,2023-11-26,1,32768.0,6193.58,4.8927,30303.328865999996,30303.328865999996,0.0
8109,14,81,2023-11-26,4,488594.0,23345.09,4.8927,114220.521843,456882.087372,0.0
2603,7,61,2023-11-27,6,168112.0,5396.92,4.8951,26418.463092,158510.778552,0.0
956,36,40,2023-11-27,6,85104.0,2970.73,4.8951,14542.020423,87252.122538,2148.122537999996
2449,45,22,2023-11-27,13,512887.0,7630.67,4.8951,37352.892717,485587.60532100004,0.0
8090,13,80,2023-11-27,5,646119.0,24177.04,4.8951,118349.02850400002,591745.1425200001,0.0
9043,8,91,2023-11-27,1,128141.7,27671.77,4.8951,135456.08132700002,135456.08132700002,7314.381327000025
2559,47,86,2023-11-27,5,444235.2,17824.79,4.8951,87254.12952900001,436270.6476450001,0.0
4999,35,58,2023-11-27,1,108825.0,20157.55,4.8951,98673.223005,98673.223005,0.0
3534,44,30,2023-11-27,5,153177.05,6558.44,4.8951,32104.219644,160521.09822,7344.048220000026
259,11,51,2023-11-27,5,320795.0,12243.38,4.8951,59932.569438,299662.84719,0.0
9287,13,67,2023-11-27,5,407497.75,16720.73,4.8951,81849.645423,409248.22711499996,1750.4771149999578
4489,28,33,2023-11-27,4,26863.0,1268.8,4.8951,6210.90288,24843.61152,0.0
9603,34,138,2023-11-28,13,54380.0,836.88,4.8867,4089.5814960000002,53164.559448,0.0
445,29,6,2023-11-28,9,106382.0,2104.66,4.8867,10284.842022,92563.578198,0.0
5725,40,46,2023-11-28,10,47346.1,1000.64,4.8867,4889.827488,48898.27488,1552.1748799999987
6137,21,124,2023-11-28,11,39395.55,725.63,4.8867,3545.936121,39005.297331,0.0
8242,14,64,2023-11-28,11,1165232.95,21352.22,4.8867,104341.89347400001,1147760.8282140002,0.0
3437,33,137,2023-11-28,3,10156.0,619.79,4.8867,3028.727793,9086.183379,0.0
8193,1,20,2023-11-28,10,292917.3,5689.04,4.8867,27800.631768000003,278006.31768000004,0.0
5691,38,34,2023-11-28,7,32701.85,1022.84,4.8867,4998.312228000001,34988.185596,2286.3355960000044
925,28,74,2023-11-28,8,657844.6,17160.36,4.8867,83857.531212,670860.249696,13015.649696000037
241,21,81,2023-11-28,5,610742.0,23345.09,4.8867,114080.45130300001,570402.256515,0.0
2733,22,94,2023-11-28,3,116140.35,8022.13,4.8867,39201.742671,117605.228013,1464.878012999994
6999,22,98,2023-11-28,13,980110.25,15850.04,4.8867,77454.39046800001,1006907.0760840002,26796.826084000175
7643,28,65,2023-11-28,14,357808.0,5225.24,4.8867,25534.180308,357478.52431199996,0.0
6996,41,15,2023-11-28,3,79514.05,5267.98,4.8867,25743.037866,77229.113598,0.0
9604,26,28,2023-11-28,11,149001.8,2921.84,4.8867,14278.155528000001,157059.710808,8057.910808000015
6720,30,55,2023-11-28,7,769910.0,23326.09,4.8867,113987.604003,797913.228021,28003.228021000046
8545,47,112,2023-11-28,9,18647.55,435.58,4.8867,2128.548786,19156.939073999998,509.3890739999988
8008,9,73,2023-11-28,1,143160.0,27541.35,4.8867,134586.315045,134586.315045,0.0
4548,23,125,2023-11-28,14,47629.0,646.27,4.8867,3158.127609,44213.786526,0.0
6368,39,60,2023-11-28,6,619881.65,22190.02,4.8867,108435.970734,650615.8244040001,30734.17440400005
8320,49,47,2023-11-29,5,29084.25,1496.29,4.8933,7321.795857,36608.979285,7524.729285000001
1079,49,15,2023-11-29,1,26505.0,5267.98,4.8933,25777.806534,25777.806534,0.0
608,23,76,2023-11-29,4,592793.0,27945.06,4.8933,136743.562098,546974.248392,0.0
7887,36,3,2023-11-29,3,25719.35,1753.77,4.8933,8581.722741,25745.168223,25.818223000002035
7512,41,84,2023-11-29,8,347391.0,8951.16,4.8933,43800.711228,350405.689824,3014.689824000001
2987,2,118,2023-11-29,15,64727.0,880.76,4.8933,4309.822908,64647.34362,0.0
5812,4,49,2023-11-29,7,88207.5,2627.0,4.8933,12854.6991,89982.8937,1775.3937000000005
5154,49,5,2023-11-29,10,224855.5,4752.24,4.8933,23254.135992,232541.35992,7685.859919999988
3615,31,74,2023-11-29,12,986767.85,17160.36,4.8933,83970.789588,1007649.475056,20881.625056000077
3604,40,74,2023-11-29,7,605910.0,17160.36,4.8933,83970.789588,587795.527116,0.0
8898,6,59,2023-11-29,13,1133160.0,17882.07,4.8933,87502.33313099999,1137530.3307029998,4370.33070299984
311,43,29,2023-11-29,1,34684.5,7689.63,4.8933,37627.666479,37627.666479,2943.1664789999995
5388,41,150,2023-11-29,8,12506.75,326.88,4.8933,1599.521904,12796.175232,289.4252319999996
3947,45,83,2023-11-29,15,2022058.0,35839.7,4.8933,175374.40401,2630616.06015,608558.0601499998
3098,15,97,2023-11-30,3,385704.75,25607.88,4.9355,126387.69174000001,379163.07522,0.0
4007,30,48,2023-11-30,5,73682.0,3020.3,4.9355,14906.690650000002,74533.45325,851.4532500000059
7950,8,84,2023-11-30,1,41252.8,8951.16,4.9355,44178.45018,44178.45018,2925.650179999997
3483,4,37,2023-11-30,5,30339.0,1211.89,4.9355,5981.283095000001,29906.415475,0.0
4858,47,39,2023-11-30,14,414860.0,5270.87,4.9355,26014.378885000002,364201.30439,0.0
3103,29,114,2023-11-30,15,11989.0,152.46,4.9355,752.4663300000001,11286.994950000002,0.0
6121,13,56,2023-11-30,8,326714.5,8087.59,4.9355,39916.300445,319330.40356,0.0
3966,4,97,2023-11-30,6,771409.5,25607.88,4.9355,126387.69174000001,758326.15044,0.0
6917,13,13,2023-11-30,1,7359.65,1356.5,4.9355,6695.00575,6695.00575,0.0
1948,28,115,2023-11-30,2,1577.95,160.69,4.9355,793.085495,1586.17099,8.220990000000029
1113,30,40,2023-11-30,11,148222.8,2970.73,4.9355,14662.037915,161282.41706500002,13059.617065000028
3744,36,90,2023-11-30,9,676282.2,14083.78,4.9355,69510.49619,625594.46571,0.0
3334,45,108,2023-11-30,4,13382.0,688.83,4.9355,3399.7204650000003,13598.881860000001,216.88186000000132
6329,25,17,2023-11-30,12,160041.75,2833.14,4.9355,13982.96247,167795.54964,7753.799640000012
3530,4,73,2023-11-30,1,136002.0,27541.35,4.9355,135930.332925,135930.332925,0.0
9501,21,21,2023-11-30,15,131018.0,1674.22,4.9355,8263.11281,123946.69215,0.0
3172,26,44,2023-11-30,10,102664.6,1963.02,4.9355,9688.48521,96884.8521,0.0
4076,47,76,2023-11-30,13,1926577.0,27945.06,4.9355,137922.84363000002,1792996.9671900002,0.0
5186,46,106,2023-11-30,15,62484.35,918.37,4.9355,4532.615135,67989.227025,5504.877025000002
3335,2,77,2023-12-01,12,536456.0,8959.75,4.9191,44073.906225,528886.8747,0.0
4498,21,4,2023-12-01,15,50728.0,692.14,4.9191,3404.705874,51070.588110000004,342.58811000000424
2169,44,90,2023-12-01,7,553681.0,14083.78,4.9191,69279.522198,484956.65538600006,0.0
3816,34,88,2023-12-01,4,183678.7,9954.59,4.9191,48967.623669,195870.494676,12191.79467599999
9204,18,77,2023-12-01,15,670570.0,8959.75,4.9191,44073.906225,661108.5933749999,0.0
4331,11,31,2023-12-01,5,39345.2,1686.13,4.9191,8294.242083000001,41471.21041500001,2126.0104150000116
8005,49,36,2023-12-01,11,248615.0,4476.41,4.9191,22019.908431,242218.992741,0.0
4561,22,58,2023-12-01,7,723683.4,20157.55,4.9191,99157.004205,694099.029435,0.0
4176,14,138,2023-12-01,11,43713.3,836.88,4.9191,4116.696408,45283.660487999994,1570.3604879999912
1114,23,86,2023-12-01,1,88846.85,17824.79,4.9191,87681.92448900001,87681.92448900001,0.0
8189,41,148,2023-12-01,7,33499.0,979.78,4.9191,4819.635798,33737.450586,238.45058599999902
9440,4,45,2023-12-01,14,138652.0,1881.33,4.9191,9254.450403,129562.305642,0.0
9118,10,70,2023-12-01,8,261100.85,6655.06,4.9191,32736.905646000003,261895.24516800002,794.3951680000173
250,34,66,2023-12-01,14,167202.85,2360.29,4.9191,11610.502539000001,162547.035546,0.0
874,42,59,2023-12-01,10,871661.0,17882.07,4.9191,87963.690537,879636.90537,7975.905370000051
1070,38,9,2023-12-02,3,119116.0,7933.96,4.9191,39027.942636,117083.827908,0.0
3102,23,117,2023-12-02,8,32824.0,823.4,4.9191,4050.38694,32403.09552,0.0
9140,5,63,2023-12-02,9,1196638.05,27618.14,4.9191,135856.392474,1222707.5322659998,26069.482265999774
6515,15,16,2023-12-02,9,256551.3,5615.94,4.9191,27625.370454,248628.334086,0.0
5421,32,76,2023-12-02,8,1185586.0,27945.06,4.9191,137464.54464600002,1099716.3571680002,0.0
8431,2,140,2023-12-02,4,12538.0,586.81,4.9191,2886.5770709999997,11546.308283999999,0.0
1039,35,129,2023-12-02,14,43440.65,598.62,4.9191,2944.6716420000002,41225.402988,0.0
7190,35,80,2023-12-02,10,1227626.1,24177.04,4.9191,118929.27746400001,1189292.7746400002,0.0
7959,27,112,2023-12-02,12,24862.45,435.58,4.9191,2142.661578,25711.938936000002,849.4889360000016
5346,2,31,2023-12-03,7,55082.9,1686.13,4.9191,8294.242083000001,58059.694581,2976.794581000002
8101,13,94,2023-12-03,15,611263.0,8022.13,4.9191,39461.659683000005,591924.895245,0.0
6580,20,7,2023-12-03,11,214706.0,3678.62,4.9191,18095.499642,199050.496062,0.0
772,20,26,2023-12-03,13,213446.95,3412.88,4.9191,16788.298008,218247.87410400002,4800.924104000005
7695,26,55,2023-12-03,6,659923.0,23326.09,4.9191,114743.369319,688460.2159140001,28537.21591400006
8603,13,119,2023-12-03,4,12371.85,669.88,4.9191,3295.206708,13180.826832,808.9768320000003
7168,45,80,2023-12-03,1,129224.0,24177.04,4.9191,118929.27746400001,118929.27746400001,0.0
7767,32,59,2023-12-03,9,745270.25,17882.07,4.9191,87963.690537,791673.214833,46402.964832999976
1722,41,144,2023-12-03,9,19927.0,422.52,4.9191,2078.4181320000002,18705.763188,0.0
5199,17,131,2023-12-03,10,9154.2,196.2,4.9191,965.12742,9651.2742,497.0741999999991
9229,17,50,2023-12-03,3,32136.6,2378.45,4.9191,11699.833395,35099.500185,2962.9001849999986
7203,24,53,2023-12-04,15,805125.0,11332.93,4.9091,55634.486662999996,834517.299945,29392.299944999977
6365,32,17,2023-12-04,4,53347.25,2833.14,4.9091,13908.167573999997,55632.67029599999,2285.4202959999893
6264,4,98,2023-12-04,12,904717.3,15850.04,4.9091,77809.431364,933713.176368,28995.87636799994
7442,31,108,2023-12-04,6,20073.0,688.83,4.9091,3381.5353529999998,20289.212118,216.21211799999946
9916,17,89,2023-12-04,9,672696.9,14832.32,4.9091,72813.342112,655320.079008,0.0
2836,28,149,2023-12-04,5,5527.1,225.94,4.9091,1109.162054,5545.81027,18.710269999999582
491,33,138,2023-12-04,6,23843.1,836.88,4.9091,4108.327608,24649.965647999998,806.865647999999
1257,2,99,2023-12-05,15,1609000.0,21330.89,4.9522,105634.83345800001,1584522.50187,0.0
4944,14,79,2023-12-05,5,314197.3,11724.63,4.9522,58062.712686,290313.56343,0.0
9069,39,77,2023-12-05,8,339755.15,8959.75,4.9522,44370.47395000001,354963.79160000006,15208.641600000032
4989,24,57,2023-12-05,14,1579914.6,22497.79,4.9522,111413.55563800002,1559789.7789320003,0.0
1731,1,3,2023-12-05,9,81218.0,1753.77,4.9522,8685.019794,78165.17814599999,0.0
2443,24,106,2023-12-05,11,48234.0,918.37,4.9522,4547.951914,50027.471054,1793.4710540000015
2708,4,25,2023-12-05,7,84885.0,2478.48,4.9522,12273.928656000002,85917.50059200001,1032.5005920000112
8709,40,27,2023-12-05,11,172544.7,3051.23,4.9522,15110.301206000002,166213.313266,0.0
8467,13,34,2023-12-05,10,49175.0,1022.84,4.9522,5065.308248,50653.082480000005,1478.0824800000046
459,44,67,2023-12-05,11,943680.0,16720.73,4.9522,82804.399106,910848.390166,0.0
4861,38,105,2023-12-05,2,588.05,62.64,4.9522,310.20580800000005,620.4116160000001,32.36161600000014
4799,49,76,2023-12-05,10,1481982.0,27945.06,4.9522,138389.52613200003,1383895.2613200003,0.0
6382,16,33,2023-12-05,13,82939.75,1268.8,4.9522,6283.351360000001,81683.56768000001,0.0
7187,14,29,2023-12-05,1,36510.0,7689.63,4.9522,38080.585686000006,38080.585686000006,1570.5856860000058
5497,18,98,2023-12-05,10,753930.45,15850.04,4.9522,78492.56808800001,784925.6808800001,30995.230880000163
1259,38,86,2023-12-05,6,561139.0,17824.79,4.9522,88271.92503800002,529631.5502280002,0.0
8664,39,72,2023-12-05,9,896982.0,30675.48,4.9522,151911.112056,1367200.008504,470218.008504
3764,39,103,2023-12-05,7,12524.0,341.7,4.9522,1692.1667400000001,11845.16718,0.0
5333,24,79,2023-12-05,7,439876.6,11724.63,4.9522,58062.712686,406438.988802,0.0
3022,22,139,2023-12-06,4,5415.0,246.89,4.9031,1210.526359,4842.105436,0.0
7699,47,5,2023-12-06,7,165683.0,4752.24,4.9031,23300.707944,163104.95560800002,0.0
859,28,95,2023-12-06,15,994764.95,12945.63,4.9031,63473.718453,952105.7767950001,0.0
8336,26,146,2023-12-06,5,2356.0,99.02,4.9031,485.504962,2427.52481,71.52480999999989
2277,44,97,2023-12-06,14,1799956.45,25607.88,4.9031,125557.99642800001,1757811.9499920001,0.0
9400,43,41,2023-12-06,1,10070.0,2005.71,4.9031,9834.196701,9834.196701,0.0
2892,1,22,2023-12-06,7,262361.5,7630.67,4.9031,37413.938077,261897.566539,0.0
1287,13,119,2023-12-06,6,18558.25,669.88,4.9031,3284.488628,19706.931768000002,1148.6817680000022
9214,24,22,2023-12-06,12,473434.0,7630.67,4.9031,37413.938077,448967.256924,0.0
6268,48,95,2023-12-06,12,837696.0,12945.63,4.9031,63473.718453,761684.621436,0.0
8714,17,111,2023-12-06,9,36638.65,821.82,4.9031,4029.4656420000006,36265.190778000004,0.0
2701,26,48,2023-12-06,7,103154.0,3020.3,4.9031,14808.832930000002,103661.83051000001,507.8305100000143
4051,23,53,2023-12-06,7,375725.0,11332.93,4.9031,55566.48908300001,388965.42358100007,13240.423581000068
5075,25,60,2023-12-07,15,1631266.0,22190.02,4.8949,108617.928898,1629268.93347,0.0
4278,14,51,2023-12-07,10,641590.0,12243.38,4.8949,59930.12076199999,599301.2076199999,0.0
3837,12,66,2023-12-07,6,75430.0,2360.29,4.8949,11553.383521,69320.301126,0.0
2804,6,93,2023-12-07,4,401908.0,19409.47,4.8949,95007.414703,380029.658812,0.0
2066,38,26,2023-12-07,3,49257.5,3412.88,4.8949,16705.706312,50117.118936,859.6189359999989
8699,47,119,2023-12-07,9,29302.0,669.88,4.8949,3278.9956119999997,29510.960507999996,208.96050799999648
7430,7,109,2023-12-07,15,9340.0,169.23,4.8949,828.3639269999999,12425.458904999998,3085.4589049999977
9800,1,48,2023-12-07,11,153995.0,3020.3,4.8949,14784.06647,162624.73116999998,8629.731169999985
4923,23,14,2023-12-07,3,102061.35,6767.66,4.8949,33127.018934,99381.056802,0.0
3551,18,17,2023-12-07,4,56155.0,2833.14,4.8949,13867.936985999999,55471.747943999995,0.0
5881,9,32,2023-12-07,11,137527.0,2560.62,4.8949,12533.978837999999,137873.767218,346.7672179999936
2675,49,85,2023-12-08,6,219898.4,7885.27,4.9158,38762.410266,232574.461596,12676.061596000014
8995,11,134,2023-12-08,8,37741.0,948.15,4.9158,4660.91577,37287.32616,0.0
9489,20,150,2023-12-08,4,6583.0,326.88,4.9158,1606.876704,6427.506816,0.0
1684,16,61,2023-12-08,1,28019.0,5396.92,4.9158,26530.179336,26530.179336,0.0
7297,48,122,2023-12-08,14,18515.0,271.3,4.9158,1333.65654,18671.19156,156.1915599999993
4300,16,45,2023-12-08,8,75268.5,1881.33,4.9158,9248.242014,73985.936112,0.0
6810,3,34,2023-12-08,13,63928.0,1022.84,4.9158,5028.076872000001,65364.99933600001,1436.999336000008
813,19,122,2023-12-08,10,12563.75,271.3,4.9158,1333.65654,13336.5654,772.8153999999995
7978,49,47,2023-12-08,15,91844.0,1496.29,4.9158,7355.462382,110331.93573,18487.935729999997
7363,43,68,2023-12-08,9,571970.3,13998.43,4.9158,68813.482194,619321.339746,47351.039745999966
4075,32,134,2023-12-08,1,4718.0,948.15,4.9158,4660.91577,4660.91577,0.0
4520,17,102,2023-12-08,15,11856.0,199.93,4.9158,982.8158940000001,14742.238410000002,2886.2384100000017
8413,43,121,2023-12-08,2,7019.55,746.8,4.9158,3671.11944,7342.23888,322.6888799999997
3858,41,133,2023-12-08,6,11356.0,348.47,4.9158,1713.0088260000002,10278.052956000001,0.0
9420,3,144,2023-12-08,6,13285.0,422.52,4.9158,2077.023816,12462.142896,0.0
9185,44,115,2023-12-08,12,9967.0,160.69,4.9158,789.919902,9479.038824,0.0
680,6,21,2023-12-08,12,104815.0,1674.22,4.9158,8230.130676,98761.56811200001,0.0
5198,1,6,2023-12-09,1,11229.0,2104.66,4.9158,10346.087628,10346.087628,0.0
8667,42,146,2023-12-09,9,4240.8,99.02,4.9158,486.76251599999995,4380.862644,140.06264399999964
4752,24,52,2023-12-09,5,68520.0,2634.69,4.9158,12951.609102,64758.04551,0.0
2779,38,30,2023-12-09,9,290231.0,6558.44,4.9158,32239.979352,290159.814168,0.0
464,45,64,2023-12-09,8,892044.0,21352.22,4.9158,104963.243076,839705.944608,0.0
9293,27,122,2023-12-09,7,9257.0,271.3,4.9158,1333.65654,9335.59578,78.59577999999965
4039,17,127,2023-12-09,7,10845.0,296.24,4.9158,1456.256592,10193.796144,0.0
5573,46,128,2023-12-09,13,60459.0,853.09,4.9158,4193.619822,54517.05768599999,0.0
634,33,88,2023-12-09,9,413276.6,9954.59,4.9158,48934.773522,440412.961698,27136.36169800005
7833,14,89,2023-12-09,13,1022815.0,14832.32,4.9158,72912.718656,947865.342528,0.0
1843,14,61,2023-12-09,8,224149.0,5396.92,4.9158,26530.179336,212241.434688,0.0
7429,32,67,2023-12-09,15,1286836.0,16720.73,4.9158,82195.764534,1232936.46801,0.0
8054,6,33,2023-12-09,2,12760.4,1268.8,4.9158,6237.167039999999,12474.334079999999,0.0
7856,37,115,2023-12-09,8,6645.0,160.69,4.9158,789.919902,6319.359216,0.0
1036,6,84,2023-12-09,13,564510.0,8951.16,4.9158,44002.112327999996,572027.460264,7517.460263999994
9230,36,23,2023-12-10,14,148675.95,2108.74,4.9158,10366.144091999999,145126.01728799997,0.0
1222,5,146,2023-12-10,7,3298.4,99.02,4.9158,486.76251599999995,3407.337612,108.93761199999972
6116,8,113,2023-12-10,6,25051.5,815.5,4.9158,4008.8349,24053.0094,0.0
903,16,94,2023-12-10,5,203754.0,8022.13,4.9158,39435.186654,197175.93326999998,0.0
2165,10,149,2023-12-10,15,16581.3,225.94,4.9158,1110.675852,16660.13778,78.83778000000166
1692,33,54,2023-12-10,14,1616412.65,23191.9,4.9158,114006.74202,1596094.38828,0.0
638,9,62,2023-12-10,1,97110.9,20000.78,4.9158,98319.834324,98319.834324,1208.9343240000017
7771,46,113,2023-12-10,2,8790.0,815.5,4.9158,4008.8349,8017.6698,0.0
1497,37,67,2023-12-10,10,814995.5,16720.73,4.9158,82195.764534,821957.64534,6962.145340000046
1199,4,101,2023-12-10,8,3521.65,96.64,4.9158,475.062912,3800.503296,278.8532959999998
3965,22,21,2023-12-10,14,122284.0,1674.22,4.9158,8230.130676,115221.82946400001,0.0
7214,22,16,2023-12-10,13,370574.1,5615.94,4.9158,27606.837851999997,358888.892076,0.0
6479,25,18,2023-12-10,9,227194.4,5536.62,4.9158,27216.916596,244952.249364,17757.849363999994
7827,23,22,2023-12-10,1,39453.0,7630.67,4.9158,37510.847586,37510.847586,0.0
9439,42,50,2023-12-10,13,139258.6,2378.45,4.9158,11691.984509999998,151995.79862999998,12737.19862999997
3426,41,111,2023-12-10,5,21426.0,821.82,4.9158,4039.9027560000004,20199.51378,0.0
4811,41,19,2023-12-10,9,147891.0,3358.13,4.9158,16507.895454,148571.05908600002,680.059086000023
9949,15,103,2023-12-10,14,23796.55,341.7,4.9158,1679.72886,23516.20404,0.0
297,28,4,2023-12-11,11,37201.0,692.14,4.944,3421.94016,37641.34176,440.341760000003
7132,45,40,2023-12-11,1,14184.0,2970.73,4.944,14687.28912,14687.28912,503.28911999999946
3774,4,41,2023-12-11,14,148400.0,2005.71,4.944,9916.23024,138827.22336,0.0
1848,49,6,2023-12-11,14,165483.0,2104.66,4.944,10405.43904,145676.14656,0.0
948,34,75,2023-12-11,9,294915.0,6193.58,4.944,30621.05952,275589.53568,0.0
8747,15,16,2023-12-11,4,120024.0,5615.94,4.944,27765.207359999997,111060.82943999999,0.0
9236,46,136,2023-12-11,12,22497.9,390.62,4.944,1931.22528,23174.70336,676.8033599999981
3146,13,107,2023-12-11,9,12939.0,311.59,4.944,1540.5009599999998,13864.508639999998,925.5086399999982
4474,7,113,2023-12-11,7,29226.75,815.5,4.944,4031.832,28222.824,0.0
9985,13,109,2023-12-11,8,4982.0,169.23,4.944,836.6731199999999,6693.384959999999,1711.3849599999994
9528,27,123,2023-12-11,1,2777.0,535.37,4.944,2646.86928,2646.86928,0.0
8540,38,114,2023-12-11,7,5595.0,152.46,4.944,753.76224,5276.33568,0.0
8161,2,20,2023-12-11,4,117167.3,5689.04,4.944,28126.61376,112506.45504,0.0
2838,36,18,2023-12-11,9,239152.0,5536.62,4.944,27373.04928,246357.44352,7205.443520000001
6271,11,121,2023-12-11,3,10528.85,746.8,4.944,3692.1791999999996,11076.5376,547.6875999999993
8294,16,146,2023-12-11,12,5952.0,99.02,4.944,489.55487999999997,5874.65856,0.0
5863,29,4,2023-12-11,14,44978.7,692.14,4.944,3421.94016,47907.162240000005,2928.462240000008
1792,45,78,2023-12-11,10,1217616.0,25349.04,4.944,125325.65376,1253256.5376,35640.53759999992
2242,35,57,2023-12-11,1,112851.45,22497.79,4.944,111229.07376,111229.07376,0.0
7669,9,70,2023-12-11,8,274843.0,6655.06,4.944,32902.61664,263220.93312,0.0
4218,9,103,2023-12-12,13,22096.05,341.7,4.9476,1690.59492,21977.73396,0.0
8095,27,122,2023-12-12,14,17589.25,271.3,4.9476,1342.2838800000002,18791.97432,1202.7243200000012
9307,13,92,2023-12-12,2,177708.0,16745.97,4.9476,82852.36117200002,165704.72234400004,0.0
5511,38,55,2023-12-12,1,109987.0,23326.09,4.9476,115408.162884,115408.162884,5421.162884000005
2870,26,62,2023-12-12,15,1533330.0,20000.78,4.9476,98955.859128,1484337.88692,0.0
4467,19,63,2023-12-12,9,1259619.0,27618.14,4.9476,136643.509464,1229791.585176,0.0
276,41,110,2023-12-12,10,23707.25,476.03,4.9476,2355.206028,23552.06028,0.0
2577,36,6,2023-12-12,7,82741.0,2104.66,4.9476,10413.015816000001,72891.11071200001,0.0
7804,37,115,2023-12-12,4,3155.9,167.9,4.9476,830.7020400000001,3322.8081600000005,166.9081600000004
9131,38,73,2023-12-12,13,1861079.0,27541.35,4.9476,136263.58326,1771426.5823800003,0.0
7181,23,136,2023-12-12,7,13123.3,390.62,4.9476,1932.6315120000002,13528.420584000001,405.12058400000205
6087,39,83,2023-12-12,5,640318.05,35839.7,4.9476,177320.49972,886602.4985999999,246284.4485999999
7923,26,72,2023-12-12,10,996646.0,30675.48,4.9476,151770.004848,1517700.04848,521054.0484800001
3390,24,130,2023-12-13,11,43305.75,859.48,4.958,4261.30184,46874.32024,3568.570240000001
7148,24,122,2023-12-13,11,13819.65,271.3,4.958,1345.1054000000001,14796.159400000002,976.5094000000026
3116,16,105,2023-12-13,3,929.0,62.64,4.958,310.56912,931.70736,2.707359999999994
5903,36,67,2023-12-13,12,1029469.0,16720.73,4.958,82901.37934,994816.55208,0.0
8469,10,90,2023-12-13,7,553681.0,16092.39,4.958,79786.06962,558502.48734,4821.487339999992
6682,18,1,2023-12-13,14,440529.25,6574.8,4.958,32597.8584,456370.0176,15840.767600000021
4613,21,55,2023-12-13,1,109987.0,23326.09,4.958,115650.75422,115650.75422,5663.7542200000025
419,39,150,2023-12-13,8,12506.75,326.88,4.958,1620.67104,12965.36832,458.6183199999996
7491,10,35,2023-12-13,8,88044.0,2106.85,4.958,10445.7623,83566.0984,0.0
8221,41,29,2023-12-13,6,219062.0,7689.63,4.958,38125.18554,228751.11323999998,9689.113239999977
7826,2,11,2023-12-13,11,378623.45,7246.24,4.958,35926.85792,395195.43712,16571.987120000005
9836,37,150,2023-12-13,11,17196.9,326.88,4.958,1620.67104,17827.38144,630.4814399999996
6833,6,6,2023-12-13,13,153663.0,2104.66,4.958,10434.904279999999,135653.75564,0.0
1319,37,14,2023-12-13,8,272164.55,6767.66,4.958,33554.05828,268432.46624,0.0
6487,5,81,2023-12-13,2,244297.0,23345.09,4.958,115744.95622000001,231489.91244000001,0.0
6986,1,102,2023-12-13,7,5532.8,199.93,4.958,991.2529400000001,6938.77058,1405.9705800000002
6994,18,141,2023-12-13,7,31799.35,972.86,4.958,4823.43988,33764.07916,1964.7291600000026
856,24,140,2023-12-14,11,34480.0,586.81,4.8912,2870.205072,31572.255792000004,0.0
1175,41,54,2023-12-14,6,692748.55,23191.9,4.8912,113436.22128000001,680617.3276800001,0.0
7830,8,46,2023-12-14,3,14203.45,1000.64,4.8912,4894.330368000001,14682.991104000002,479.5411040000017
7416,34,121,2023-12-14,7,25860.0,746.8,4.8912,3652.74816,25569.23712,0.0
6284,17,44,2023-12-14,15,153997.85,1963.02,4.8912,9601.523424,144022.85136,0.0
3048,37,83,2023-12-14,11,1482843.0,35839.7,4.8912,175299.14064,1928290.54704,445447.5470400001
4000,6,63,2023-12-14,9,1259619.0,27618.14,4.8912,135085.846368,1215772.617312,0.0
9927,8,94,2023-12-14,6,232279.75,8022.13,4.8912,39237.842256,235427.05353600002,3147.3035360000213
9485,40,33,2023-12-14,11,73873.0,1268.8,4.8912,6205.95456,68265.50016,0.0
6353,14,29,2023-12-14,9,328593.0,7689.63,4.8912,37611.518256,338503.66430400003,9910.664304000034
5515,29,1,2023-12-14,12,397470.0,6574.8,4.8912,32158.661760000003,385903.94112000003,0.0
5505,6,129,2023-12-14,13,40337.95,598.62,4.8912,2927.9701440000003,38063.611872,0.0
1523,45,68,2023-12-14,3,200691.0,13998.43,4.8912,68469.12081600001,205407.36244800003,4716.362448000029
5878,22,129,2023-12-14,8,26130.0,598.62,4.8912,2927.9701440000003,23423.761152000003,0.0
3786,34,5,2023-12-14,1,22485.55,4752.24,4.8912,23244.156288000002,23244.156288000002,758.6062880000027
8649,46,32,2023-12-15,13,162532.0,2560.62,4.9397,12648.694614,164433.029982,1901.0299820000073
2160,46,149,2023-12-15,15,17454.0,225.94,4.9397,1116.075818,16741.13727,0.0
9767,49,126,2023-12-15,9,22889.3,467.05,4.9397,2307.086885,20763.781965000002,0.0
9063,30,132,2023-12-15,14,20787.9,276.61,4.9397,1366.370417,19129.185838,0.0
6890,12,18,2023-12-15,3,75731.15,5536.62,4.9397,27349.241814,82047.725442,6316.575442000001
7674,18,76,2023-12-15,9,1333784.0,27945.06,4.9397,138040.21288200002,1242361.9159380002,0.0
7485,46,1,2023-12-15,4,125865.5,6574.8,4.9397,32477.53956,129910.15824,4044.6582400000043
540,24,121,2023-12-15,8,28076.3,746.8,4.9397,3688.96796,29511.74368,1435.4436800000003
2275,33,137,2023-12-15,4,12864.9,619.79,4.9397,3061.576663,12246.306652,0.0
4737,23,97,2023-12-15,13,1759356.0,25607.88,4.9397,126495.24483600001,1644438.1828680001,0.0
151,45,39,2023-12-15,6,177797.0,5270.87,4.9397,26036.516539,156219.099234,0.0
8414,22,21,2023-12-15,14,116169.8,1674.22,4.9397,8270.144534000001,115782.02347600002,0.0
1719,35,91,2023-12-15,6,809316.0,27671.77,4.9397,136690.242269,820141.453614,10825.453613999998
5274,26,130,2023-12-15,13,51179.35,859.48,4.9397,4245.573356,55192.453627999996,4013.103627999997
2904,12,12,2023-12-15,6,16357.0,527.97,4.9397,2608.013409,15648.080454,0.0
4149,35,131,2023-12-15,8,7323.55,196.2,4.9397,969.16914,7753.35312,429.8031199999996
1267,30,136,2023-12-15,5,9868.0,390.62,4.9397,1929.5456140000001,9647.728070000001,0.0
46,25,120,2023-12-15,5,15622.0,635.45,4.9397,3138.9323650000006,15694.661825000003,72.66182500000286
3732,15,97,2023-12-15,13,1671388.2,25607.88,4.9397,126495.24483600001,1644438.1828680001,0.0
6672,41,45,2023-12-15,6,56450.9,1881.33,4.9397,9293.205801,55759.234806,0.0
4864,10,143,2023-12-16,2,8873.0,896.83,4.9397,4430.071151,8860.142302,0.0
5065,37,94,2023-12-16,9,348420.1,8022.13,4.9397,39626.915561,356642.240049,8222.140049000038
7506,20,111,2023-12-16,5,21426.0,821.82,4.9397,4059.5442540000004,20297.721270000002,0.0
4324,26,106,2023-12-16,1,4385.0,918.37,4.9397,4536.472289,4536.472289,151.47228900000027
1945,29,103,2023-12-16,4,7157.0,341.7,4.9397,1687.89549,6751.58196,0.0
1715,47,62,2023-12-16,7,715554.0,20000.78,4.9397,98797.85296599999,691584.970762,0.0
1186,10,102,2023-12-16,7,5532.8,199.93,4.9397,987.5942210000001,6913.159547,1380.359547
5659,30,81,2023-12-16,2,244297.0,23345.09,4.9397,115317.74107300001,230635.48214600002,0.0
3508,41,49,2023-12-16,4,50404.15,2627.0,4.9397,12976.591900000001,51906.367600000005,1502.2176000000036
950,18,34,2023-12-16,8,39340.0,1022.84,4.9397,5052.522748,40420.181984,1080.1819840000026
1075,7,1,2023-12-17,12,377596.5,6574.8,4.9397,32477.53956,389730.47472,12133.974719999998
5874,19,49,2023-12-17,5,63004.95,2627.0,4.9397,12976.591900000001,64882.959500000004,1878.0095000000074
4014,28,26,2023-12-17,11,180609.25,3412.88,4.9397,16858.603336,185444.636696,4835.386696000001
1371,32,131,2023-12-17,14,12815.5,196.2,4.9397,969.16914,13568.36796,752.8679599999996
7452,23,48,2023-12-17,14,206309.0,3020.3,4.9397,14919.37591,208871.26274,2562.2627400000056
1797,47,1,2023-12-17,6,198735.0,6574.8,4.9397,32477.53956,194865.23736,0.0
9403,1,24,2023-12-17,5,110352.95,4129.65,4.9397,20399.232105,101996.160525,0.0
7417,47,127,2023-12-17,5,7359.65,296.24,4.9397,1463.336728,7316.68364,0.0
2355,4,150,2023-12-17,5,7816.6,326.88,4.9397,1614.689136,8073.44568,256.84567999999945
7700,30,133,2023-12-18,8,15142.0,348.47,4.9399,1721.406953,13771.255624,0.0
8957,6,125,2023-12-18,14,45247.55,646.27,4.9399,3192.509173,44695.128422,0.0
190,24,138,2023-12-18,8,31790.8,836.88,4.9399,4134.103512,33072.828096,1282.0280959999982
2037,6,5,2023-12-18,11,247341.05,4752.24,4.9399,23475.590375999996,258231.49413599996,10890.444135999976
928,49,125,2023-12-18,12,38783.75,646.27,4.9399,3192.509173,38310.110076,0.0
1096,10,79,2023-12-18,11,727615.0,11724.63,4.9399,57918.49973699999,637103.4971069999,0.0
9088,43,51,2023-12-18,4,256636.0,12243.38,4.9399,60481.07286199999,241924.29144799997,0.0
4898,28,66,2023-12-18,4,50287.0,2360.29,4.9399,11659.596571,46638.386284,0.0
384,30,4,2023-12-18,9,30437.0,692.14,4.9399,3419.1023859999996,30771.921473999995,334.9214739999952
3903,9,45,2023-12-18,15,148556.0,1881.33,4.9399,9293.582067,139403.73100499998,0.0
8548,38,43,2023-12-19,6,200051.95,6219.32,4.8663,30265.076915999998,181590.461496,0.0
4465,39,74,2023-12-19,9,779027.0,17160.36,4.8663,83507.459868,751567.138812,0.0
3272,36,18,2023-12-19,8,212580.0,5536.62,4.8663,26942.853906,215542.831248,2962.8312480000022
1704,41,22,2023-12-19,9,337322.2,7630.67,4.8663,37133.129421,334198.164789,0.0
1967,39,75,2023-12-19,15,491526.0,6193.58,4.8663,30139.818354,452097.27531,0.0
9442,12,91,2023-12-19,1,128141.7,27671.77,4.8663,134659.134351,134659.134351,6517.434350999989
632,41,61,2023-12-19,15,420279.0,5396.92,4.8663,26263.031796,393945.47693999996,0.0
9110,10,92,2023-12-19,7,590880.05,16745.97,4.8663,81490.913811,570436.396677,0.0
6486,17,28,2023-12-19,15,203184.1,2921.84,4.8663,14218.549992,213278.24988000002,10094.149880000012
2724,34,137,2023-12-19,5,16080.65,619.79,4.8663,3016.0840769999995,15080.420384999998,0.0
8910,16,39,2023-12-19,10,281511.6,5270.87,4.8663,25649.634681,256496.34681,0.0
1593,14,132,2023-12-19,6,8909.1,276.61,4.8663,1346.067243,8076.403458,0.0
8750,17,94,2023-12-19,5,203754.0,8022.13,4.8663,39038.091219,195190.456095,0.0
6558,1,15,2023-12-19,3,83699.0,5267.98,4.8663,25635.571073999996,76906.71322199999,0.0
1125,44,137,2023-12-19,2,6771.0,619.79,4.8663,3016.0840769999995,6032.168153999999,0.0
4438,12,58,2023-12-19,1,108825.0,20157.55,4.8663,98092.68556499999,98092.68556499999,0.0
4225,14,118,2023-12-20,4,16397.0,880.76,4.8766,4295.114216,17180.456864,783.4568639999998
2259,28,71,2023-12-20,8,989322.4,27484.92,4.8766,134032.960872,1072263.686976,82941.28697599994
6440,6,78,2023-12-20,9,1095854.0,25349.04,4.8766,123617.128464,1112554.156176,16700.156175999902
2897,17,47,2023-12-20,1,6123.0,1496.29,4.8766,7296.807814,7296.807814,1173.8078139999998
7909,5,86,2023-12-20,15,1332704.65,17824.79,4.8766,86924.370914,1303865.56371,0.0
4416,26,54,2023-12-20,9,1093813.0,23191.9,4.8766,113097.61954,1017878.57586,0.0
841,40,42,2023-12-20,10,59928.0,1263.57,4.8766,6161.925461999999,61619.25461999999,1691.2546199999924
1135,1,50,2023-12-20,13,139258.6,2378.45,4.8766,11598.749269999998,150783.74050999997,11525.140509999968
6817,31,102,2023-12-20,1,790.4,199.93,4.8766,974.978638,974.978638,184.57863800000007
9680,19,79,2023-12-20,15,992203.0,11724.63,4.8766,57176.33065799999,857644.9598699999,0.0
2668,23,59,2023-12-20,11,958828.0,17882.07,4.8766,87203.70256199999,959240.7281819999,412.72818199987523
7932,10,50,2023-12-20,6,67656.0,2378.45,4.8766,11598.749269999998,69592.49561999999,1936.495619999987
2180,17,112,2023-12-21,11,23990.0,435.58,4.8755,2123.67029,23360.37319,0.0
9518,47,49,2023-12-21,7,92850.0,2627.0,4.8755,12807.938499999998,89655.56949999998,0.0
8731,19,67,2023-12-21,11,943680.0,16720.73,4.8755,81521.919115,896741.110265,0.0
2305,44,51,2023-12-21,9,548559.45,12243.38,4.8755,59692.59918999999,537233.3927099999,0.0
1315,3,61,2023-12-21,9,252168.0,5396.92,4.8755,26312.68346,236814.15114,0.0
5166,16,39,2023-12-21,9,266695.0,5270.87,4.8755,25698.126685,231283.140165,0.0
5578,29,9,2023-12-21,5,188601.6,7933.96,4.8755,38682.02198,193410.10989999998,4808.5098999999755
3214,32,74,2023-12-21,9,740075.65,17160.36,4.8755,83665.33518,752988.0166199999,12912.36661999987
89,30,75,2023-12-21,8,262147.0,6193.58,4.8755,30196.79929,241574.39432,0.0
9454,38,37,2023-12-21,4,23057.45,1211.89,4.8755,5908.569695,23634.27878,576.8287799999998
7098,40,53,2023-12-22,4,203965.0,11332.93,4.8619,55099.57236700001,220398.28946800003,16433.28946800003
2710,14,136,2023-12-22,3,5920.0,390.62,4.8619,1899.1553780000002,5697.466134,0.0
8284,46,1,2023-12-22,9,298103.0,6574.8,4.8619,31966.020120000005,287694.18108000007,0.0
5516,20,68,2023-12-22,15,1003457.0,13998.43,4.8619,68058.96681700001,1020884.5022550002,17427.502255000174
1296,9,78,2023-12-22,8,974092.0,25349.04,4.8619,123244.49757600001,985955.9806080001,11863.98060800007
1278,42,135,2023-12-22,14,23023.0,328.1,4.8619,1595.1893900000002,22332.651460000005,0.0
847,9,131,2023-12-22,10,9154.2,196.2,4.8619,953.90478,9539.0478,384.84779999999955
851,32,49,2023-12-22,8,100808.3,2627.0,4.8619,12772.2113,102177.6904,1369.3904000000039
5526,33,28,2023-12-22,3,42776.0,2921.84,4.8619,14205.693896000002,42617.081688000006,0.0
3844,33,148,2023-12-22,10,47856.0,979.78,4.8619,4763.592382,47635.923819999996,0.0
8137,17,77,2023-12-22,12,509633.2,8959.75,4.8619,43561.408525000006,522736.9023000001,13103.702300000063
7947,19,99,2023-12-22,9,965400.0,21330.89,4.8619,103708.654091,933377.886819,0.0
9336,36,67,2023-12-22,6,514734.0,16720.73,4.8619,81294.517187,487767.103122,0.0
3344,41,141,2023-12-22,10,47818.0,972.86,4.8619,4729.948034,47299.48034,0.0
7733,18,17,2023-12-22,1,14039.0,2833.14,4.8619,13774.443366,13774.443366,0.0
6925,29,147,2023-12-22,3,9090.0,592.19,4.8619,2879.1685610000004,8637.505683000001,0.0
3796,38,92,2023-12-22,7,590880.05,16745.97,4.8619,81417.23154300002,569920.6208010002,0.0
171,8,24,2023-12-22,12,278786.0,4129.65,4.8619,20077.945335,240935.34402000002,0.0
2580,14,141,2023-12-22,5,22713.55,972.86,4.8619,4729.948034,23649.74017,936.1901700000017
3900,13,35,2023-12-23,4,44022.0,2106.85,4.8619,10243.294015,40973.17606,0.0
1532,46,137,2023-12-23,10,33855.0,619.79,4.8619,3013.357001,30133.57001,0.0
601,11,56,2023-12-23,11,449232.2,8087.59,4.8619,39321.053821,432531.592031,0.0
9413,31,20,2023-12-23,5,154167.0,5689.04,4.8619,27659.543576,138297.71788,0.0
7446,5,86,2023-12-23,10,888469.45,17824.79,4.8619,86662.346501,866623.46501,0.0
409,42,15,2023-12-23,7,195298.0,5267.98,4.8619,25612.391961999998,179286.743734,0.0
3656,20,29,2023-12-23,14,485587.75,7689.63,4.8619,37386.212097,523406.96935800003,37819.21935800003
5118,11,130,2023-12-23,8,31495.35,859.48,4.8619,4178.705812,33429.646496,1934.2964960000027
5741,46,79,2023-12-23,12,754073.9,11724.63,4.8619,57003.978597,684047.743164,0.0
3969,12,112,2023-12-23,4,8724.0,435.58,4.8619,2117.746402,8470.985608,0.0
8046,45,100,2023-12-23,15,1569004.0,19807.28,4.8619,96301.014632,1444515.21948,0.0
3983,42,14,2023-12-23,8,286489.0,6767.66,4.8619,32903.686154,263229.489232,0.0
6648,19,72,2023-12-23,15,1420221.5,30675.48,4.8619,149141.116212,2237116.7431799998,816895.2431799998
2592,10,106,2023-12-23,8,33325.05,918.37,4.8619,4465.023103,35720.184824,2395.1348240000007
5565,49,15,2023-12-23,12,318057.15,5267.98,4.8619,25612.391961999998,307348.703544,0.0
8444,46,9,2023-12-23,1,39706.0,7933.96,4.8619,38574.120124,38574.120124,0.0
9552,16,55,2023-12-24,13,1358342.3,23326.09,4.8619,113409.11697100001,1474318.520623,115976.22062300006
9628,38,115,2023-12-24,9,7475.0,167.9,4.8619,816.3130100000001,7346.8170900000005,0.0
8286,6,115,2023-12-24,14,11046.6,167.9,4.8619,816.3130100000001,11428.382140000002,381.78214000000116
6044,15,148,2023-12-24,9,40916.5,979.78,4.8619,4763.592382,42872.331438,1955.831438000001
2367,19,149,2023-12-24,9,9949.35,225.94,4.8619,1098.4976860000002,9886.479174000002,0.0
1014,8,102,2023-12-24,9,7113.6,199.93,4.8619,972.0396670000001,8748.357003000001,1634.7570030000006
4971,14,141,2023-12-24,14,63597.75,972.86,4.8619,4729.948034,66219.272476,2621.5224759999983
5924,33,45,2023-12-24,2,19807.0,1881.33,4.8619,9146.838327,18293.676654,0.0
5061,45,141,2023-12-24,15,71727.0,972.86,4.8619,4729.948034,70949.22051,0.0
5491,43,115,2023-12-24,12,9967.0,167.9,4.8619,816.3130100000001,9795.756120000002,0.0
5312,25,119,2023-12-24,14,45581.0,669.88,4.8619,3256.889572,45596.454008,15.454008000000613
7579,6,22,2023-12-24,14,524723.0,7630.67,4.8619,37099.554473000004,519393.76262200007,0.0
2911,6,7,2023-12-24,6,111257.35,3678.62,4.8619,17885.082578,107310.49546800001,0.0
1992,32,99,2023-12-25,13,1324743.65,21330.89,4.8619,103708.654091,1348212.503183,23468.853183000116
4319,1,123,2023-12-25,1,2638.15,535.37,4.8619,2602.9154030000004,2602.9154030000004,0.0
7449,6,14,2023-12-25,3,107433.0,6767.66,4.8619,32903.686154,98711.05846200002,0.0
5541,20,135,2023-12-25,11,18090.0,328.1,4.8619,1595.1893900000002,17547.083290000002,0.0
8696,41,20,2023-12-25,13,400835.0,5689.04,4.8619,27659.543576,359574.066488,0.0
9487,13,86,2023-12-25,6,533082.05,17824.79,4.8619,86662.346501,519974.0790060001,0.0
8173,16,76,2023-12-25,9,1333784.0,27945.06,4.8619,135866.08721400003,1222794.7849260003,0.0
9992,49,81,2023-12-25,15,1832227.0,23345.09,4.8619,113501.493071,1702522.396065,0.0
4233,9,65,2023-12-25,13,315637.5,5225.24,4.8619,25404.594356,330259.72662800003,14622.226628000033
9147,41,89,2023-12-25,2,149488.2,14832.32,4.8619,72113.25660800001,144226.51321600002,0.0
9435,21,69,2023-12-25,14,633710.0,9219.51,4.8619,44824.33566900001,627540.6993660001,0.0
7601,3,72,2023-12-25,14,1395305.0,30675.48,4.8619,149141.116212,2087975.6269679999,692670.6269679999
2378,31,114,2023-12-25,14,11190.0,152.46,4.8619,741.2452740000001,10377.433836000002,0.0
4637,35,128,2023-12-25,7,32555.0,853.09,4.8619,4147.638271000001,29033.467897000006,0.0
1436,36,58,2023-12-25,15,1632369.0,20157.55,4.8619,98003.992345,1470059.8851750002,0.0
6551,1,48,2023-12-25,13,191573.0,3020.3,4.8619,14684.396570000003,190897.15541000004,0.0
6545,43,48,2023-12-25,9,125995.65,3020.3,4.8619,14684.396570000003,132159.56913000002,6163.919130000024
2975,49,139,2023-12-25,13,18523.0,246.89,4.8619,1200.354491,15604.608383,0.0
9510,11,19,2023-12-26,15,246485.0,3358.13,4.8368,16242.603184000001,243639.04776000002,0.0
573,10,83,2023-12-26,1,134804.0,35839.7,4.8368,173349.46096,173349.46096,38545.46096
308,16,124,2023-12-26,3,11310.0,725.63,4.8368,3509.7271840000003,10529.181552000002,0.0
9556,15,34,2023-12-26,5,24588.0,1022.84,4.8368,4947.2725120000005,24736.36256,148.3625600000014
8586,1,46,2023-12-26,5,24919.0,1000.64,4.8368,4839.895552,24199.47776,0.0
146,11,70,2023-12-26,10,343554.0,6655.06,4.8368,32189.194208000004,321891.94208000007,0.0
1236,43,108,2023-12-26,8,25425.8,688.83,4.8368,3331.7329440000003,26653.863552000003,1228.0635520000033
50,8,19,2023-12-26,15,246485.0,3358.13,4.8368,16242.603184000001,243639.04776000002,0.0
938,23,114,2023-12-26,2,1519.05,152.46,4.8368,737.418528,1474.837056,0.0
5702,47,36,2023-12-26,11,236184.25,4476.41,4.8368,21651.499888,238166.498768,1982.2487679999904
7890,9,12,2023-12-26,13,33668.0,527.97,4.8368,2553.685296,33197.908848,0.0
196,8,74,2023-12-26,9,779027.0,17160.36,4.8368,83001.229248,747011.063232,0.0
6874,19,20,2023-12-26,14,410084.6,5689.04,4.8368,27516.748672,385234.481408,0.0
868,37,43,2023-12-26,4,140387.0,6219.32,4.8368,30081.606976,120326.427904,0.0
2191,37,126,2023-12-26,1,2543.15,467.05,4.8368,2259.0274400000003,2259.0274400000003,0.0
5362,23,101,2023-12-26,15,6603.45,96.64,4.8368,467.428352,7011.42528,407.97528000000057
7221,49,88,2023-12-26,13,596955.3,9954.59,4.8368,48148.360912000004,625928.6918560001,28973.39185600006
2216,18,107,2023-12-26,8,11501.65,311.59,4.8368,1507.098512,12056.788096,555.1380960000006
1774,37,101,2023-12-26,14,6163.6,96.64,4.8368,467.428352,6543.9969280000005,380.3969280000001
2756,6,35,2023-12-26,4,41820.9,2106.85,4.8368,10190.41208,40761.64832,0.0
6017,45,48,2023-12-26,6,83997.1,3020.3,4.8368,14608.587040000002,87651.52224000002,3654.4222400000144
7821,18,5,2023-12-27,2,47338.0,4752.24,4.8306,22956.170543999997,45912.341087999994,0.0
2980,43,42,2023-12-27,14,83900.0,1263.57,4.8306,6103.801242,85453.21738799999,1553.21738799999
3877,46,105,2023-12-27,13,4024.0,62.64,4.8306,302.588784,3933.6541919999995,0.0
4362,30,127,2023-12-27,2,2944.05,296.24,4.8306,1431.016944,2862.033888,0.0
1648,14,87,2023-12-27,7,468019.0,13597.7,4.8306,65685.04961999999,459795.3473399999,0.0
4264,49,33,2023-12-27,1,6380.2,1268.8,4.8306,6129.065279999999,6129.065279999999,0.0
3580,22,13,2023-12-27,3,23241.0,1356.5,4.8306,6552.7089,19658.1267,0.0
8858,30,150,2023-12-27,14,21887.05,326.88,4.8306,1579.0265279999999,22106.371391999997,219.321391999998
6417,25,142,2023-12-27,3,2479.0,169.88,4.8306,820.6223279999999,2461.866984,0.0
7304,27,150,2023-12-27,14,21887.05,326.88,4.8306,1579.0265279999999,22106.371391999997,219.321391999998
6505,36,7,2023-12-27,10,195188.0,3678.62,4.8306,17769.941772,177699.41771999997,0.0
6901,49,121,2023-12-27,7,24567.0,747.93,4.8306,3612.9506579999993,25290.654605999996,723.6546059999964
8623,19,141,2023-12-28,15,68140.65,972.86,4.8413,4709.907118,70648.60677,2507.9567700000043
5407,42,10,2023-12-28,7,224231.0,6547.91,4.8413,31700.396683000003,221902.77678100002,0.0
5373,43,86,2023-12-28,5,444235.2,17824.79,4.8413,86295.15582700001,431475.7791350001,0.0
4589,36,110,2023-12-28,11,26078.45,476.03,4.8413,2304.604039,25350.644429,0.0
5372,2,116,2023-12-28,14,36057.0,502.24,4.8413,2431.494512,34040.923168,0.0
9201,15,76,2023-12-28,13,1926577.0,27945.06,4.8413,135290.41897800003,1758775.4467140003,0.0
9191,10,84,2023-12-28,8,347391.0,8951.16,4.8413,43335.250908,346682.007264,0.0
4458,17,19,2023-12-28,2,32865.0,3358.13,4.8413,16257.714769000002,32515.429538000004,0.0
4110,31,52,2023-12-28,1,13018.8,2634.69,4.8413,12755.324697000002,12755.324697000002,0.0
6644,17,101,2023-12-28,1,463.0,96.64,4.8413,467.86323200000004,467.86323200000004,4.863232000000039
8075,24,74,2023-12-28,6,493383.45,17160.36,4.8413,83078.45086800001,498470.7052080001,5087.255208000075
165,23,27,2023-12-28,8,125487.4,3051.23,4.8413,14771.919799000001,118175.35839200001,0.0
9763,9,26,2023-12-29,8,138265.0,3412.88,4.8413,16522.775944,132182.207552,0.0
3165,6,47,2023-12-29,6,34901.1,1496.29,4.8413,7243.9887770000005,43463.93266200001,8562.832662000008
1408,42,11,2023-12-29,15,543479.0,7246.24,4.8413,35081.221712,526218.32568,0.0
5161,12,50,2023-12-29,10,112760.0,2378.45,4.8413,11514.789985,115147.89984999999,2387.899849999987
7393,49,145,2023-12-29,2,8700.0,820.56,4.8413,3972.577128,7945.154256,0.0
4794,20,72,2023-12-29,4,378726.05,30675.48,4.8413,148509.20132400002,594036.8052960001,215310.7552960001
2979,6,39,2023-12-29,10,281511.6,5270.87,4.8413,25517.862931,255178.62931,0.0
7369,14,91,2023-12-29,4,512566.8,27671.77,4.8413,133967.340101,535869.360404,23302.560404000047
9098,4,115,2023-12-29,15,11836.05,167.9,4.8413,812.85427,12192.81405,356.7640500000016
1109,36,79,2023-12-29,1,66147.0,11724.63,4.8413,56762.451219,56762.451219,0.0
5368,37,115,2023-12-29,8,6645.0,167.9,4.8413,812.85427,6502.83416,0.0
3138,34,24,2023-12-29,8,176564.15,4129.65,4.8413,19992.874545,159942.99636,0.0
5017,47,11,2023-12-29,4,137681.6,7246.24,4.8413,35081.221712,140324.886848,2643.286847999989
9209,3,74,2023-12-29,10,865586.0,17160.36,4.8413,83078.45086800001,830784.5086800002,0.0
4949,3,94,2023-12-29,2,77426.9,8022.13,4.8413,38837.537969000005,77675.07593800001,248.17593800001487
2887,20,61,2023-12-30,9,239559.6,5396.92,4.8413,26128.108796000004,235152.97916400005,0.0
153,48,30,2023-12-30,11,336990.65,6558.44,4.8413,31751.375572,349265.131292,12274.481291999982
4721,15,123,2023-12-30,7,18467.05,535.37,4.8413,2591.886781,18143.207467,0.0
1817,12,51,2023-12-30,15,962385.0,12243.38,4.8413,59273.875594,889108.13391,0.0
8789,15,75,2023-12-30,14,435819.15,6193.58,4.8413,29984.978854,419789.70395600004,0.0
3794,14,64,2023-12-30,5,529651.6,21352.22,4.8413,103372.502686,516862.51343000005,0.0
6280,24,10,2023-12-30,10,320330.0,6547.91,4.8413,31700.396683000003,317003.96683000005,0.0
170,16,116,2023-12-30,1,2576.0,502.24,4.8413,2431.494512,2431.494512,0.0
9720,15,4,2023-12-30,1,3212.9,692.14,4.8413,3350.857382,3350.857382,137.95738200000005
7035,27,106,2023-12-30,12,52618.0,918.37,4.8413,4446.104681000001,53353.25617200001,735.2561720000085
5271,44,137,2023-12-30,13,41810.45,619.79,4.8413,3000.589327,39007.661251000005,0.0
1403,31,3,2023-12-30,10,90242.0,1753.77,4.8413,8490.526701,84905.26701000001,0.0
3977,36,78,2023-12-30,14,1619428.9,25349.04,4.8413,122722.30735200002,1718112.3029280002,98683.40292800032
9179,1,148,2023-12-30,12,57427.0,979.78,4.8413,4743.408914000001,56920.90696800001,0.0
5631,36,91,2023-12-30,3,384425.1,27671.77,4.8413,133967.340101,401902.020303,17476.92030300002
4880,47,105,2023-12-30,4,1176.1,62.64,4.8413,303.25903200000005,1213.0361280000002,36.93612800000028
8721,8,41,2023-12-30,6,60420.0,2005.71,4.8413,9710.243823,58261.462938000004,0.0
7410,43,81,2023-12-31,2,232082.15,23345.09,4.8413,113020.58421700001,226041.16843400002,0.0
1771,26,117,2023-12-31,6,23387.1,823.4,4.8413,3986.3264200000003,23917.95852,530.8585200000016
4547,2,46,2023-12-31,11,54821.0,1000.64,4.8413,4844.398432,53288.382752,0.0
3184,29,88,2023-12-31,15,725047.0,9954.59,4.8413,48193.156567000005,722897.3485050001,0.0
9130,35,119,2023-12-31,14,43301.95,669.88,4.8413,3243.090044,45403.260616,2101.3106160000025
9695,48,133,2023-12-31,9,17034.0,348.47,4.8413,1687.0478110000004,15183.430299000003,0.0
1825,43,96,2023-12-31,10,670897.6,14776.4,4.8413,71536.98532,715369.8532,44472.253200000036
8062,43,150,2023-12-31,13,20324.3,326.88,4.8413,1582.5241440000002,20572.813872000002,248.51387200000318
864,5,72,2023-12-31,10,996646.0,30675.48,4.8413,148509.20132400002,1485092.0132400002,488446.01324000023
2835,47,35,2023-12-31,13,143072.0,2106.85,4.8413,10199.892905,132598.60776500002,0.0
9537,15,62,2024-01-01,1,97110.9,20000.78,4.8413,96829.776214,96829.776214,0.0
3565,35,106,2024-01-01,4,17539.0,918.37,4.8413,4446.104681000001,17784.418724000003,245.41872400000284
8736,23,13,2024-01-01,2,15494.0,1356.5,4.8413,6567.22345,13134.4469,0.0
9922,15,31,2024-01-01,8,66265.0,1686.13,4.8413,8163.061169000001,65304.48935200001,0.0
5900,26,31,2024-01-01,8,66265.0,1686.13,4.8413,8163.061169000001,65304.48935200001,0.0
1196,2,13,2024-01-01,13,95676.4,1356.5,4.8413,6567.22345,85373.90485,0.0
6451,3,120,2024-01-01,7,21871.0,635.45,4.8413,3076.4040850000006,21534.828595000003,0.0
4267,40,82,2024-01-01,4,206536.0,9770.29,4.8413,47300.904977000006,189203.61990800002,0.0
5340,22,20,2024-01-01,4,123334.0,5689.04,4.8413,27542.349352,110169.397408,0.0
5196,47,74,2024-01-02,5,432793.0,17160.36,4.8916,83941.616976,419708.08488000004,0.0
5165,45,128,2024-01-02,15,69761.0,853.09,4.8916,4172.975044000001,62594.62566000001,0.0
4527,4,106,2024-01-02,12,49987.1,918.37,4.8916,4492.298692,53907.584304,3920.484304000005
2914,26,148,2024-01-02,3,13639.15,979.78,4.8916,4792.691848,14378.075544000001,738.9255440000015
3813,37,14,2024-01-02,11,393922.0,6767.66,4.8916,33104.685656,364151.54221600003,0.0
9072,41,112,2024-01-02,14,30533.0,435.58,4.8916,2130.683128,29829.563792,0.0
336,22,29,2024-01-02,14,485587.75,7689.63,4.8916,37614.594108000005,526604.3175120001,41016.567512000096
1548,27,1,2024-01-02,2,66245.0,6574.8,4.8916,32161.291680000002,64322.583360000004,0.0
3474,2,103,2024-01-02,11,19681.0,341.7,4.8916,1671.45972,18386.05692,0.0
439,13,1,2024-01-02,2,66245.0,6574.8,4.8916,32161.291680000002,64322.583360000004,0.0
260,3,59,2024-01-03,1,87166.0,17882.07,4.9212,88001.24288399999,88001.24288399999,835.242883999992
7654,4,62,2024-01-03,12,1226664.0,20000.78,4.9212,98427.838536,1181134.062432,0.0
498,34,20,2024-01-03,13,380793.25,5689.04,4.9212,27996.903648,363959.747424,0.0
4804,31,63,2024-01-03,14,1959407.0,27618.14,4.9212,135914.390568,1902801.467952,0.0
2552,8,16,2024-01-03,2,57011.4,6212.42,4.9212,30572.561304,61145.122608,4133.722607999996
8569,23,145,2024-01-03,9,39149.0,820.56,4.9212,4038.1398719999997,36343.258848,0.0
1438,47,22,2024-01-03,10,394529.0,7630.67,4.9212,37552.053203999996,375520.53203999996,0.0
5873,9,71,2024-01-03,9,1112988.65,27484.92,4.9212,135258.788304,1217329.0947359998,104340.44473599992
6850,33,79,2024-01-03,14,926056.0,11724.63,4.9212,57699.24915599999,807789.4881839999,0.0
1773,35,140,2024-01-03,3,8933.8,586.81,4.9212,2887.8093719999997,8663.428116,0.0
2262,11,28,2024-01-03,5,71293.0,2921.84,4.9212,14378.959008,71894.79504,601.7950399999972
8751,29,115,2024-01-03,10,7890.7,167.9,4.9212,826.26948,8262.694800000001,371.9948000000013
6518,46,75,2024-01-03,2,65537.0,6193.58,4.9212,30479.845896,60959.691792,0.0
7995,2,146,2024-01-03,5,2356.0,99.02,4.9212,487.29722399999997,2436.48612,80.48612000000003
998,29,57,2024-01-03,14,1663068.0,22497.79,4.9212,110716.124148,1550025.738072,0.0
1261,25,18,2024-01-03,2,53145.0,5536.62,4.9212,27246.814344,54493.628688,1348.628687999997
1819,44,2,2024-01-03,14,195974.0,2829.74,4.9212,13925.716487999998,194960.03083199996,0.0
7924,8,36,2024-01-04,9,203413.0,4476.41,4.9188,22018.565508,198167.089572,0.0
8225,21,15,2024-01-04,8,223198.0,5267.98,4.9188,25912.140023999997,207297.12019199997,0.0
9372,7,33,2024-01-04,2,13432.0,1268.8,4.9188,6240.97344,12481.94688,0.0
655,1,66,2024-01-04,14,176003.0,2360.29,4.9188,11609.794452,162537.122328,0.0
6972,20,140,2024-01-04,11,34480.0,586.81,4.9188,2886.4010279999998,31750.411308,0.0
530,32,92,2024-01-04,8,675291.35,16745.97,4.9188,82370.07723600001,658960.6178880001,0.0
7232,25,34,2024-01-04,9,42045.1,1022.84,4.9188,5031.145392,45280.308528,3235.208528000003
7138,33,27,2024-01-04,2,33023.0,3051.23,4.9188,15008.390124,30016.780248,0.0
9942,36,46,2024-01-04,3,14951.0,1000.64,4.9188,4921.948032,14765.844096,0.0
8510,25,52,2024-01-04,15,205562.0,2634.69,4.9188,12959.513172,194392.69758,0.0
4115,28,62,2024-01-04,12,1165330.8,20000.78,4.9188,98379.836664,1180558.039968,15227.23996799998
8300,48,65,2024-01-04,10,242798.15,5225.24,4.9188,25701.910512,257019.10512,14220.955119999999
4924,14,123,2024-01-04,12,33325.0,535.37,4.9188,2633.3779560000003,31600.535472000003,0.0
688,43,55,2024-01-04,8,835903.1,23326.09,4.9188,114736.371492,917890.971936,81987.87193600007
6101,9,49,2024-01-05,10,126009.9,2627.0,4.8899,12845.7673,128457.673,2447.773000000001
1434,29,144,2024-01-05,12,26570.0,422.52,4.8899,2066.080548,24792.966576,0.0
8729,5,76,2024-01-05,7,985518.6,27945.06,4.8899,136648.548894,956539.842258,0.0
2967,47,3,2024-01-05,14,126339.0,1753.77,4.8899,8575.759923,120060.638922,0.0
9550,37,108,2024-01-05,4,13382.0,688.83,4.8899,3368.3098170000003,13473.239268000001,91.23926800000118
3190,44,98,2024-01-05,1,75392.95,15850.04,4.8899,77505.110596,77505.110596,2112.1605960000015
9794,40,124,2024-01-05,11,39395.55,725.63,4.8899,3548.258137,39030.839507,0.0
8315,9,55,2024-01-05,11,1149366.05,23326.09,4.8899,114062.247491,1254684.722401,105318.67240100005
1321,8,2,2024-01-05,14,195974.0,2829.74,4.8899,13837.145626,193720.038764,0.0
9008,43,35,2024-01-05,5,55028.0,2106.85,4.8899,10302.285815,51511.42907499999,0.0
8443,26,55,2024-01-05,8,835903.1,23326.09,4.8899,114062.247491,912497.979928,76594.87992800004
6878,45,61,2024-01-06,1,26618.05,5396.92,4.8899,26390.399108,26390.399108,0.0
7581,4,35,2024-01-06,2,22011.0,2106.85,4.8899,10302.285815,20604.57163,0.0
9813,32,121,2024-01-06,5,18471.0,747.93,4.8899,3657.302907,18286.514535,0.0
7614,25,114,2024-01-06,13,10391.0,152.46,4.8899,745.5141540000001,9691.684002000002,0.0
1623,2,10,2024-01-06,7,224231.0,6547.91,4.8899,32018.625109,224130.375763,0.0
2829,33,52,2024-01-06,9,123337.0,2634.69,4.8899,12883.370631,115950.335679,0.0
9889,17,16,2024-01-06,11,313562.7,6212.42,4.8899,30378.112558,334159.238138,20596.538138000004
9159,32,113,2024-01-06,1,4395.0,815.5,4.8899,3987.7134499999997,3987.7134499999997,0.0
6649,37,33,2024-01-06,1,6716.0,1268.8,4.8899,6204.30512,6204.30512,0.0
4928,40,81,2024-01-06,9,1044369.2,23345.09,4.8899,114155.155591,1027396.400319,0.0
3009,39,1,2024-01-06,5,157332.35,6574.8,4.8899,32150.11452,160750.57259999998,3418.222599999979
3042,30,104,2024-01-06,4,14109.4,742.54,4.8899,3630.9463459999997,14523.785383999999,414.38538399999925
2339,9,5,2024-01-06,8,189352.0,4752.24,4.8899,23237.978376,185903.827008,0.0
2408,41,7,2024-01-06,1,19519.0,3678.62,4.8899,17988.083938,17988.083938,0.0
1008,11,55,2024-01-06,14,1462829.95,23326.09,4.8899,114062.247491,1596871.464874,134041.5148740001
9271,11,44,2024-01-06,13,140489.0,1963.02,4.8899,9598.971497999999,124786.62947399999,0.0
9834,1,98,2024-01-06,1,79361.0,15850.04,4.8899,77505.110596,77505.110596,0.0
99,49,81,2024-01-06,9,1099336.0,23345.09,4.8899,114155.155591,1027396.400319,0.0
2863,43,18,2024-01-07,5,132862.0,5536.62,4.8899,27073.518138,135367.59068999998,2505.5906899999827
7928,23,40,2024-01-07,12,170208.0,2970.73,4.8899,14526.572627,174318.871524,4110.871523999987
5790,30,21,2024-01-07,7,58084.9,1674.22,4.8899,8186.768378,57307.378646,0.0
1006,42,31,2024-01-07,3,24849.0,1686.13,4.8899,8245.007087,24735.021261,0.0
735,35,129,2024-01-07,5,16331.0,598.62,4.8899,2927.191938,14635.95969,0.0
2250,3,24,2024-01-07,12,278786.0,4129.65,4.8899,20193.575534999996,242322.90641999996,0.0
4112,47,29,2024-01-07,7,255572.0,7689.63,4.8899,37601.521737,263210.65215900005,7638.652159000048
9657,38,32,2024-01-07,9,112522.0,2560.62,4.8899,12521.175738,112690.581642,168.58164200000465
2049,32,8,2024-01-07,5,23674.95,1006.07,4.8899,4919.581693,24597.908465,922.9584649999997
9117,20,71,2024-01-07,15,1952611.0,27484.92,4.8899,134398.510308,2015977.65462,63366.65461999993
2672,28,113,2024-01-07,14,61529.0,815.5,4.8899,3987.7134499999997,55827.9883,0.0
7279,13,33,2024-01-07,15,100737.0,1268.8,4.8899,6204.30512,93064.5768,0.0
8944,7,29,2024-01-07,8,292083.0,7689.63,4.8899,37601.521737,300812.173896,8729.173896000022
5545,4,23,2024-01-07,7,74337.5,2108.74,4.8899,10311.527725999998,72180.69408199999,0.0
7965,27,39,2024-01-07,13,365965.65,5270.87,4.8899,25774.027212999998,335062.353769,0.0
951,36,39,2024-01-07,1,28151.35,5270.87,4.8899,25774.027212999998,25774.027212999998,0.0
2624,19,49,2024-01-08,2,25201.6,2627.0,4.885,12832.894999999999,25665.789999999997,464.1899999999987
2777,21,104,2024-01-08,1,3713.0,742.54,4.885,3627.3079,3627.3079,0.0
1372,12,136,2024-01-08,8,14998.6,390.62,4.885,1908.1787,15265.4296,266.8295999999991
1721,16,64,2024-01-08,3,334517.0,21352.22,4.885,104305.5947,312916.7841,0.0
9579,6,34,2024-01-08,2,9343.25,1022.84,4.885,4996.5734,9993.1468,649.8968000000004
9288,24,140,2024-01-08,13,40750.0,586.81,4.885,2866.5668499999997,37265.369049999994,0.0
6617,26,57,2024-01-08,6,712743.0,22497.79,4.885,109901.70415,659410.2249,0.0
8271,49,126,2024-01-08,6,15258.9,467.05,4.885,2281.53925,13689.235499999999,0.0
6256,34,120,2024-01-08,11,32650.55,635.45,4.885,3104.1732500000003,34145.905750000005,1495.355750000006
4329,17,78,2024-01-08,1,121762.0,25349.04,4.885,123830.0604,123830.0604,2068.060400000002
9033,41,49,2024-01-08,12,151212.45,2627.0,4.885,12832.894999999999,153994.74,2782.289999999979
5875,14,114,2024-01-08,3,2278.1,152.46,4.885,744.7671,2234.3013,0.0
5533,30,120,2024-01-08,3,9373.0,635.45,4.885,3104.1732500000003,9312.519750000001,0.0
207,10,51,2024-01-09,15,914265.75,12243.38,4.8937,59915.428706,898731.43059,0.0
5494,15,100,2024-01-09,12,1192442.85,19807.28,4.8937,96930.88613599999,1163170.6336319998,0.0
3913,30,69,2024-01-09,8,344014.0,9219.51,4.8937,45117.516087,360940.128696,16926.12869600003
1807,4,81,2024-01-09,12,1392492.9,23345.09,4.8937,114243.866933,1370926.403196,0.0
2323,32,35,2024-01-09,2,20910.45,2106.85,4.8937,10310.291845,20620.58369,0.0
5194,9,127,2024-01-09,15,23240.0,296.24,4.8937,1449.709688,21745.64532,0.0
8887,5,139,2024-01-09,8,10829.05,246.89,4.8937,1208.205593,9665.644744,0.0
9683,23,8,2024-01-09,15,71023.9,1006.07,4.8937,4923.404759,73851.071385,2827.1713850000087
7311,7,26,2024-01-09,4,69133.0,3412.88,4.8937,16701.610856,66806.443424,0.0
1473,18,4,2024-01-09,14,47346.0,692.14,4.8937,3387.125518,47419.757251999996,73.75725199999579
3860,14,9,2024-01-09,10,377202.25,7933.96,4.8937,38826.420052,388264.20052,11061.950520000013
5969,9,70,2024-01-09,9,309199.0,6655.06,4.8937,32567.867122000003,293110.80409800005,0.0
2785,43,131,2024-01-09,2,1830.65,196.2,4.8937,960.1439399999999,1920.2878799999999,89.63787999999977
1015,30,121,2024-01-10,8,29554.0,747.93,4.8901,3657.4524930000002,29259.619944000002,0.0
7775,1,100,2024-01-10,7,732202.0,19807.28,4.8901,96859.579928,678017.0594960001,0.0
6220,7,103,2024-01-10,11,18696.95,341.7,4.8901,1670.9471700000001,18380.41887,0.0
9316,4,45,2024-01-10,11,103493.95,1881.33,4.8901,9199.891833,101198.810163,0.0
3824,41,86,2024-01-10,5,444235.2,17824.79,4.8901,87165.005579,435825.027895,0.0
9924,45,74,2024-01-10,1,86559.0,17160.36,4.8901,83915.876436,83915.876436,0.0
239,28,28,2024-01-10,10,142586.0,2921.84,4.8901,14288.089784000002,142880.89784000002,294.89784000001964
8502,20,145,2024-01-10,8,34799.0,820.56,4.8901,4012.620456,32100.963648,0.0
8220,8,63,2024-01-10,13,1728477.5,27618.14,4.8901,135055.466414,1755721.063382,27243.563381999964
833,4,35,2024-01-10,6,66033.0,2106.85,4.8901,10302.707185000001,61816.24311000001,0.0
507,36,143,2024-01-10,9,37931.6,896.83,4.8901,4385.588383,39470.295447000004,1538.6954470000055
7257,35,20,2024-01-10,12,351500.95,5689.04,4.8901,27819.974504,333839.69404800003,0.0
1133,49,100,2024-01-10,13,1291812.85,19807.28,4.8901,96859.579928,1259174.5390640001,0.0
9004,8,142,2024-01-10,6,4958.0,169.88,4.8901,830.730188,4984.381128,26.38112799999999
5058,23,115,2024-01-10,13,10798.0,167.9,4.8901,821.0477900000001,10673.621270000001,0.0
1431,18,4,2024-01-10,1,3212.9,692.14,4.8901,3384.6338140000003,3384.6338140000003,171.73381400000017
7249,39,111,2024-01-11,2,8141.5,821.82,4.8794,4009.9885080000004,8019.977016000001,0.0
4390,16,77,2024-01-11,6,254816.6,8959.75,4.8794,43718.204150000005,262309.22490000003,7492.624900000024
8626,25,37,2024-01-11,5,30339.0,1211.89,4.8794,5913.296066000001,29566.480330000006,0.0
7911,20,134,2024-01-11,10,47176.0,948.15,4.8794,4626.40311,46264.0311,0.0
7996,2,119,2024-01-11,10,32558.0,669.88,4.8794,3268.6124720000003,32686.124720000003,128.12472000000344
5905,34,85,2024-01-11,8,293198.5,7885.27,4.8794,38475.38643800001,307803.09150400007,14604.59150400007
4785,2,49,2024-01-11,11,145907.0,2627.0,4.8794,12818.1838,141000.02180000002,0.0
914,31,91,2024-01-11,13,1753518.0,27671.77,4.8794,135021.634538,1755281.2489940003,1763.248994000256
6085,30,136,2024-01-12,15,28121.9,390.62,4.8543,1896.186666,28442.79999,320.89998999999807
2214,5,96,2024-01-12,1,67089.95,14776.4,4.8543,71729.07852,71729.07852,4639.128519999998
5371,42,29,2024-01-12,7,255572.0,7689.63,4.8543,37327.770909000006,261294.39636300004,5722.396363000036
437,25,110,2024-01-12,11,26078.45,476.03,4.8543,2310.792429,25418.716719,0.0
4981,48,14,2024-01-12,15,537166.0,6767.66,4.8543,32852.251938,492783.77907000005,0.0
265,15,64,2024-01-12,12,1338067.0,21352.22,4.8543,103650.08154600002,1243800.9785520001,0.0
2051,48,3,2024-01-12,2,18048.0,1753.77,4.8543,8513.325711,17026.651422,0.0
2601,32,110,2024-01-12,1,2371.2,476.03,4.8543,2310.792429,2310.792429,0.0
3320,11,58,2024-01-12,13,1343984.0,20157.55,4.8543,97850.79496500001,1272060.334545,0.0
1183,24,17,2024-01-12,1,13337.05,2833.14,4.8543,13752.911502,13752.911502,415.86150200000156
5324,22,149,2024-01-12,9,9949.35,225.94,4.8543,1096.780542,9871.024878,0.0
7164,28,109,2024-01-12,5,2958.3,169.23,4.8543,821.493189,4107.465945,1149.1659449999997
7590,17,41,2024-01-12,4,40280.0,2005.71,4.8543,9736.318053,38945.272212,0.0
7986,33,45,2024-01-12,6,56450.9,1881.33,4.8543,9132.540219,54795.241314,0.0
3659,46,27,2024-01-12,4,62743.7,3051.23,4.8543,14811.585789,59246.343156,0.0
2890,27,106,2024-01-13,4,17539.0,918.37,4.8543,4458.043491,17832.173964,293.17396400000143
2276,28,87,2024-01-13,12,802319.0,13597.7,4.8543,66007.31511000001,792087.7813200001,0.0
8802,30,14,2024-01-13,10,358111.0,6767.66,4.8543,32852.251938,328522.51938,0.0
8425,25,64,2024-01-13,10,1115056.0,21352.22,4.8543,103650.08154600002,1036500.8154600002,0.0
5705,10,144,2024-01-13,3,6309.9,422.52,4.8543,2051.038836,6153.116508000001,0.0
7515,40,126,2024-01-13,2,5354.0,467.05,4.8543,2267.200815,4534.40163,0.0
6413,21,70,2024-01-13,1,32637.25,6655.06,4.8543,32305.657758000005,32305.657758000005,0.0
8563,4,126,2024-01-13,15,40156.0,467.05,4.8543,2267.200815,34008.012225,0.0
9678,23,137,2024-01-14,15,48242.9,619.79,4.8543,3008.646597,45129.698955,0.0
8427,42,120,2024-01-14,6,17809.65,635.45,4.8543,3084.6649350000002,18507.98961,698.3396099999991
3221,47,90,2024-01-14,12,901709.6,16092.39,4.8543,78117.28877700001,937407.4653240001,35697.86532400013
1951,32,29,2024-01-14,2,69369.95,7689.63,4.8543,37327.770909000006,74655.54181800001,5285.591818000015
6547,47,69,2024-01-14,9,387015.75,9219.51,4.8543,44754.267393,402788.40653700003,15772.656537000032
2654,42,3,2024-01-14,13,111448.3,1753.77,4.8543,8513.325711,110673.234243,0.0
6199,24,76,2024-01-14,3,422365.25,27945.06,4.8543,135653.704758,406961.11427400005,0.0
612,32,11,2024-01-14,10,344203.05,7246.24,4.8543,35175.422832000004,351754.22832000005,7551.178320000065
654,5,42,2024-01-14,5,28465.8,1263.57,4.8543,6133.747851,30668.739255,2202.939255000001
7868,29,104,2024-01-14,3,11139.0,742.54,4.8543,3604.511922,10813.535766,0.0
4911,8,8,2024-01-15,11,54826.0,1006.07,4.8765,4906.1003550000005,53967.103905,0.0
7395,4,19,2024-01-15,9,140496.45,3358.13,4.8765,16375.920945,147383.288505,6886.838504999992
7351,47,113,2024-01-15,11,45927.75,815.5,4.8765,3976.78575,43744.64325,0.0
2894,3,127,2024-01-15,1,1549.0,296.24,4.8765,1444.61436,1444.61436,0.0
9258,14,97,2024-01-15,4,514273.0,25607.88,4.8765,124876.82682,499507.30728,0.0
643,30,37,2024-01-15,15,91016.0,1211.89,4.8765,5909.781585000001,88646.723775,0.0
7174,11,15,2024-01-15,8,212038.1,5267.98,4.8765,25689.30447,205514.43576,0.0
144,27,116,2024-01-15,4,10302.0,502.24,4.8765,2449.1733600000002,9796.693440000001,0.0
7739,15,42,2024-01-15,2,11986.0,1263.57,4.8765,6161.799105,12323.59821,337.5982100000001
516,32,119,2024-01-15,4,12371.85,669.88,4.8765,3266.66982,13066.67928,694.8292799999999
5876,7,40,2024-01-15,2,28368.0,2970.73,4.8765,14486.764845,28973.52969,605.5296899999994
6314,31,99,2024-01-15,15,1528550.0,21330.89,4.8765,104020.085085,1560301.276275,31751.27627500007
9541,34,43,2024-01-15,7,233394.1,6219.32,4.8765,30328.51398,212299.59786,0.0
8996,9,102,2024-01-16,5,4160.0,199.93,4.9038,980.4167340000001,4902.083670000001,742.0836700000009
1894,19,30,2024-01-16,7,214448.25,6558.44,4.9038,32161.278072,225128.946504,10680.696503999992
218,38,84,2024-01-16,8,330021.45,8951.16,4.9038,43894.698408000004,351157.58726400003,21136.13726400002
7153,24,100,2024-01-16,12,1255203.0,19807.28,4.9038,97130.939664,1165571.275968,0.0
5892,15,25,2024-01-16,9,103681.1,2478.48,4.9038,12153.970224,109385.73201600001,5704.632016000003
5911,35,138,2024-01-16,12,47687.15,836.88,4.9038,4103.892144,49246.705728,1559.5557279999994
1276,39,25,2024-01-16,8,97012.0,2478.48,4.9038,12153.970224,97231.761792,219.7617920000048
2015,23,107,2024-01-16,3,4540.0,311.59,4.9038,1527.975042,4583.925126,43.92512600000009
4173,48,37,2024-01-16,4,24271.0,1211.89,4.9038,5942.866182000001,23771.464728000003,0.0
4625,13,84,2024-01-16,6,260543.0,8951.16,4.9038,43894.698408000004,263368.19044800004,2825.1904480000376
68,43,139,2024-01-16,9,12824.0,246.89,4.9038,1210.699182,10896.292638,0.0
7855,23,39,2024-01-16,10,296328.0,5270.87,4.9038,25847.292306000003,258472.92306000003,0.0
4336,4,12,2024-01-16,13,33668.0,527.97,4.9038,2589.059286,33657.770718,0.0
2736,21,35,2024-01-17,4,44022.0,2106.85,4.9346,10396.46201,41585.84804,0.0
4090,15,52,2024-01-17,11,143207.75,2634.69,4.9346,13001.141274,143012.554014,0.0
9234,40,72,2024-01-17,6,597988.0,30675.48,4.9346,151371.223608,908227.3416480001,310239.34164800006
2484,26,136,2024-01-17,13,24373.2,390.62,4.9346,1927.5534519999999,25058.194875999998,684.994875999997
7038,8,14,2024-01-17,11,374225.9,6767.66,4.9346,33395.695036,367352.64539599995,0.0
1957,20,16,2024-01-18,2,57011.4,6212.42,4.9403,30691.218525999997,61382.437051999994,4371.037051999992
1883,19,2,2024-01-18,1,13298.1,2829.74,4.9403,13979.764521999998,13979.764521999998,681.6645219999973
2807,25,67,2024-01-18,15,1222494.2,16720.73,4.9403,82605.422419,1239081.336285,16587.136285000015
7502,10,22,2024-01-18,3,112441.05,7630.67,4.9403,37697.799001,113093.39700299999,652.347002999988
980,3,37,2024-01-18,13,74936.0,1211.89,4.9403,5987.1001670000005,77832.302171,2896.302171000003
232,42,144,2024-01-18,9,18930.65,422.52,4.9403,2087.375556,18786.380004,0.0
6110,20,125,2024-01-18,6,20412.0,646.27,4.9403,3192.767681,19156.606086,0.0
8417,47,59,2024-01-18,11,910886.6,17882.07,4.9403,88342.790421,971770.6946309999,60884.094630999956
1283,8,6,2024-01-18,4,47281.0,2104.66,4.9403,10397.651797999999,41590.607191999996,0.0
382,3,7,2024-01-18,5,92714.3,3678.62,4.9403,18173.486385999997,90867.43192999999,0.0
8902,13,86,2024-01-18,8,710775.75,17824.79,4.9403,88059.810037,704478.480296,0.0
2487,48,11,2024-01-18,2,72464.0,7246.24,4.9403,35798.599471999994,71597.19894399999,0.0
1865,15,148,2024-01-19,6,27277.35,979.78,4.9223,4822.771094,28936.626564,1659.2765639999998
5856,37,46,2024-01-19,13,64789.0,1000.64,4.9223,4925.450272,64030.853536,0.0
2791,5,50,2024-01-19,4,42848.8,2378.45,4.9223,11707.444435,46829.77774,3980.977739999995
659,36,24,2024-01-19,11,255554.0,4129.65,4.9223,20327.376194999997,223601.13814499998,0.0
2570,32,3,2024-01-19,8,72194.0,1753.77,4.9223,8632.582070999999,69060.65656799999,0.0
5927,7,24,2024-01-19,6,139393.0,4129.65,4.9223,20327.376194999997,121964.25716999998,0.0
5389,49,150,2024-01-19,11,18102.0,326.88,4.9223,1609.001424,17699.015664,0.0
1578,49,2,2024-01-19,11,153980.0,2829.74,4.9223,13928.829201999999,153217.121222,0.0
2312,36,139,2024-01-19,12,17099.0,246.89,4.9223,1215.266647,14583.199763999999,0.0
3451,29,104,2024-01-19,5,18565.0,742.54,4.9223,3655.004642,18275.02321,0.0
4228,29,111,2024-01-20,7,29997.0,821.82,4.9223,4045.2445860000003,28316.712102,0.0
4381,38,106,2024-01-20,1,4165.75,918.37,4.9223,4520.492651,4520.492651,354.74265099999957
2193,47,86,2024-01-20,12,1066164.1,17824.79,4.9223,87738.963817,1052867.565804,0.0
2842,41,135,2024-01-20,14,23023.0,328.1,4.9223,1615.00663,22610.09282,0.0
8122,22,112,2024-01-20,2,4362.0,435.58,4.9223,2144.055434,4288.110868,0.0
3954,37,73,2024-01-20,8,1145279.0,27541.35,4.9223,135566.787105,1084534.29684,0.0
3261,4,124,2024-01-20,15,56549.0,725.63,4.9223,3571.768549,53576.528235,0.0
7003,32,147,2024-01-20,4,11514.0,592.19,4.9223,2914.936837,11659.747348,145.74734800000078
4755,1,145,2024-01-20,7,30449.0,820.56,4.9223,4039.0424879999996,28273.297415999998,0.0
2534,31,119,2024-01-20,9,29302.0,669.88,4.9223,3297.350324,29676.152916,374.1529159999991
5633,44,73,2024-01-20,6,858960.0,27541.35,4.9223,135566.787105,813400.72263,0.0
9311,24,132,2024-01-20,13,20319.0,276.61,4.9223,1361.557403,17700.246239,0.0
1552,8,41,2024-01-20,5,53000.0,2005.71,4.9223,9872.706333,49363.531665,0.0
9530,18,42,2024-01-20,15,89893.0,1263.57,4.9223,6219.670611,93295.059165,3402.0591649999988
4378,20,62,2024-01-20,3,306666.0,20000.78,4.9223,98449.839394,295349.51818199997,0.0
7005,2,71,2024-01-21,4,494661.2,27484.92,4.9223,135289.021716,541156.086864,46494.88686399994
7477,10,106,2024-01-21,10,41656.55,918.37,4.9223,4520.492651,45204.92651,3548.3765099999946
6853,48,62,2024-01-21,8,776887.2,20000.78,4.9223,98449.839394,787598.715152,10711.515152000007
9778,46,103,2024-01-21,13,23259.0,341.7,4.9223,1681.9499099999998,21865.34883,0.0
6388,24,50,2024-01-21,9,96409.8,2378.45,4.9223,11707.444435,105366.999915,8957.19991499999
5647,30,80,2024-01-21,5,646119.0,24177.04,4.9223,119006.643992,595033.21996,0.0
8779,5,132,2024-01-21,3,4454.55,276.61,4.9223,1361.557403,4084.6722090000003,0.0
2789,40,54,2024-01-21,11,1270038.85,23191.9,4.9223,114157.48937000001,1255732.3830700002,0.0
3586,12,118,2024-01-21,15,61490.65,893.4,4.9223,4397.58282,65963.7423,4473.092299999997
273,2,143,2024-01-21,15,66546.0,896.83,4.9223,4414.466309,66216.99463500001,0.0
3768,22,86,2024-01-21,4,355388.35,17824.79,4.9223,87738.963817,350955.855268,0.0
6230,41,122,2024-01-21,4,5025.5,271.3,4.9223,1335.41999,5341.67996,316.1799600000004
2572,3,2,2024-01-21,13,181976.0,2829.74,4.9223,13928.829201999999,181074.77962599997,0.0
2138,40,107,2024-01-21,1,1513.0,311.59,4.9223,1533.739457,1533.739457,20.739456999999902
2297,22,90,2024-01-21,12,901709.6,16092.39,4.9223,79211.571297,950538.8555640001,48829.25556400011
304,7,35,2024-01-21,2,22011.0,2106.85,4.9223,10370.547755,20741.09551,0.0
7553,44,130,2024-01-21,15,59052.95,859.48,4.9223,4230.618404,63459.27606,4406.326059999999
2746,32,22,2024-01-21,13,487242.65,7630.67,4.9223,37560.446941,488285.810233,1043.1602330000023
9496,42,2,2024-01-22,14,195974.0,2829.74,4.949,14004.383259999999,196061.36563999997,87.36563999997452
7666,9,54,2024-01-22,6,692748.55,23191.9,4.949,114776.71310000001,688660.2786000001,0.0
5176,28,111,2024-01-22,7,28497.15,821.82,4.949,4067.18718,28470.31026,0.0
8681,33,147,2024-01-22,8,23028.95,592.19,4.949,2930.7483100000004,23445.986480000003,417.0364800000025
2313,17,146,2024-01-22,7,3472.0,99.02,4.949,490.04997999999995,3430.34986,0.0
5438,23,129,2024-01-22,12,37235.25,661.98,4.949,3276.13902,39313.66824,2078.418239999999
3230,44,131,2024-01-22,5,4577.1,196.2,4.949,970.9938,4854.969,277.8689999999997
4763,10,144,2024-01-22,9,19927.0,422.52,4.949,2091.0514799999996,18819.463319999995,0.0
8462,9,21,2024-01-22,1,8298.25,1674.22,4.949,8285.71478,8285.71478,0.0
2324,43,18,2024-01-22,15,378657.65,5536.62,4.949,27400.732379999998,411010.98569999996,32353.335699999938
5731,22,17,2024-01-22,13,173378.8,2833.14,4.949,14021.209859999999,182275.72817999998,8896.928179999988
3780,47,126,2024-01-23,5,13385.0,467.05,4.9715,2321.939075,11609.695375,0.0
3223,4,36,2024-01-23,12,257656.15,4476.41,4.9715,22254.472315,267053.66778,9397.517780000024
5576,37,120,2024-01-23,15,46867.0,635.45,4.9715,3159.139675,47387.095125,520.0951249999998
8224,11,40,2024-01-23,1,13474.8,2881.94,4.9715,14327.56471,14327.56471,852.7647100000013
7476,1,41,2024-01-23,9,90630.0,2005.71,4.9715,9971.387265,89742.48538499999,0.0
2757,28,98,2024-01-23,9,714250.0,15850.04,4.9715,78798.47386,709186.26474,0.0
6092,40,37,2024-01-23,15,91016.0,1211.89,4.9715,6024.911135,90373.667025,0.0
7312,44,148,2024-01-23,10,45463.2,979.78,4.9715,4870.97627,48709.7627,3246.562700000002
6867,7,7,2024-01-24,14,273263.0,3678.62,4.9192,18095.867503999998,253342.14505599998,0.0
3307,7,79,2024-01-24,14,926056.0,11724.63,4.9192,57675.799896,807461.1985439999,0.0
6309,37,74,2024-01-24,7,575614.5,17160.36,4.9192,84415.242912,590906.700384,15292.200383999967
228,6,78,2024-01-24,6,730569.0,25349.04,4.9192,124696.997568,748181.9854080001,17612.985408000066
9565,41,37,2024-01-24,13,78880.0,1211.89,4.9192,5961.529288000001,77499.88074400001,0.0
3777,5,146,2024-01-24,14,6944.0,99.02,4.9192,487.099184,6819.388575999999,0.0
7150,1,44,2024-01-24,3,32421.0,1963.02,4.9192,9656.487984,28969.463952,0.0
429,7,108,2024-01-24,10,33456.0,688.83,4.9192,3388.492536,33884.92536,428.9253600000011
6219,39,128,2024-01-24,12,53018.55,853.09,4.9192,4196.5203280000005,50358.243936000006,0.0
1577,30,31,2024-01-24,9,74548.0,1686.13,4.9192,8294.410696,74649.69626400001,101.69626400001289
2926,14,69,2024-01-24,10,430017.5,9219.51,4.9192,45352.613592,453526.13592000003,23508.63592000003
7508,37,139,2024-01-24,13,17596.85,246.89,4.9192,1214.501288,15788.516743999999,0.0
6237,26,22,2024-01-24,11,433981.0,7630.67,4.9192,37536.791864,412904.71050399996,0.0
1925,17,7,2024-01-24,14,273263.0,3678.62,4.9192,18095.867503999998,253342.14505599998,0.0
2596,36,90,2024-01-24,12,949168.0,16081.27,4.9192,79106.983384,949283.800608,115.80060800001957
264,10,32,2024-01-24,12,142528.5,2562.61,4.9192,12605.991112000002,151271.893344,8743.393344000011
1519,17,31,2024-01-25,4,31475.4,1686.13,4.9232,8301.155216,33204.620864,1729.2208639999953
2542,10,88,2024-01-25,2,91839.35,9896.1,4.9232,48720.47952,97440.95904,5601.609039999996
4132,20,40,2024-01-25,12,161697.6,2881.94,4.9232,14188.367008,170260.40409599998,8562.804095999978
4886,12,22,2024-01-25,9,337322.2,7630.67,4.9232,37567.314544,338105.830896,783.630896000017
3373,5,149,2024-01-25,8,9309.0,225.94,4.9232,1112.347808,8898.782464,0.0
1142,12,19,2024-01-25,12,197188.0,3358.13,4.9232,16532.745616,198392.947392,1204.9473920000019
668,22,64,2024-01-25,2,223011.0,21352.22,4.9232,105121.24950399999,210242.49900799998,0.0
3405,18,46,2024-01-25,13,64789.0,1000.64,4.9232,4926.350847999999,64042.56102399999,0.0
6458,34,72,2024-01-25,10,996646.0,30675.48,4.9232,151021.52313599997,1510215.2313599996,513569.2313599996
2792,1,81,2024-01-25,13,1508533.5,23345.09,4.9232,114932.54708799999,1494123.112144,0.0
9009,28,124,2024-01-25,9,33929.0,725.63,4.9232,3572.4216159999996,32151.794543999997,0.0
1382,1,79,2024-01-25,12,754073.9,11724.63,4.9232,57722.69841599999,692672.3809919999,0.0
7048,18,64,2024-01-26,3,334517.0,21352.22,4.9125,104892.78075,314678.34225,0.0
192,6,148,2024-01-26,9,40916.5,979.78,4.9125,4813.16925,43318.52325,2402.0232499999984
9572,14,122,2024-01-26,2,2512.75,271.3,4.9125,1332.76125,2665.5225,152.77250000000004
9290,20,103,2024-01-26,13,22096.05,341.7,4.9125,1678.60125,21821.81625,0.0
6206,36,117,2024-01-26,9,35080.65,823.4,4.9125,4044.9524999999994,36404.572499999995,1323.9224999999933
4857,17,14,2024-01-26,1,34020.45,6767.66,4.9125,33246.12975,33246.12975,0.0
3049,23,97,2024-01-26,3,385704.75,25607.88,4.9125,125798.7105,377396.1315,0.0
2998,26,85,2024-01-26,15,578680.0,7885.27,4.9125,38736.388875,581045.833125,2365.8331250000047
9111,42,19,2024-01-26,5,82162.0,3358.13,4.9125,16496.813625,82484.06812499999,322.0681249999907
4222,46,100,2024-01-26,4,397480.95,19807.28,4.9125,97303.26299999999,389213.05199999997,0.0
6625,25,79,2024-01-26,3,188518.95,11724.63,4.9125,57597.24487499999,172791.73462499998,0.0
8223,32,147,2024-01-26,10,30301.0,592.19,4.9125,2909.133375,29091.333749999998,0.0
63,43,42,2024-01-27,15,85398.35,1263.57,4.9125,6207.287624999999,93109.31437499999,7710.964374999981
1132,23,121,2024-01-27,7,25860.0,747.93,4.9125,3674.2061249999997,25719.442874999997,0.0
8067,20,14,2024-01-27,10,340205.45,6767.66,4.9125,33246.12975,332461.2975,0.0
9936,8,16,2024-01-27,15,427585.5,6212.42,4.9125,30518.513249999996,457777.6987499999,30192.198749999923
2282,9,18,2024-01-27,9,239152.0,5536.62,4.9125,27198.645749999996,244787.81174999996,5635.811749999964
3276,31,33,2024-01-27,5,33579.0,1268.8,4.9125,6232.98,31164.899999999998,0.0
9760,41,147,2024-01-27,3,8635.5,592.19,4.9125,2909.133375,8727.400125,91.90012500000012
4583,14,148,2024-01-27,13,62212.0,979.78,4.9125,4813.16925,62571.20025,359.2002500000017
7630,28,145,2024-01-27,14,57853.1,820.56,4.9125,4031.0009999999993,56434.01399999999,0.0
5191,25,112,2024-01-27,10,21810.0,435.58,4.9125,2139.7867499999998,21397.867499999997,0.0
8889,23,110,2024-01-28,9,21337.0,476.03,4.9125,2338.497375,21046.476375,0.0
7431,25,60,2024-01-28,5,543755.0,22370.78,4.9125,109896.45674999998,549482.28375,5727.283749999944
4985,46,16,2024-01-28,8,228045.6,6212.42,4.9125,30518.513249999996,244148.10599999997,16102.505999999965
1399,5,109,2024-01-28,5,2958.3,169.23,4.9125,831.3423749999998,4156.711874999999,1198.4118749999989
388,6,85,2024-01-28,3,109949.2,7885.27,4.9125,38736.388875,116209.16662499998,6259.966624999986
6023,27,47,2024-01-28,11,67353.0,1496.29,4.9125,7350.524624999999,80855.77087499999,13502.770874999987
2982,14,52,2024-01-28,14,182264.15,2634.69,4.9125,12942.914625,181200.80474999998,0.0
2246,7,109,2024-01-28,15,8873.0,169.23,4.9125,831.3423749999998,12470.135624999997,3597.135624999997
9986,40,64,2024-01-28,11,1226561.0,21352.22,4.9125,104892.78075,1153820.58825,0.0
6053,2,24,2024-01-28,2,46464.0,4129.65,4.9125,20286.905624999996,40573.81124999999,0.0
1922,27,150,2024-01-28,8,12506.75,326.88,4.9125,1605.7979999999998,12846.383999999998,339.6339999999982
3840,4,134,2024-01-28,3,14153.0,948.15,4.9125,4657.786875,13973.360625,0.0
9010,48,125,2024-01-28,12,40825.0,646.27,4.9125,3174.8013749999996,38097.6165,0.0
9752,35,79,2024-01-28,5,330734.0,11724.63,4.9125,57597.24487499999,287986.22437499993,0.0
3219,5,111,2024-01-28,2,8141.5,821.82,4.9125,4037.1907499999998,8074.3814999999995,0.0
4475,18,113,2024-01-28,6,25051.5,815.5,4.9125,4006.1437499999997,24036.8625,0.0
1760,1,57,2024-01-28,4,475162.0,22497.79,4.9125,110520.393375,442081.5735,0.0
4576,38,129,2024-01-29,4,12411.75,661.98,4.9225,3258.59655,13034.3862,622.6362000000008
2428,21,126,2024-01-29,15,40156.0,467.05,4.9225,2299.053625,34485.804375,0.0
3562,30,141,2024-01-29,6,27256.45,972.86,4.9225,4788.9033500000005,28733.420100000003,1476.9701000000023
3337,46,79,2024-01-29,12,793762.0,11724.63,4.9225,57714.491175,692573.8941,0.0
3662,37,89,2024-01-29,8,629424.0,14832.32,4.9225,73012.0952,584096.7616,0.0
3767,31,45,2024-01-29,6,56450.9,1881.33,4.9225,9260.846925,55565.08155,0.0
4296,32,55,2024-01-29,15,1567317.6,23326.09,4.9225,114822.678025,1722340.170375,155022.5703749999
2915,24,68,2024-01-29,7,444866.0,13998.43,4.9225,68907.27167500001,482350.90172500006,37484.90172500006
4029,47,15,2024-01-29,2,55800.0,5267.98,4.9225,25931.63155,51863.2631,0.0
197,2,83,2024-01-29,12,1536764.65,35839.7,4.9225,176420.92325,2117051.079,580286.429
4231,4,38,2024-01-29,2,50275.9,5439.42,4.9225,26775.544950000003,53551.089900000006,3275.189900000005
5480,39,131,2024-01-29,2,1927.0,196.2,4.9225,965.7945,1931.589,4.588999999999942
8297,21,110,2024-01-29,7,17469.0,476.03,4.9225,2343.257675,16402.803724999998,0.0
9885,15,30,2024-01-29,14,451470.0,6558.44,4.9225,32283.9209,451974.8926,504.89260000002105
8697,17,66,2024-01-29,1,11943.4,2360.29,4.9225,11618.527525000001,11618.527525000001,0.0
9418,14,137,2024-01-29,5,16927.0,619.79,4.9225,3050.916275,15254.581375,0.0
9613,19,61,2024-01-30,6,168112.0,5396.92,4.9638,26789.231496,160735.38897600002,0.0
8108,39,87,2024-01-30,15,1002898.0,13597.7,4.9638,67496.26326,1012443.9489000001,9545.948900000076
2948,38,128,2024-01-30,12,53018.55,853.09,4.9638,4234.568142,50814.817704,0.0
6094,30,76,2024-01-30,3,444595.0,27945.06,4.9638,138713.688828,416141.06648400007,0.0
3896,30,104,2024-01-30,2,7054.7,742.54,4.9638,3685.820052,7371.640104,316.94010400000025
6533,7,52,2024-01-30,7,91132.55,2634.69,4.9638,13078.074222000001,91546.51955400001,413.96955400001025
3981,26,31,2024-01-30,6,47214.05,1686.13,4.9638,8369.612094,50217.672564,3003.6225639999975
3703,4,58,2024-01-30,4,435298.0,20157.55,4.9638,100058.04669,400232.18676,0.0
1581,13,146,2024-01-30,4,1984.0,99.02,4.9638,491.515476,1966.061904,0.0
1995,6,140,2024-01-30,1,3135.0,586.81,4.9638,2912.8074779999997,2912.8074779999997,0.0
8400,13,150,2024-01-30,5,7816.6,326.88,4.9638,1622.566944,8112.83472,296.23471999999947
2937,41,76,2024-01-30,14,1971036.25,27945.06,4.9638,138713.688828,1941991.6435920002,0.0
1071,11,6,2024-01-30,7,82741.0,2104.66,4.9638,10447.111308,73129.779156,0.0
5615,35,32,2024-01-31,7,87517.0,2562.61,4.9535,12693.888635000001,88857.22044500001,1340.2204450000136
5318,34,5,2024-01-31,1,23669.0,4752.24,4.9535,23540.220839999998,23540.220839999998,0.0
4311,35,20,2024-01-31,4,117167.3,5689.04,4.9535,28180.65964,112722.63856,0.0
5136,44,79,2024-01-31,7,439876.6,11724.63,4.9535,58077.954705,406545.682935,0.0
1626,29,35,2024-01-31,10,110055.0,2106.85,4.9535,10436.281475,104362.81474999999,0.0
3304,47,77,2024-01-31,2,89409.0,8959.75,4.9535,44382.121625,88764.24325,0.0
9728,18,92,2024-01-31,8,710833.0,16745.97,4.9535,82951.162395,663609.29916,0.0
1939,30,12,2024-01-31,8,20718.55,527.97,4.9535,2615.299395,20922.39516,203.84516000000076
607,19,32,2024-01-31,1,12502.0,2562.61,4.9535,12693.888635000001,12693.888635000001,191.88863500000116
373,29,145,2024-01-31,6,26099.0,820.56,4.9535,4064.64396,24387.86376,0.0
3249,11,14,2024-01-31,6,214866.0,6767.66,4.9535,33523.60381,201141.62286,0.0
2742,25,13,2024-01-31,6,46483.0,1356.5,4.9535,6719.42275,40316.5365,0.0
1629,10,49,2024-01-31,2,26528.0,2627.0,4.9535,13012.8445,26025.689,0.0
1924,31,113,2024-01-31,2,8790.0,815.5,4.9535,4039.5792500000002,8079.1585000000005,0.0
8564,45,47,2024-01-31,4,23267.4,1496.29,4.9535,7411.872515,29647.49006,6380.090059999999
4738,49,132,2024-02-01,5,7424.25,276.61,4.935,1365.07035,6825.35175,0.0
7036,30,11,2024-02-01,8,275362.25,7246.24,4.935,35760.19439999999,286081.55519999994,10719.305199999944
5298,21,66,2024-02-01,3,35829.25,2360.29,4.935,11648.031149999999,34944.09345,0.0
6184,13,11,2024-02-01,4,137681.6,7246.24,4.935,35760.19439999999,143040.77759999997,5359.177599999966
9545,25,62,2024-02-01,2,204444.0,20000.78,4.935,98703.84929999999,197407.69859999997,0.0
5158,28,62,2024-02-01,3,306666.0,20000.78,4.935,98703.84929999999,296111.54789999995,0.0
9428,18,19,2024-02-01,5,82162.0,3358.13,4.935,16572.37155,82861.85775,699.8577499999956
7310,19,137,2024-02-01,9,28945.55,619.79,4.935,3058.6636499999995,27527.972849999995,0.0
4862,14,85,2024-02-01,6,219898.4,7885.27,4.935,38913.80745,233482.84470000002,13584.444700000022
4958,19,130,2024-02-01,9,35432.15,859.48,4.935,4241.5338,38173.8042,2741.654199999997
7607,7,53,2024-02-01,13,697775.0,11332.93,4.935,55928.009549999995,727064.1241499999,29289.12414999993
3372,39,41,2024-02-01,7,74200.0,2005.71,4.935,9898.17885,69287.25195,0.0
6331,21,28,2024-02-01,2,27091.15,2921.84,4.935,14419.2804,28838.5608,1747.4107999999978
2335,8,76,2024-02-01,7,985518.6,27945.06,4.935,137908.8711,965362.0976999999,0.0
7144,27,38,2024-02-01,6,150828.65,5439.42,4.935,26843.537699999997,161061.22619999998,10232.576199999981
7724,20,46,2024-02-01,2,9968.0,1000.64,4.935,4938.158399999999,9876.316799999999,0.0
102,9,67,2024-02-02,9,733495.95,16720.73,4.9471,82719.123383,744472.110447,10976.16044700006
7480,45,122,2024-02-02,8,10051.0,271.3,4.9471,1342.14823,10737.18584,686.1858400000001
4512,24,60,2024-02-02,5,516567.25,22370.78,4.9471,110670.48573799999,553352.42869,36785.17868999997
323,46,106,2024-02-02,7,29159.3,918.37,4.9471,4543.268227,31802.877588999996,2643.577588999997
8814,17,145,2024-02-02,6,24794.05,820.56,4.9471,4059.392376,24356.354256,0.0
834,10,9,2024-02-02,6,238233.0,7933.96,4.9471,39250.093516,235500.56109600002,0.0
7184,32,64,2024-02-02,1,111506.0,21352.22,4.9471,105631.567562,105631.567562,0.0
8702,6,144,2024-02-02,4,8857.0,422.52,4.9471,2090.2486919999997,8360.994767999999,0.0
8860,1,31,2024-02-02,11,86558.3,1686.13,4.9471,8341.453723,91755.990953,5197.6909529999975
8680,27,100,2024-02-02,6,596220.95,19807.28,4.9471,97988.59488799999,587931.569328,0.0
7483,41,29,2024-02-02,6,208108.9,7689.63,4.9471,38041.368573,228248.211438,20139.311438000004
6249,26,95,2024-02-02,4,279232.0,12945.63,4.9471,64043.326172999994,256173.30469199998,0.0
1612,48,61,2024-02-02,11,308205.0,5396.92,4.9471,26699.102931999998,293690.132252,0.0
4713,22,16,2024-02-02,13,370574.1,6212.42,4.9471,30733.462982,399535.018766,28960.918766000017
7274,38,123,2024-02-02,11,30548.0,535.37,4.9471,2648.528927,29133.818196999997,0.0
9577,19,93,2024-02-02,15,1431797.25,19409.47,4.9471,96020.589037,1440308.835555,8511.585554999998
5444,27,22,2024-02-02,1,39453.0,7630.67,4.9471,37749.687557,37749.687557,0.0
8083,49,27,2024-02-02,15,247672.0,3051.23,4.9471,15094.739932999999,226421.09899499998,0.0
7372,29,119,2024-02-03,1,3256.0,669.88,4.9471,3313.9633479999998,3313.9633479999998,57.96334799999977
8124,4,71,2024-02-03,13,1607649.85,27484.92,4.9471,135970.64773199998,1767618.4205159997,159968.57051599957
2432,12,49,2024-02-03,13,163813.25,2627.0,4.9471,12996.0317,168948.4121,5135.162099999987
289,29,75,2024-02-03,8,262147.0,6193.58,4.9471,30640.259618,245122.076944,0.0
5525,23,17,2024-02-03,15,210582.0,2833.14,4.9471,14015.826893999998,210237.40340999997,0.0
7129,16,42,2024-02-03,2,11986.0,1263.57,4.9471,6251.007146999999,12502.014293999999,516.0142939999987
6033,5,78,2024-02-03,2,231346.85,25349.04,4.9471,125404.235784,250808.471568,19461.621568000002
7597,37,132,2024-02-04,12,18756.0,276.61,4.9471,1368.417331,16421.007972,0.0
2647,7,69,2024-02-04,12,516021.0,9219.51,4.9471,45609.837921,547318.055052,31297.05505199998
25,8,3,2024-02-04,2,18048.0,1753.77,4.9471,8676.075567,17352.151134,0.0
5711,6,20,2024-02-04,6,185001.0,5689.04,4.9471,28144.249784,168865.498704,0.0
7997,15,70,2024-02-04,10,343554.0,6655.06,4.9471,32923.247326000004,329232.47326000006,0.0
8477,46,29,2024-02-04,14,485587.75,7689.63,4.9471,38041.368573,532579.160022,46991.41002199997
47,4,60,2024-02-04,15,1631266.0,22370.78,4.9471,110670.48573799999,1660057.28607,28791.286069999915
1604,30,55,2024-02-04,4,439949.0,23326.09,4.9471,115396.499839,461585.999356,21636.999355999986
5114,22,8,2024-02-04,4,19937.0,1006.07,4.9471,4977.1288970000005,19908.515588000002,0.0
9777,38,122,2024-02-04,10,13225.0,271.3,4.9471,1342.14823,13421.4823,196.48229999999967
7906,20,31,2024-02-04,12,94427.15,1686.13,4.9471,8341.453723,100097.44467600001,5670.2946760000195
67,18,85,2024-02-04,3,109949.2,7885.27,4.9471,39009.219217,117027.65765099999,7078.45765099999
1968,41,65,2024-02-04,10,242798.15,5225.24,4.9471,25849.784804,258497.84803999998,15699.698039999988
7684,46,146,2024-02-04,13,6125.6,99.02,4.9471,489.86184199999997,6368.203946,242.60394599999927
7283,9,84,2024-02-04,7,288768.65,8951.16,4.9471,44282.283636,309975.985452,21207.33545199997
5141,34,97,2024-02-04,1,135335.0,25607.88,4.9471,126684.743148,126684.743148,0.0
6943,4,29,2024-02-04,15,547655.0,7689.63,4.9471,38041.368573,570620.528595,22965.52859500004
3672,20,54,2024-02-04,15,1823022.0,23191.9,4.9471,114732.64849,1720989.72735,0.0
8646,9,47,2024-02-04,7,40717.95,1496.29,4.9471,7402.296259,51816.073812999995,11098.123812999998
3531,12,95,2024-02-05,2,139616.0,12945.63,5.0053,64796.761839,129593.523678,0.0
9926,32,84,2024-02-05,3,123758.4,8951.16,5.0053,44803.241148,134409.723444,10651.323444000009
9716,33,82,2024-02-05,5,245261.5,9770.29,5.0053,48903.232537,244516.16268500002,0.0
2019,4,128,2024-02-05,2,8835.95,853.09,5.0053,4269.971377,8539.942754,0.0
6912,11,92,2024-02-05,8,710833.0,16745.97,5.0053,83818.60364100001,670548.8291280001,0.0
6553,47,116,2024-02-05,10,25755.0,502.24,5.0053,2513.861872,25138.61872,0.0
8026,13,71,2024-02-05,1,123665.3,27484.92,5.0053,137570.270076,137570.270076,13904.970075999983
4363,28,40,2024-02-05,12,161697.6,2881.94,5.0053,14424.974282000001,173099.691384,11402.091384
8987,34,63,2024-02-05,8,1063677.95,27618.14,5.0053,138237.076142,1105896.609136,42218.65913600009
6361,25,55,2024-02-05,11,1209859.0,23326.09,5.0053,116754.07827700001,1284294.8610470002,74435.86104700016
6664,12,20,2024-02-05,11,339168.0,5689.04,5.0053,28475.351912000002,313228.871032,0.0
1944,26,5,2024-02-05,9,213021.0,4752.24,5.0053,23786.386872,214077.481848,1056.4818479999958
399,16,124,2024-02-05,10,37699.0,725.63,5.0053,3631.995839,36319.95839,0.0
3376,48,1,2024-02-05,13,430593.0,6574.8,5.0053,32908.84644,427815.00372000004,0.0
7250,2,71,2024-02-05,8,1041392.0,27484.92,5.0053,137570.270076,1100562.160608,59170.16060799989
3399,1,140,2024-02-06,15,44668.05,586.81,4.9687,2915.6828469999996,43735.242705,0.0
8881,2,74,2024-02-06,8,657844.6,17160.36,4.9687,85264.68073200001,682117.4458560001,24272.845856000087
6330,44,85,2024-02-06,7,256548.45,7885.27,4.9687,39179.541049,274256.787343,17708.337342999992
5072,9,71,2024-02-06,11,1431915.0,27484.92,4.9687,136564.322004,1502207.5420439998,70292.54204399977
9054,48,128,2024-02-06,3,13254.4,853.09,4.9687,4238.748283,12716.244848999999,0.0
1337,19,22,2024-02-06,15,591793.0,7630.67,4.9687,37914.510029000005,568717.6504350001,0.0
2387,47,141,2024-02-06,4,19127.0,972.86,4.9687,4833.8494820000005,19335.397928000002,208.39792800000214
3843,35,92,2024-02-06,15,1266171.4,16745.97,4.9687,83205.70113900001,1248085.5170850002,0.0
7379,2,61,2024-02-06,15,399265.05,5396.92,4.9687,26815.676404,402235.14606,2970.0960600000108
1115,47,42,2024-02-06,11,65921.0,1263.57,4.9687,6278.300259,69061.302849,3140.3028489999997
1140,21,138,2024-02-06,14,55634.85,836.88,4.9687,4158.205656,58214.879184000005,2580.0291840000064
3649,42,42,2024-02-06,5,29964.0,1263.57,4.9687,6278.300259,31391.501295,1427.5012949999982
7068,33,88,2024-02-06,2,96673.0,9896.1,4.9687,49170.75207,98341.50414,1668.5041400000046
7061,49,25,2024-02-07,5,60632.0,2478.48,4.9608,12295.243584,61476.217919999996,844.2179199999955
188,26,117,2024-02-07,10,41030.0,823.4,4.9608,4084.7227199999998,40847.227199999994,0.0
3698,22,67,2024-02-07,14,1201047.0,16720.73,4.9608,82948.197384,1161274.7633759999,0.0
6325,8,2,2024-02-07,8,111985.0,2829.74,4.9608,14037.774191999999,112302.19353599999,317.1935359999916
7146,41,63,2024-02-07,5,699788.0,27618.14,4.9608,137008.068912,685040.3445599999,0.0
4273,25,9,2024-02-07,12,452642.7,7933.96,4.9608,39358.788768,472305.465216,19662.76521599997
4249,21,144,2024-02-07,10,22141.0,422.52,4.9608,2096.0372159999997,20960.37216,0.0
3545,19,26,2024-02-07,10,164190.4,3412.88,4.9608,16930.615104,169306.15104,5115.751040000003
8470,33,94,2024-02-07,14,541986.4,8022.13,4.9608,39796.182504,557146.5550559999,15160.155055999872
5788,28,115,2024-02-07,12,9468.65,167.9,4.9608,832.91832,9995.01984,526.3698400000012
8739,33,33,2024-02-07,7,44659.5,1268.8,4.9608,6294.26304,44059.84128,0.0
7094,23,95,2024-02-07,9,596858.4,12945.63,4.9608,64220.681304,577986.131736,0.0
1381,18,27,2024-02-07,4,62743.7,3051.23,4.9608,15136.541784,60546.167136,0.0
4057,28,88,2024-02-07,9,435028.0,9896.1,4.9608,49092.57288,441833.15592,6805.15591999999
8624,34,18,2024-02-07,12,302925.55,5536.62,4.9608,27466.064496,329592.77395199996,26667.22395199997
4615,17,91,2024-02-07,10,1348860.0,27671.77,4.9608,137274.11661599998,1372741.1661599998,23881.16615999979
6240,44,114,2024-02-07,1,759.05,152.46,4.9608,756.323568,756.323568,0.0
4259,2,150,2024-02-07,9,14811.0,332.26,4.9608,1648.275408,14834.478672,23.47867199999928
7408,15,124,2024-02-07,14,52779.0,725.63,4.9608,3599.705304,50395.874256,0.0
2041,8,109,2024-02-07,12,7472.0,169.23,4.9608,839.516184,10074.194207999999,2602.194207999999
8925,6,47,2024-02-07,15,91844.0,1496.29,4.9608,7422.795432,111341.93148,19497.93148
4335,29,142,2024-02-08,11,9091.0,169.88,4.9804,846.0703520000001,9306.773872000002,215.77387200000157
5936,14,93,2024-02-08,14,1336344.1,19409.47,4.9804,96666.92438800001,1353336.9414320001,16992.841432000045
2780,42,98,2024-02-08,8,634889.0,15850.04,4.9804,78939.539216,631516.313728,0.0
3047,19,113,2024-02-08,15,62627.8,815.5,4.9804,4061.5162000000005,60922.74300000001,0.0
5694,12,7,2024-02-08,10,185428.6,3678.62,4.9804,18320.999048,183209.99048,0.0
4211,26,44,2024-02-08,12,123197.9,2159.34,4.9804,10754.376936000002,129052.52323200004,5854.623232000042
9052,7,36,2024-02-08,3,67804.0,4476.41,4.9804,22294.312364,66882.93709200001,0.0
3516,11,5,2024-02-08,9,202369.95,4752.24,4.9804,23668.056096,213012.50486400002,10642.554864000005
7400,48,66,2024-02-08,6,75430.0,2360.29,4.9804,11755.188316000002,70531.12989600001,0.0
2460,19,3,2024-02-08,13,111448.3,1753.77,4.9804,8734.476108,113548.189404,2099.8894040000014
4377,22,119,2024-02-08,5,16279.0,669.88,4.9804,3336.2703520000005,16681.35176,402.3517600000014
4722,44,45,2024-02-08,10,94085.15,1881.33,4.9804,9369.775932,93697.75932000001,0.0
7268,7,142,2024-02-08,13,10743.0,169.88,4.9804,846.0703520000001,10998.914576000001,255.91457600000103
944,44,101,2024-02-08,7,3244.0,96.64,4.9804,481.30585600000006,3369.1409920000006,125.14099200000055
1754,45,146,2024-02-08,8,3968.0,99.02,4.9804,493.15920800000004,3945.2736640000003,0.0
352,32,136,2024-02-09,8,15788.0,390.62,4.9717,1942.045454,15536.363632,0.0
2232,32,67,2024-02-09,10,814995.5,16720.73,4.9717,83130.453341,831304.53341,16309.033410000033
9891,38,141,2024-02-09,12,54512.9,972.86,4.9717,4836.768062,58041.216744000005,3528.3167440000034
1864,32,129,2024-02-09,11,34131.6,661.98,4.9717,3291.165966,36202.825626,2071.2256259999995
2744,26,73,2024-02-09,13,1768025.05,27541.35,4.9717,136927.329795,1780055.287335,12030.237334999954
9182,29,87,2024-02-09,8,534879.0,13597.7,4.9717,67603.68509000001,540829.4807200001,5950.480720000109
5974,36,69,2024-02-09,11,473019.25,9219.51,4.9717,45836.637867000005,504203.0165370001,31183.766537000076
6712,8,114,2024-02-09,8,6074.3,152.46,4.9717,757.9853820000001,6063.883056000001,0.0
1066,11,65,2024-02-09,14,357808.0,5225.24,4.9717,25978.325708,363696.559912,5888.559912000026
2090,26,103,2024-02-09,3,5368.0,341.7,4.9717,1698.82989,5096.48967,0.0
2543,22,116,2024-02-09,8,20604.0,502.24,4.9717,2496.986608,19975.892864,0.0
9600,27,52,2024-02-09,12,156226.55,2634.69,4.9717,13098.888273,157186.659276,960.1092760000029
127,26,55,2024-02-09,7,769910.0,22138.68,4.9717,110066.875356,770468.127492,558.1274919999996
6006,45,4,2024-02-10,6,19276.45,692.14,4.9717,3441.112438,20646.674628,1370.224628
1854,48,143,2024-02-10,6,26619.0,896.83,4.9717,4458.769711000001,26752.618266000005,133.61826600000495
1340,39,138,2024-02-10,11,46014.0,836.88,4.9717,4160.7162960000005,45767.87925600001,0.0
6123,20,92,2024-02-10,6,506468.75,16745.97,4.9717,83255.93904900001,499535.63429400005,0.0
8683,28,92,2024-02-10,10,844113.95,16745.97,4.9717,83255.93904900001,832559.3904900001,0.0
8509,28,89,2024-02-10,8,597952.8,14832.32,4.9717,73741.845344,589934.762752,0.0
8460,45,106,2024-02-10,5,21924.0,918.37,4.9717,4565.860129000001,22829.300645000003,905.300645000003
5184,2,56,2024-02-10,7,300921.0,8087.59,4.9717,40209.071203,281463.49842099997,0.0
8964,19,118,2024-02-10,6,24596.45,893.4,4.9717,4441.71678,26650.30068,2053.8506799999996
818,12,126,2024-02-10,3,7629.45,467.05,4.9717,2322.032485,6966.097455000001,0.0
2095,27,40,2024-02-10,14,188648.15,2881.94,4.9717,14328.141098,200593.97537200002,11945.825372000021
3393,7,51,2024-02-10,13,792363.65,12243.38,4.9717,60870.412346,791315.3604979999,0.0
8922,41,96,2024-02-10,11,776829.0,14776.4,4.9717,73463.82788,808102.10668,31273.106679999968
2931,13,12,2024-02-10,5,12949.45,527.97,4.9717,2624.9084490000005,13124.542245000002,175.09224500000164
2245,28,21,2024-02-11,6,49786.65,1674.22,4.9717,8323.719574,49942.317444,155.6674439999988
5450,26,85,2024-02-11,5,183249.3,7885.27,4.9717,39203.196859,196015.98429500003,12766.684295000043
3724,29,99,2024-02-11,5,509516.35,21330.89,4.9717,106050.785813,530253.929065,20737.579065000056
6060,25,39,2024-02-11,6,177797.0,5270.87,4.9717,26205.184379000002,157231.10627400002,0.0
5040,19,102,2024-02-11,1,832.0,199.93,4.9717,993.9919810000001,993.9919810000001,161.99198100000012
4274,31,122,2024-02-11,15,19837.0,271.3,4.9717,1348.82221,20232.333150000002,395.3331500000022
5266,26,66,2024-02-11,3,35829.25,2360.29,4.9717,11734.653793,35203.961379,0.0
3142,28,39,2024-02-11,9,266695.0,5270.87,4.9717,26205.184379000002,235846.65941100003,0.0
9864,49,71,2024-02-11,10,1236653.95,27484.92,4.9717,136646.776764,1366467.7676400002,129813.81764000026
3986,8,44,2024-02-11,14,151296.0,2159.34,4.9717,10735.590678,150298.269492,0.0
1682,22,64,2024-02-11,3,334517.0,21352.22,4.9717,106156.83217400001,318470.49652200006,0.0
4562,19,37,2024-02-11,14,80700.6,1211.89,4.9717,6025.153513000001,84352.14918200002,3651.549182000017
3464,35,141,2024-02-11,11,52600.0,972.86,4.9717,4836.768062,53204.448682,604.448682000002
5,8,57,2024-02-12,4,451403.9,22497.79,4.9717,111852.262543,447409.050172,0.0
1088,30,34,2024-02-12,3,14753.0,1022.84,4.9717,5085.253628,15255.760884000001,502.76088400000117
5817,44,58,2024-02-12,4,435298.0,20157.55,4.9717,100217.291335,400869.16534,0.0
6539,19,100,2024-02-12,5,523001.0,19807.28,4.9717,98475.853976,492379.26988,0.0
1949,32,116,2024-02-12,11,26914.45,502.24,4.9717,2496.986608,27466.852688000003,552.402688000002
5803,48,127,2024-02-12,3,4648.0,296.24,4.9717,1472.8164080000001,4418.449224,0.0
1669,2,32,2024-02-12,11,130650.65,2562.61,4.9717,12740.528137000001,140145.80950700003,9495.159507000033
6064,29,47,2024-02-12,15,87251.8,1496.29,4.9717,7439.104993,111586.574895,24334.774894999995
9156,24,32,2024-02-12,14,166282.3,2562.61,4.9717,12740.528137000001,178367.39391800002,12085.093918000028
9465,22,131,2024-02-12,12,10984.85,196.2,4.9717,975.44754,11705.37048,720.5204799999992
4333,6,100,2024-02-12,7,695591.9,19807.28,4.9717,98475.853976,689330.977832,0.0
8543,12,131,2024-02-12,15,14454.0,196.2,4.9717,975.44754,14631.7131,177.71310000000085
2806,44,20,2024-02-12,7,205042.3,5689.04,4.9717,28284.200168,197989.40117599998,0.0
6658,12,84,2024-02-13,9,390815.0,8951.16,4.9717,44502.482172,400522.339548,9707.339548000018
6109,2,12,2024-02-13,14,38167.0,527.97,4.9717,2624.9084490000005,36748.718286,0.0
98,21,142,2024-02-13,2,1570.35,169.88,4.9717,844.592396,1689.184792,118.8347920000001
8505,45,44,2024-02-13,11,118875.0,2159.34,4.9717,10735.590678,118091.497458,0.0
2149,6,19,2024-02-13,1,15610.4,3358.13,4.9717,16695.614921,16695.614921,1085.2149210000007
747,11,76,2024-02-13,12,1778379.0,27945.06,4.9717,138934.45480200002,1667213.4576240003,0.0
8744,10,74,2024-02-13,5,432793.0,17160.36,4.9717,85316.161812,426580.80906,0.0
5201,12,30,2024-02-13,14,428896.5,6558.44,4.9717,32606.596148,456492.346072,27595.846071999986
943,5,18,2024-02-13,6,159435.0,5536.62,4.9717,27526.413654,165158.481924,5723.481923999992
8094,40,80,2024-02-13,8,1033791.0,24177.04,4.9717,120200.98976800001,961607.9181440001,0.0
4628,12,93,2024-02-13,6,572718.9,19409.47,4.9717,96498.06199900001,578988.371994,6269.471994000021
9934,14,47,2024-02-13,14,81434.95,1496.29,4.9717,7439.104993,104147.469902,22712.519902
527,48,53,2024-02-13,1,53675.0,11332.93,4.9717,56343.928081000005,56343.928081000005,2668.9280810000055
9633,25,3,2024-02-13,2,18048.0,1753.77,4.9717,8719.218309,17438.436618,0.0
3988,28,91,2024-02-13,15,2023290.0,27671.77,4.9717,137575.738909,2063636.083635,40346.083635000046
9687,3,66,2024-02-13,5,62858.0,2360.29,4.9717,11734.653793,58673.268964999996,0.0
7573,19,19,2024-02-13,3,49297.0,3358.13,4.9717,16695.614921,50086.844763,789.844763000001
6630,2,63,2024-02-13,13,1819450.0,27618.14,4.9717,137309.106638,1785018.3862939999,0.0
2022,21,63,2024-02-13,8,1119661.0,27618.14,4.9717,137309.106638,1098472.853104,0.0
5563,37,114,2024-02-14,11,8352.4,152.46,4.9723,758.076858,8338.845438,0.0
121,25,132,2024-02-14,13,20319.0,276.61,4.9723,1375.387903,17880.042739,0.0
5015,49,133,2024-02-14,15,28391.0,348.47,4.9723,1732.697381,25990.460715,0.0
563,44,150,2024-02-14,9,14811.0,332.26,4.9723,1652.096398,14868.867581999999,57.86758199999895
8202,9,123,2024-02-14,9,24994.0,535.37,4.9723,2662.020251,23958.182259,0.0
5286,40,127,2024-02-14,9,13246.8,296.24,4.9723,1472.994152,13256.947368,10.147367999999915
1890,41,91,2024-02-14,13,1753518.0,27671.77,4.9723,137592.341971,1788700.445623,35182.44562299992
3064,41,49,2024-02-14,5,63004.95,2627.0,4.9723,13062.2321,65311.1605,2306.210500000001
2692,5,90,2024-02-14,6,450854.8,16081.27,4.9723,79960.898821,479765.39292599994,28910.592925999954
1781,6,46,2024-02-14,5,23673.05,1000.64,4.9723,4975.482271999999,24877.41136,1204.361359999999
1741,6,30,2024-02-14,12,386974.0,6558.44,4.9723,32610.531211999994,391326.3745439999,4352.374543999904
3668,38,116,2024-02-14,15,38633.0,502.24,4.9723,2497.2879519999997,37459.319279999996,0.0
585,30,6,2024-02-14,14,157208.85,2104.66,4.9723,10465.000917999998,146510.01285199996,0.0
1314,7,7,2024-02-14,14,273263.0,3678.62,4.9723,18291.202225999998,256076.83116399997,0.0
6804,33,3,2024-02-15,4,36097.0,1753.77,4.971,8717.99067,34871.96268,0.0
9384,1,1,2024-02-15,15,496838.0,6574.8,4.971,32683.3308,490249.962,0.0
4933,45,51,2024-02-15,12,731412.6,12243.38,4.971,60861.84198,730342.10376,0.0
7955,48,30,2024-02-15,2,61271.2,6558.44,4.971,32602.00524,65204.01048,3932.81048
524,8,56,2024-02-15,7,285874.95,8087.59,4.971,40203.40989,281423.86923,0.0
9284,16,9,2024-02-15,7,264041.1,7933.96,4.971,39439.71516,276078.00612,12036.90612
6288,17,18,2024-02-15,6,159435.0,5536.62,4.971,27522.53802,165135.22811999999,5700.228119999985
8971,31,69,2024-02-15,13,588445.0,9219.51,4.971,45830.18421,595792.3947299999,7347.394729999942
3407,42,129,2024-02-15,4,12411.75,661.98,4.971,3290.70258,13162.81032,751.0603200000005
5210,41,55,2024-02-15,5,522439.2,22138.68,4.971,110051.37828,550256.8914000001,27817.69140000007
8029,34,74,2024-02-15,8,692468.0,17160.36,4.971,85304.14956,682433.19648,0.0
8684,41,120,2024-02-16,13,40618.0,635.45,4.9761,3162.062745,41106.815685,488.8156850000014
3029,31,33,2024-02-16,1,6380.2,1268.8,4.9761,6313.675679999999,6313.675679999999,0.0
3984,1,75,2024-02-16,3,93389.75,6193.58,4.9761,30819.873438,92459.620314,0.0
3763,27,112,2024-02-16,5,10905.0,435.58,4.9761,2167.489638,10837.44819,0.0
4736,43,19,2024-02-16,4,62442.55,3358.13,4.9761,16710.390693,66841.562772,4399.012772000002
9797,9,15,2024-02-16,12,318057.15,5267.98,4.9761,26213.995277999995,314567.94333599997,0.0
9504,33,56,2024-02-16,2,81679.1,8087.59,4.9761,40244.656599,80489.313198,0.0
2488,29,72,2024-02-17,4,398659.0,30675.48,4.9761,152644.256028,610577.024112,211918.024112
1263,20,79,2024-02-17,4,264587.0,11724.63,4.9761,58342.931343,233371.725372,0.0
8272,26,143,2024-02-17,5,21072.9,896.83,4.9761,4462.715763,22313.578815,1240.6788149999993
154,22,137,2024-02-17,10,32162.25,619.79,4.9761,3084.137019,30841.370189999998,0.0
320,39,45,2024-02-17,8,75268.5,1881.33,4.9761,9361.686212999999,74893.48970399999,0.0
7390,17,60,2024-02-17,5,543755.0,22370.78,4.9761,111319.23835799999,556596.19179,12841.191789999953
6112,43,92,2024-02-17,9,759702.65,16745.97,4.9761,83329.621317,749966.591853,0.0
9104,13,103,2024-02-17,10,17892.0,341.7,4.9761,1700.3333699999998,17003.3337,0.0
877,18,111,2024-02-17,15,61064.1,821.82,4.9761,4089.458502,61341.87753,277.7775299999994
9082,12,70,2024-02-18,8,274843.0,6655.06,4.9761,33116.244066,264929.952528,0.0
1195,26,8,2024-02-18,12,56819.5,1006.07,4.9761,5006.304927,60075.659124,3256.159123999998
3021,46,39,2024-02-18,12,355594.0,5270.87,4.9761,26228.376206999998,314740.514484,0.0
5138,28,81,2024-02-18,14,1624575.05,23345.09,4.9761,116167.50234899999,1626345.032886,1769.982885999838
1687,3,93,2024-02-18,12,1145437.8,19409.47,4.9761,96583.463667,1159001.564004,13563.764003999997
6841,40,87,2024-02-18,7,468019.0,13597.7,4.9761,67663.51497,473644.60479,5625.604790000012
8523,6,140,2024-02-18,3,8933.8,586.81,4.9761,2920.0252409999994,8760.075722999998,0.0
9263,42,145,2024-02-18,7,30449.0,875.03,4.9761,4354.236782999999,30479.657480999995,30.657480999994732
7595,26,113,2024-02-18,8,35160.0,815.5,4.9761,4058.0095499999998,32464.076399999998,0.0
7949,34,32,2024-02-18,13,154405.4,2562.61,4.9761,12751.803621,165773.447073,11368.047072999994
2614,27,34,2024-02-18,8,37373.0,1022.84,4.9761,5089.754124,40718.032992,3345.0329920000004
5029,23,110,2024-02-18,14,34937.0,476.03,4.9761,2368.7728829999996,33162.820362,0.0
6106,14,35,2024-02-18,10,104552.25,2106.85,4.9761,10483.896284999999,104838.96284999998,286.7128499999817
9036,17,70,2024-02-19,14,480976.0,6655.06,4.9585,32999.11501,461987.61014,0.0
7169,33,48,2024-02-19,7,103154.0,3020.3,4.9585,14976.15755,104833.10285,1679.1028499999957
305,11,38,2024-02-19,12,317534.0,5439.42,4.9585,26971.36407,323656.36884,6122.36884000001
3769,2,91,2024-02-19,1,128141.7,27671.77,4.9585,137210.471545,137210.471545,9068.77154500001
4768,6,56,2024-02-19,4,163357.25,8087.59,4.9585,40102.315015,160409.26006,0.0
1541,37,150,2024-02-19,6,9874.0,332.26,4.9585,1647.51121,9885.06726,11.067259999999806
4327,24,12,2024-02-19,7,18128.85,527.97,4.9585,2617.939245,18325.574715,196.7247150000003
4220,43,97,2024-02-19,6,771409.5,25607.88,4.9585,126976.67298,761860.03788,0.0
8089,15,53,2024-02-19,3,152973.75,11332.93,4.9585,56194.333405,168583.000215,15609.250215000007
494,32,46,2024-02-19,2,9968.0,1000.64,4.9585,4961.67344,9923.34688,0.0
1216,35,8,2024-02-19,7,34889.0,1006.07,4.9585,4988.598095,34920.186665,31.186665000001085
6245,6,45,2024-02-19,10,99037.0,1881.33,4.9585,9328.574805,93285.74805,0.0
451,42,54,2024-02-19,13,1500955.35,23191.9,4.9585,114997.03615,1494961.46995,0.0
4050,8,125,2024-02-20,12,38783.75,646.27,4.9408,3193.090816,38317.089792,0.0
5483,18,67,2024-02-20,9,733495.95,16720.73,4.9408,82613.78278400001,743524.0450560001,10028.095056000166
749,10,70,2024-02-20,14,480976.0,6655.06,4.9408,32881.320448000006,460338.48627200007,0.0
6162,42,119,2024-02-20,9,29302.0,669.88,4.9408,3309.743104,29787.687936000002,485.6879360000021
7725,43,74,2024-02-20,14,1151229.0,17160.36,4.9408,84785.906688,1187002.6936320001,35773.693632000126
9086,10,45,2024-02-20,14,138652.0,1881.33,4.9408,9295.275264,130133.853696,0.0
2266,38,99,2024-02-20,14,1501733.0,21330.89,4.9408,105391.661312,1475483.258368,0.0
9543,22,131,2024-02-20,15,14454.0,196.2,4.9408,969.38496,14540.7744,86.77440000000024
9914,21,74,2024-02-20,3,246692.2,17160.36,4.9408,84785.906688,254357.720064,7665.520063999982
2506,8,142,2024-02-20,7,5785.0,169.88,4.9408,839.343104,5875.401728000001,90.40172800000073
4085,45,106,2024-02-20,13,57003.0,918.37,4.9408,4537.4824960000005,58987.272448,1984.2724480000034
4022,47,1,2024-02-20,7,231858.0,6657.12,4.9408,32891.498496,230240.489472,0.0
6186,38,58,2024-02-20,12,1240600.25,20157.55,4.9408,99594.42304000001,1195133.07648,0.0
7749,42,73,2024-02-21,3,429480.0,27541.35,4.9303,135787.117905,407361.353715,0.0
3524,46,88,2024-02-21,12,580038.0,9896.1,4.9303,48790.74183,585488.9019599999,5450.90195999993
4196,46,86,2024-02-21,9,799622.6,17824.79,4.9303,87881.562137,790934.059233,0.0
7248,5,25,2024-02-21,3,34560.05,2478.48,4.9303,12219.649944,36658.949832,2098.8998319999955
6939,10,103,2024-02-21,3,5368.0,341.7,4.9303,1684.6835099999998,5054.0505299999995,0.0
2389,17,145,2024-02-21,1,4132.5,875.03,4.9303,4314.160409,4314.160409,181.66040900000007
4285,48,119,2024-02-21,13,40209.7,669.88,4.9303,3302.709364,42935.221732,2725.521732000001
4801,28,64,2024-02-21,9,1003550.0,21352.22,4.9303,105272.85026600001,947455.6523940001,0.0
3263,47,58,2024-02-21,8,870597.0,20157.55,4.9303,99382.768765,795062.15012,0.0
6777,12,100,2024-02-21,15,1569004.0,19807.28,4.9303,97655.83258399999,1464837.4887599999,0.0
1495,35,30,2024-02-21,1,30635.6,6558.44,4.9303,32335.076731999998,32335.076731999998,1699.4767319999992
2453,5,46,2024-02-21,13,61549.55,1000.64,4.9303,4933.455392,64134.920096,2585.3700959999987
5292,19,110,2024-02-21,9,21337.0,476.03,4.9303,2346.9707089999997,21122.736381,0.0
1703,23,10,2024-02-22,4,121725.4,6547.91,4.9419,32359.116429,129436.465716,7711.065716000012
1043,13,120,2024-02-22,7,20777.45,635.45,4.9419,3140.3303550000005,21982.312485000002,1204.8624850000015
8666,12,44,2024-02-22,15,153997.85,2159.34,4.9419,10671.242346,160068.63519,6070.785189999995
7052,29,88,2024-02-22,6,290019.0,9896.1,4.9419,48905.53659,293433.21954,3414.21954000002
4907,36,93,2024-02-22,15,1431797.25,19409.47,4.9419,95919.65979300001,1438794.8968950002,6997.646895000245
6393,49,59,2024-02-22,5,435831.0,17882.07,4.9419,88371.401733,441857.00866500003,6026.00866500003
4776,26,119,2024-02-22,2,6186.4,669.88,4.9419,3310.479972,6620.959944,434.55994400000054
2993,35,59,2024-02-22,12,993694.3,17882.07,4.9419,88371.401733,1060456.820796,66762.52079600003
3246,30,120,2024-02-22,14,41555.85,635.45,4.9419,3140.3303550000005,43964.624970000004,2408.774970000006
2406,45,111,2024-02-22,2,8141.5,821.82,4.9419,4061.352258000001,8122.704516000002,0.0
4669,17,41,2024-02-22,13,137800.0,2005.71,4.9419,9912.018249,128856.23723700001,0.0
4902,1,95,2024-02-22,1,69808.0,12945.63,4.9419,63976.008897,63976.008897,0.0
8363,47,48,2024-02-22,13,191573.0,3020.3,4.9419,14926.020570000002,194038.26741000003,2465.2674100000295
9873,41,74,2024-02-22,10,865586.0,17160.36,4.9419,84804.78308400001,848047.8308400001,0.0
9780,21,115,2024-02-22,5,3945.35,167.9,4.9419,829.7450100000001,4148.725050000001,203.375050000001
984,14,42,2024-02-23,8,47943.0,1263.57,4.9851,6299.022806999999,50392.182455999995,2449.182455999995
9192,45,76,2024-02-23,14,1971036.25,27945.06,4.9851,139308.91860600002,1950324.8604840003,0.0
3383,48,23,2024-02-23,7,78250.0,2108.74,4.9851,10512.279773999999,73585.958418,0.0
933,34,108,2024-02-23,11,34960.95,688.83,4.9851,3433.886433,37772.750763000004,2811.8007630000066
6700,48,15,2024-02-23,9,251098.0,5267.98,4.9851,26261.407098,236352.663882,0.0
2732,19,136,2024-02-23,8,14998.6,390.62,4.9851,1947.2797620000001,15578.238096000001,579.6380960000006
8868,41,45,2024-02-23,8,79230.0,1881.33,4.9851,9378.618183,75028.945464,0.0
3539,36,77,2024-02-23,13,552102.95,8959.75,4.9851,44665.249725,580648.246425,28545.296425000066
8954,48,54,2024-02-23,7,808206.8,23191.9,4.9851,115613.94069,809297.5848300001,1090.7848300000187
370,47,27,2024-02-23,9,148603.0,3051.23,4.9851,15210.686673,136896.180057,0.0
3352,7,125,2024-02-23,6,19391.4,646.27,4.9851,3221.720577,19330.323462,0.0
9089,19,112,2024-02-23,10,21810.0,435.58,4.9851,2171.409858,21714.098579999998,0.0
3318,20,27,2024-02-23,5,82557.0,3051.23,4.9851,15210.686673,76053.433365,0.0
8834,39,10,2024-02-23,3,96099.0,6547.91,4.9851,32641.986141,97925.958423,1826.9584230000037
3805,37,89,2024-02-23,2,157356.0,14832.32,4.9851,73940.598432,147881.196864,0.0
2064,7,20,2024-02-24,7,215834.0,5689.04,4.9851,28360.433304000002,198523.033128,0.0
5027,15,42,2024-02-24,15,89893.0,1263.57,4.9851,6299.022806999999,94485.34210499999,4592.342104999989
8514,44,72,2024-02-24,8,757451.15,30675.48,4.9851,152920.335348,1223362.682784,465911.5327839999
7727,7,19,2024-02-24,12,187328.6,3358.13,4.9851,16740.613863000002,200887.366356,13558.766356000007
6341,20,17,2024-02-24,7,93357.45,2833.14,4.9851,14123.486214,98864.403498,5506.953498000003
2527,9,142,2024-02-24,7,5785.0,169.88,4.9851,846.868788,5928.081516,143.0815160000002
2685,36,33,2024-02-24,15,100737.0,1268.8,4.9851,6325.09488,94876.42319999999,0.0
4974,45,85,2024-02-24,10,385787.0,7885.27,4.9851,39308.859477000005,393088.5947700001,7301.594770000083
821,42,103,2024-02-24,11,19681.0,341.7,4.9851,1703.40867,18737.49537,0.0
3125,29,121,2024-02-24,11,40637.0,747.93,4.9851,3728.505843,41013.564272999996,376.5642729999963
4062,28,135,2024-02-24,14,21871.85,328.1,4.9851,1635.6113100000002,22898.558340000003,1026.7083400000047
5567,45,33,2024-02-24,7,44659.5,1268.8,4.9851,6325.09488,44275.66416,0.0
1916,48,16,2024-02-24,9,256551.3,6212.42,4.9851,30969.534942000002,278725.81447800004,22174.514478000056
3169,41,113,2024-02-25,8,35160.0,815.5,4.9851,4065.3490500000003,32522.792400000002,0.0
7690,23,138,2024-02-25,3,11921.55,836.88,4.9851,4171.930488,12515.791464,594.2414640000006
9264,9,99,2024-02-25,7,713323.65,21330.89,4.9851,106336.619739,744356.338173,31032.688173000002
3422,29,142,2024-02-25,5,4132.0,169.88,4.9851,846.868788,4234.34394,102.34393999999975
7285,40,30,2024-02-25,7,225735.0,6558.44,4.9851,32694.479244,228861.354708,3126.354707999999
9779,41,130,2024-02-25,6,23621.75,859.48,4.9851,4284.593748,25707.562488000003,2085.812488000003
7294,38,140,2024-02-25,15,47019.0,586.81,4.9851,2925.3065309999997,43879.59796499999,0.0
4986,27,147,2024-02-25,4,11514.0,592.19,4.9851,2952.1263690000005,11808.505476000002,294.5054760000021
802,34,112,2024-02-25,4,8724.0,435.58,4.9851,2171.409858,8685.639432,0.0
275,40,67,2024-02-25,6,514734.0,16720.73,4.9851,83354.511123,500127.066738,0.0
2522,42,139,2024-02-26,13,17596.85,246.89,4.9819,1229.981291,15989.756783,0.0
4082,31,130,2024-02-26,14,58017.0,859.48,4.9819,4281.843412,59945.807768,1928.8077679999988
3546,1,41,2024-02-26,10,106000.0,2005.71,4.9819,9992.246649,99922.46649,0.0
6414,17,29,2024-02-26,6,208108.9,7689.63,4.9819,38308.96769700001,229853.80618200003,21744.906182000035
9138,22,41,2024-02-26,11,110770.0,2005.71,4.9819,9992.246649,109914.713139,0.0
2010,20,23,2024-02-26,15,167679.0,2108.74,4.9819,10505.531805999999,157582.97709,0.0
2145,26,33,2024-02-26,8,51039.7,1268.8,4.9819,6321.034720000001,50568.277760000004,0.0
7787,9,2,2024-02-26,8,106385.75,2829.74,4.9819,14097.481706,112779.853648,6394.103648000004
9650,12,116,2024-02-26,4,9786.9,502.24,4.9819,2502.109456,10008.437824,221.5378240000009
1576,48,129,2024-02-26,8,26130.0,661.98,4.9819,3297.9181620000004,26383.345296000003,253.34529600000315
2837,10,148,2024-02-26,4,19142.0,979.78,4.9819,4881.165982,19524.663928,382.66392800000176
6247,45,24,2024-02-26,5,116161.0,4129.65,4.9819,20573.503335,102867.516675,0.0
5910,13,22,2024-02-26,5,187400.8,7630.67,4.9819,38015.234873,190076.174365,2675.374365000025
129,3,82,2024-02-26,11,567974.0,9770.29,4.9819,48674.60775100001,535420.6852610001,0.0
8021,22,58,2024-02-26,10,1033833.7,20157.55,4.9819,100422.89834500001,1004228.98345,0.0
7198,25,113,2024-02-27,11,48345.0,815.5,4.9575,4042.8412499999995,44471.253749999996,0.0
5661,39,38,2024-02-27,5,132306.0,5439.42,4.9575,26965.924649999997,134829.62324999998,2523.623249999975
9074,43,6,2024-02-27,11,123520.9,2104.66,4.9575,10433.851949999998,114772.37144999998,0.0
8825,23,150,2024-02-27,12,18760.6,332.26,4.9575,1647.1789499999998,19766.147399999998,1005.5473999999995
4271,6,58,2024-02-27,9,930449.95,20157.55,4.9575,99931.05412499998,899379.4871249999,0.0
7246,4,85,2024-02-27,12,462944.0,7885.27,4.9575,39091.226024999996,469094.71229999996,6150.712299999956
3543,10,63,2024-02-27,5,699788.0,27618.14,4.9575,136916.92904999998,684584.6452499998,0.0
1120,22,32,2024-02-27,1,12502.0,2562.61,4.9575,12704.139075,12704.139075,202.13907499999914
2816,2,63,2024-02-27,13,1728477.5,27618.14,4.9575,136916.92904999998,1779920.0776499996,51442.57764999964
8874,33,30,2024-02-27,10,322479.0,6558.44,4.9575,32513.466299999996,325134.66299999994,2655.6629999999423
7161,43,65,2024-02-27,4,102231.0,5225.24,4.9575,25904.127299999996,103616.50919999999,1385.5091999999859
3953,21,36,2024-02-28,9,193242.35,4476.41,4.9557,22183.745037,199653.705333,6411.355332999985
4470,21,27,2024-02-28,6,94115.55,3051.23,4.9557,15120.980511000002,90725.88306600001,0.0
5773,32,97,2024-02-28,8,1028546.95,25607.88,4.9557,126904.970916,1015239.767328,0.0
7468,44,128,2024-02-28,6,27904.0,853.09,4.9557,4227.658113,25365.948678,0.0
8,27,25,2024-02-28,3,34560.05,2478.48,4.9557,12282.603336,36847.810008,2287.7600079999975
440,20,83,2024-02-28,6,808823.0,35839.7,4.9557,177610.80129,1065664.80774,256841.80774000008
1818,26,99,2024-02-28,5,536333.0,21330.89,4.9557,105709.491573,528547.457865,0.0
2765,31,35,2024-02-29,15,156828.85,2106.85,4.9833,10499.065605,157485.984075,657.1340749999799
8501,42,14,2024-02-29,13,442266.8,6767.66,4.9833,33725.280077999996,438428.64101399994,0.0
1011,23,128,2024-02-29,6,27904.0,853.09,4.9833,4251.203397,25507.220382,0.0
6716,25,24,2024-02-29,1,22070.4,4129.65,4.9833,20579.284845,20579.284845,0.0
8085,1,109,2024-02-29,2,1245.0,169.23,4.9833,843.323859,1686.647718,441.64771799999994
4246,28,4,2024-02-29,9,28915.15,692.14,4.9833,3449.1412619999996,31042.271357999998,2127.1213579999967
8241,22,86,2024-02-29,6,533082.05,17824.79,4.9833,88826.27600700001,532957.656042,0.0
4340,28,82,2024-02-29,6,309804.0,9770.29,4.9833,48688.286157,292129.716942,0.0
604,6,72,2024-02-29,10,946813.7,30675.48,4.9833,152865.119484,1528651.19484,581837.49484
8992,34,74,2024-02-29,5,432793.0,17160.36,4.9833,85515.221988,427576.10994,0.0
2268,12,62,2024-02-29,14,1359552.6,20000.78,4.9833,99669.886974,1395378.4176359999,35825.81763599976
470,5,55,2024-02-29,14,1539821.0,22138.68,4.9833,110323.684044,1544531.576616,4710.576615999918
8312,27,111,2024-02-29,12,48851.85,821.82,4.9833,4095.375606,49144.507272,292.657272000004
2544,40,67,2024-02-29,13,1059495.1,16720.73,4.9833,83324.41380899999,1083217.379517,23722.279516999843
9048,22,120,2024-02-29,9,26714.0,635.45,4.9833,3166.6379850000003,28499.741865000004,1785.7418650000036
8267,9,112,2024-02-29,8,17448.0,435.58,4.9833,2170.625814,17365.006512,0.0
8229,1,120,2024-02-29,8,23746.2,635.45,4.9833,3166.6379850000003,25333.103880000002,1586.9038800000017
8777,23,116,2024-02-29,9,23180.0,502.24,4.9833,2502.8125919999998,22525.313327999997,0.0
8859,13,23,2024-03-01,15,159295.05,2108.74,4.9596,10458.506903999998,156877.60355999996,0.0
3299,42,52,2024-03-01,1,13704.0,2634.69,4.9596,13067.008524,13067.008524,0.0
2938,38,60,2024-03-01,14,1522515.0,22370.78,4.9596,110950.120488,1553301.686832,30786.686832000036
3845,35,143,2024-03-01,9,37931.6,896.83,4.9596,4447.918068,40031.262612,2099.662612
7422,21,25,2024-03-01,2,23040.35,2478.48,4.9596,12292.269408,24584.538816,1544.1888160000017
4695,7,20,2024-03-01,4,123334.0,5689.04,4.9596,28215.362784,112861.451136,0.0
9880,8,137,2024-03-01,2,6771.0,619.79,4.9596,3073.910484,6147.820968,0.0
7278,36,105,2024-03-01,10,3095.0,62.64,4.9596,310.669344,3106.69344,11.69344000000001
6578,48,116,2024-03-01,6,14680.35,502.24,4.9596,2490.909504,14945.457024000001,265.1070240000008
3121,26,132,2024-03-01,3,4689.0,314.46,4.9596,1559.595816,4678.787448,0.0
4775,6,55,2024-03-01,15,1649808.0,22138.68,4.9596,109798.997328,1646984.95992,0.0
8024,26,71,2024-03-01,10,1236653.95,27484.92,4.9596,136314.209232,1363142.0923199998,126488.14231999987
2615,19,138,2024-03-01,6,25098.0,836.88,4.9596,4150.590048,24903.540288,0.0
193,7,144,2024-03-01,6,12620.75,422.52,4.9596,2095.5301919999997,12573.181151999997,0.0
104,11,24,2024-03-02,11,242776.3,4129.65,4.9596,20481.412139999997,225295.53353999997,0.0
7092,14,48,2024-03-02,13,191573.0,3020.3,4.9596,14979.47988,194733.23844000002,3160.2384400000155
1214,37,23,2024-03-02,11,116816.75,2108.74,4.9596,10458.506903999998,115043.57594399998,0.0
2690,48,5,2024-03-02,3,67456.65,4752.24,4.9596,23569.209504,70707.628512,3250.9785120000015
4595,27,28,2024-03-02,5,71293.0,2921.84,4.9596,14491.157664,72455.78832,1162.788320000007
1502,43,8,2024-03-02,1,4734.8,1006.07,4.9596,4989.704772,4989.704772,254.90477199999987
3497,8,132,2024-03-02,1,1484.85,314.46,4.9596,1559.595816,1559.595816,74.7458160000001
7040,33,22,2024-03-02,6,224881.15,7630.67,4.9596,37845.070932,227070.425592,2189.27559200002
4698,25,29,2024-03-02,1,34684.5,7689.63,4.9596,38137.488948,38137.488948,3452.9889479999983
456,17,43,2024-03-02,8,266736.25,6219.32,4.9596,30845.339472,246762.715776,0.0
8975,25,85,2024-03-02,14,513096.9,7885.27,4.9596,39107.785092000006,547508.991288,34412.091287999996
3939,24,33,2024-03-03,15,95700.15,1268.8,4.9596,6292.7404799999995,94391.1072,0.0
9334,42,57,2024-03-03,7,789957.3,22497.79,4.9596,111580.039284,781060.274988,0.0
2215,22,115,2024-03-03,5,4153.0,167.9,4.9596,832.71684,4163.5842,10.584200000000237
1666,32,53,2024-03-03,2,107350.0,11332.93,4.9596,56206.799628,112413.599256,5063.599256000001
7679,28,139,2024-03-03,10,13536.55,246.89,4.9596,1224.4756439999999,12244.75644,0.0
1856,2,95,2024-03-03,13,907505.0,12945.63,4.9596,64205.146548,834666.9051239999,0.0
4791,39,141,2024-03-03,9,40884.2,972.86,4.9596,4824.996456,43424.968104,2540.7681040000025
4693,6,124,2024-03-04,6,22620.0,725.63,4.9475,3590.054425,21540.326549999998,0.0
3749,12,117,2024-03-04,4,15591.4,823.4,4.9475,4073.7715,16295.086,703.6859999999997
7133,8,56,2024-03-04,3,122517.7,8087.59,4.9475,40013.351525,120040.05457499999,0.0
6696,21,37,2024-03-04,12,72813.0,1211.89,4.9475,5995.825775,71949.9093,0.0
5941,35,48,2024-03-04,6,83997.1,3020.3,4.9475,14942.93425,89657.6055,5660.505499999999
8558,38,13,2024-03-04,1,7359.65,1356.5,4.9475,6711.28375,6711.28375,0.0
5011,13,26,2024-03-04,1,16418.85,3412.88,4.9475,16885.2238,16885.2238,466.3738000000012
8804,6,87,2024-03-04,3,200580.0,13597.7,4.9475,67274.62075,201823.86225,1243.8622500000056
741,39,19,2024-03-04,8,131459.0,3358.13,4.9475,16614.348175,132914.7854,1455.7853999999934
7111,47,80,2024-03-04,12,1473151.7,24177.04,4.9475,119615.9054,1435390.8648,0.0
3758,14,113,2024-03-04,3,12525.75,815.5,4.9475,4034.6862499999997,12104.05875,0.0
6504,12,91,2024-03-04,14,1888404.0,27671.77,4.9475,136906.08207499998,1916685.1490499997,28281.149049999658
8496,17,46,2024-03-04,13,64789.0,1000.64,4.9475,4950.6664,64358.6632,0.0
5134,48,69,2024-03-04,9,407385.0,9219.51,4.9475,45613.525725,410521.731525,3136.73152500001
1221,44,72,2024-03-04,4,378726.05,30675.48,4.9475,151766.9373,607067.7492,228341.69919999997
7538,28,108,2024-03-05,12,38139.65,688.83,4.9488,3408.8819040000003,40906.582848000005,2766.932848000004
1756,27,126,2024-03-05,4,10708.0,467.05,4.9488,2311.3370400000003,9245.348160000001,0.0
6770,33,10,2024-03-05,12,365176.2,6547.91,4.9488,32404.297008,388851.56409600005,23675.364096000034
4580,8,137,2024-03-05,4,12864.9,619.79,4.9488,3067.216752,12268.867008,0.0
5766,4,48,2024-03-05,11,162100.0,3020.3,4.9488,14946.860640000003,164415.46704000002,2315.4670400000177
2164,6,135,2024-03-05,14,21871.85,328.1,4.9488,1623.7012800000002,22731.81792,859.9679200000028
5187,3,71,2024-03-05,14,1822437.0,27484.92,4.9488,136017.372096,1904243.209344,81806.20934400009
7554,16,116,2024-03-05,14,36057.0,502.24,4.9488,2485.4853120000002,34796.794368,0.0
7709,35,145,2024-03-05,14,60898.0,875.03,4.9488,4330.348464,60624.878496,0.0
9303,26,96,2024-03-05,6,423725.0,14776.4,4.9488,73125.44832,438752.68992,15027.689919999975
1320,13,72,2024-03-05,5,473406.85,30675.48,4.9488,151806.815424,759034.07712,285627.22712000005
7618,14,126,2024-03-05,3,7629.45,467.05,4.9488,2311.3370400000003,6934.011120000001,0.0
4795,26,116,2024-03-06,3,7727.0,502.24,4.9398,2480.965152,7442.895456,0.0
9661,47,122,2024-03-06,6,7538.25,271.3,4.9398,1340.16774,8041.006440000001,502.756440000001
80,46,13,2024-03-06,6,46483.0,1356.5,4.9398,6700.8387,40205.0322,0.0
3960,48,123,2024-03-06,1,2638.15,535.37,4.9398,2644.620726,2644.620726,6.470726000000013
5882,12,137,2024-03-06,15,50782.0,619.79,4.9398,3061.638642,45924.57963,0.0
7885,46,85,2024-03-06,13,476446.85,7885.27,4.9398,38951.656746,506371.53769800003,29924.687698000052
5527,43,18,2024-03-06,6,151463.25,5536.62,4.9398,27349.795476,164098.772856,12635.522855999996
565,12,115,2024-03-07,11,8679.2,167.9,4.9364,828.82156,9117.03716,437.83715999999913
8692,9,38,2024-03-07,5,132306.0,5439.42,4.9364,26851.152888,134255.76444,1949.764439999999
6639,34,119,2024-03-07,8,24744.65,669.88,4.9364,3306.795632,26454.365056,1709.7150559999973
1264,36,16,2024-03-07,3,90018.0,6212.42,4.9364,30666.990088,92000.970264,1982.9702640000032
4650,46,139,2024-03-07,7,9475.3,246.89,4.9364,1218.7477959999999,8531.234572,0.0
5835,15,23,2024-03-07,3,33536.0,2108.74,4.9364,10409.584136,31228.752408,0.0
7225,18,131,2024-03-07,9,8672.0,196.2,4.9364,968.52168,8716.69512,44.695120000000315
76,28,18,2024-03-07,14,353413.3,5536.62,4.9364,27330.970967999998,382633.59355199995,29220.29355199996
6956,44,32,2024-03-07,7,87517.0,2562.61,4.9364,12650.068004,88550.476028,1033.4760280000046
8285,26,78,2024-03-07,10,1156735.2,25349.04,4.9364,125133.00105600001,1251330.01056,94594.81056000013
9027,2,7,2024-03-07,6,111257.35,3678.62,4.9364,18159.139767999997,108954.83860799999,0.0
2195,45,131,2024-03-08,12,10984.85,196.2,4.9751,976.1146200000001,11713.37544,728.5254399999994
9436,39,57,2024-03-08,2,225701.95,22497.79,4.9751,111928.755029,223857.510058,0.0
9660,48,76,2024-03-08,8,1126306.7,27945.06,4.9751,139029.468006,1112235.744048,0.0
3756,27,13,2024-03-08,13,100712.0,1356.5,4.9751,6748.723150000001,87733.40095000001,0.0
776,6,89,2024-03-08,4,298976.4,14832.32,4.9751,73792.275232,295169.100928,0.0
736,16,69,2024-03-08,10,430017.5,9219.51,4.9751,45867.98420100001,458679.8420100001,28662.34201000008
8561,33,4,2024-03-08,7,23673.0,692.14,4.9751,3443.465714,24104.259998,431.25999800000136
4206,16,88,2024-03-08,3,137758.55,9896.1,4.9751,49234.08711000001,147702.26133,9943.71133000002
9323,46,94,2024-03-08,9,366758.0,8022.13,4.9751,39910.898963,359198.090667,0.0
5016,38,48,2024-03-08,11,162100.0,3020.3,4.9751,15026.294530000001,165289.23983,3189.239830000006
2547,2,98,2024-03-08,14,1111056.0,15850.04,4.9751,78855.53400400002,1103977.4760560002,0.0
1919,13,23,2024-03-08,14,156501.0,2108.74,4.9751,10491.192374,146876.693236,0.0
5226,35,52,2024-03-08,5,65094.0,2634.69,4.9751,13107.846219000001,65539.23109500001,445.2310950000101
2048,18,77,2024-03-08,10,447047.0,8959.75,4.9751,44575.652225000005,445756.52225000004,0.0
6759,27,31,2024-03-08,8,66265.0,1686.13,4.9751,8388.665363000002,67109.32290400002,844.3229040000151
1749,3,99,2024-03-08,3,305710.0,21330.89,4.9751,106123.310839,318369.932517,12659.932517000008
9842,47,55,2024-03-08,7,731414.5,22138.68,4.9751,110142.14686800001,770995.028076,39580.528076000046
4155,12,80,2024-03-08,5,646119.0,24177.04,4.9751,120283.19170400001,601415.9585200001,0.0
7880,27,78,2024-03-08,9,1095854.0,25349.04,4.9751,126114.00890400002,1135026.0801360002,39172.08013600018
7886,40,28,2024-03-08,4,54182.3,2921.84,4.9751,14536.446184000002,58145.78473600001,3963.484736000006
4135,19,9,2024-03-08,14,555877.0,7933.96,4.9751,39472.244396,552611.421544,0.0
1447,10,84,2024-03-09,11,453779.85,8951.16,4.9751,44532.916116,489862.077276,36082.22727600002
3236,23,103,2024-03-09,6,10735.0,341.7,4.9751,1699.99167,10199.95002,0.0
1768,37,28,2024-03-09,11,149001.8,2921.84,4.9751,14536.446184000002,159900.90802400003,10899.108024000045
6179,9,127,2024-03-09,3,4415.6,296.24,4.9751,1473.823624,4421.470872,5.870871999999508
7567,8,7,2024-03-09,13,253744.0,3678.62,4.9751,18301.502362,237919.530706,0.0
1697,7,110,2024-03-09,9,21337.0,476.03,4.9751,2368.296853,21314.671677,0.0
8369,9,125,2024-03-09,5,17010.0,646.27,4.9751,3215.257877,16076.289385,0.0
1559,1,64,2024-03-09,4,423720.9,21352.22,4.9751,106229.42972200002,424917.71888800006,1196.818888000038
9910,36,136,2024-03-09,9,16873.9,390.62,4.9751,1943.3735620000002,17490.362058000002,616.462058000001
779,5,107,2024-03-09,1,1437.35,311.59,4.9751,1550.191409,1550.191409,112.84140900000011
8191,25,126,2024-03-09,11,29448.0,467.05,4.9751,2323.620455,25559.825005000002,0.0
7594,29,116,2024-03-09,6,14680.35,502.24,4.9751,2498.6942240000003,14992.165344000001,311.81534400000055
6858,5,84,2024-03-09,4,173696.0,8951.16,4.9751,44532.916116,178131.664464,4435.664464000001
610,8,90,2024-03-09,11,870071.0,16081.27,4.9751,80005.92637700001,880065.1901470001,9994.190147000132
752,32,149,2024-03-10,3,3316.45,225.94,4.9751,1124.074094,3372.222282,55.77228200000036
4673,38,148,2024-03-10,9,43070.0,979.78,4.9751,4874.5034780000005,43870.531302,800.531302000003
9105,29,57,2024-03-10,2,225701.95,22497.79,4.9751,111928.755029,223857.510058,0.0
4028,25,111,2024-03-10,1,4070.75,821.82,4.9751,4088.6366820000003,4088.6366820000003,17.88668200000029
7209,27,41,2024-03-10,7,74200.0,2005.71,4.9751,9978.607821000001,69850.25474700001,0.0
53,2,25,2024-03-10,12,145518.0,2478.48,4.9751,12330.685848000001,147968.230176,2450.230176000012
8421,42,35,2024-03-10,3,31366.15,2106.85,4.9751,10481.789435,31445.368305000004,79.21830500000215
863,2,94,2024-03-10,8,309706.65,8022.13,4.9751,39910.898963,319287.191704,9580.541703999974
2069,11,130,2024-03-10,4,16576.0,859.48,4.9751,4275.998948,17103.995792,527.9957920000015
9597,33,23,2024-03-10,7,78250.0,2108.74,4.9751,10491.192374,73438.346618,0.0
1849,35,108,2024-03-10,3,9535.15,688.83,4.9751,3426.9981330000005,10280.994399000001,745.8443990000014
4883,17,133,2024-03-10,15,28391.0,381.67,4.9751,1898.8464170000002,28482.696255000003,91.69625500000257
4393,13,86,2024-03-10,12,1066164.1,17824.79,4.9751,88680.11272900001,1064161.352748,0.0
2142,44,31,2024-03-11,15,118034.65,1686.13,4.9777,8393.049301,125895.739515,7861.089515
927,38,1,2024-03-11,6,188798.25,6703.2,4.9777,33366.518639999995,200199.11183999997,11400.861839999969
8641,5,11,2024-03-11,4,144928.0,7246.24,4.9777,36069.608847999996,144278.43539199998,0.0
6799,32,28,2024-03-11,2,28517.0,2921.84,4.9777,14544.042968,29088.085936,571.0859359999995
3233,35,134,2024-03-11,11,51894.0,948.15,4.9777,4719.606255,51915.668804999994,21.66880499999388
1662,25,11,2024-03-11,15,516305.05,7246.24,4.9777,36069.608847999996,541044.13272,24739.082720000006
1456,42,100,2024-03-11,15,1490553.8,19807.28,4.9777,98594.69765599999,1478920.4648399998,0.0
5506,37,141,2024-03-11,4,19127.0,972.86,4.9777,4842.605221999999,19370.420887999997,243.42088799999692
7647,43,12,2024-03-11,3,8179.0,527.97,4.9777,2628.0762689999997,7884.2288069999995,0.0
8741,32,73,2024-03-11,6,816012.0,27541.35,4.9777,137092.577895,822555.46737,6543.467369999969
9060,18,148,2024-03-11,13,59101.4,979.78,4.9777,4877.0509059999995,63401.661777999994,4300.261777999993
7964,29,133,2024-03-11,4,7571.0,381.67,4.9777,1899.838759,7599.355036,28.355035999999927
717,8,145,2024-03-11,5,20661.55,875.03,4.9777,4355.636831,21778.184155,1116.6341549999997
4629,5,147,2024-03-11,15,45451.0,592.19,4.9777,2947.744163,44216.162444999994,0.0
56,1,125,2024-03-11,13,44227.0,646.27,4.9777,3216.9381789999998,41820.196327,0.0
88,29,147,2024-03-11,5,15150.0,592.19,4.9777,2947.744163,14738.720814999999,0.0
3921,20,133,2024-03-11,10,18927.0,381.67,4.9777,1899.838759,18998.38759,71.38758999999845
2244,47,143,2024-03-11,13,57674.0,896.83,4.9777,4464.150691,58033.958983,359.9589829999968
848,23,98,2024-03-11,9,714250.0,15850.04,4.9777,78896.744108,710070.696972,0.0
5755,14,16,2024-03-11,9,256551.3,6212.42,4.9777,30923.563034,278312.067306,21760.767305999994
7517,18,57,2024-03-12,12,1354212.65,22497.79,4.9813,112068.24132700001,1344818.895924,0.0
8487,19,117,2024-03-12,15,58467.75,823.4,4.9813,4101.60242,61524.0363,3056.2862999999998
5799,4,11,2024-03-12,6,217391.0,7246.24,4.9813,36095.695311999996,216574.17187199998,0.0
3884,19,7,2024-03-12,1,19519.0,3678.62,4.9813,18324.309806,18324.309806,0.0
5137,37,81,2024-03-12,5,580204.9,23345.09,4.9813,116288.896817,581444.484085,1239.5840849999804
3808,4,34,2024-03-12,7,32701.85,1022.84,4.9813,5095.072892,35665.510244000005,2963.660244000006
4686,49,45,2024-03-12,11,103493.95,1881.33,4.9813,9371.469129,103086.16041899999,0.0
8028,44,36,2024-03-12,1,21470.95,4476.41,4.9813,22298.341132999998,22298.341132999998,827.3911329999974
8066,17,39,2024-03-12,10,281511.6,5270.87,4.9813,26255.784731,262557.84731,0.0
5230,23,110,2024-03-12,14,33190.15,476.03,4.9813,2371.248239,33197.475346,7.325345999997808
1097,45,55,2024-03-12,7,769910.0,22138.68,4.9813,110279.406684,771955.846788,2045.8467879999662
3309,31,54,2024-03-12,7,808206.8,23191.9,4.9813,115525.81147000002,808680.68029,473.88029000000097
4466,20,56,2024-03-12,3,128966.0,8087.59,4.9813,40286.712067,120860.136201,0.0
7504,24,105,2024-03-12,14,4117.3,62.64,4.9813,312.028632,4368.400848,251.10084800000004
6100,10,69,2024-03-13,11,497915.0,9219.51,4.9803,45915.925653,505075.18218299997,7160.182182999968
2760,48,110,2024-03-13,9,22460.0,476.03,4.9803,2370.7722089999997,21336.949880999997,0.0
6661,43,56,2024-03-13,1,42989.0,8087.59,4.9803,40278.624477,40278.624477,0.0
8246,38,90,2024-03-13,5,375712.65,16081.27,4.9803,80089.548981,400447.74490499997,24735.094904999947
9250,5,41,2024-03-13,4,42400.0,2005.71,4.9803,9989.037513,39956.150052,0.0
1544,44,27,2024-03-13,10,165114.0,3051.23,4.9803,15196.040769,151960.40769,0.0
5464,30,137,2024-03-13,14,45027.15,619.79,4.9803,3086.740137,43214.361917999995,0.0
6080,34,104,2024-03-13,1,3713.0,742.54,4.9803,3698.0719619999995,3698.0719619999995,0.0
5023,25,126,2024-03-13,4,10172.6,467.05,4.9803,2326.049115,9304.19646,0.0
4133,36,18,2024-03-14,10,252437.8,5536.62,4.9768,27554.650416,275546.50416,23108.704160000023
6839,2,143,2024-03-14,13,57674.0,896.83,4.9768,4463.343544,58023.466072,349.4660720000029
3298,20,95,2024-03-14,9,596858.4,12945.63,4.9768,64427.81138399999,579850.3024559999,0.0
9415,35,119,2024-03-14,14,43301.95,669.88,4.9768,3333.858784,46674.022976,3372.072976000003
3737,23,91,2024-03-14,1,128141.7,27671.77,4.9768,137716.864936,137716.864936,9575.164936000001
9801,14,123,2024-03-14,3,8331.0,535.37,4.9768,2664.429416,7993.288248,0.0
3738,36,103,2024-03-14,10,17892.0,341.7,4.9768,1700.5725599999998,17005.725599999998,0.0
4131,36,114,2024-03-14,12,9591.0,152.46,4.9768,758.762928,9105.155136,0.0
7475,32,23,2024-03-14,4,42479.25,2108.74,4.9768,10494.777231999999,41979.108927999994,0.0
3238,2,58,2024-03-14,15,1632369.0,20157.55,4.9768,100320.09483999999,1504801.4226,0.0
3461,44,65,2024-03-15,14,357808.0,5225.24,4.9937,26093.280987999995,365305.93383199995,7497.9338319999515
689,43,125,2024-03-15,7,22623.3,646.27,4.9937,3227.2784989999996,22590.949492999996,0.0
8027,44,116,2024-03-15,5,12234.1,502.24,4.9937,2508.035888,12540.17944,306.0794399999995
9073,37,9,2024-03-15,7,277938.0,7933.96,4.9937,39619.816051999995,277338.712364,0.0
5317,11,61,2024-03-15,1,26618.05,5396.92,4.9937,26950.599403999997,26950.599403999997,332.5494039999976
8044,45,45,2024-03-15,14,138652.0,1881.33,4.9937,9394.797621,131527.16669399999,0.0
5462,33,123,2024-03-15,13,36102.0,535.37,4.9937,2673.477169,34755.203196999995,0.0
5247,26,60,2024-03-15,14,1522515.0,22370.78,4.9937,111712.96408599998,1563981.4972039997,41466.497203999665
253,5,61,2024-03-15,14,392261.0,5396.92,4.9937,26950.599403999997,377308.39165599993,0.0
8578,31,55,2024-03-15,13,1429834.0,22138.68,4.9937,110553.926316,1437201.042108,7367.042108000023
8652,34,125,2024-03-15,11,35551.85,646.27,4.9937,3227.2784989999996,35500.06348899999,0.0
3934,13,143,2024-03-15,8,35491.0,896.83,4.9937,4478.499971,35827.999768,336.9997680000015
6554,25,104,2024-03-15,10,37130.0,742.54,4.9937,3708.0219979999997,37080.219979999994,0.0
6439,42,3,2024-03-15,9,77157.1,1753.77,4.9937,8757.801248999998,78820.21124099998,1663.1112409999769
6099,10,59,2024-03-15,5,435831.0,17522.59,4.9937,87502.55768299999,437512.78841499996,1681.788414999959
6470,13,101,2024-03-16,7,3244.0,96.64,4.9937,482.591168,3378.138176,134.13817599999993
3690,4,139,2024-03-16,14,18950.6,246.89,4.9937,1232.8945929999998,17260.524301999998,0.0
8753,17,25,2024-03-16,9,109138.0,2478.48,4.9937,12376.785575999998,111391.07018399998,2253.070183999982
3340,3,107,2024-03-16,2,2875.65,311.59,4.9937,1555.9869829999998,3111.9739659999996,236.32396599999947
5592,2,10,2024-03-16,1,32033.0,6547.91,4.9937,32698.298166999997,32698.298166999997,665.2981669999972
2234,28,94,2024-03-16,4,163003.0,8022.13,4.9937,40060.110581,160240.442324,0.0
52,45,106,2024-03-16,13,57003.0,918.37,4.9937,4586.0642689999995,59618.83549699999,2615.8354969999928
8844,16,62,2024-03-16,13,1328886.0,20000.78,4.9937,99877.89508599999,1298412.636118,0.0
5708,28,79,2024-03-16,9,565555.9,13344.4,4.9937,66637.93027999999,599741.3725199999,34185.472519999836
8153,24,13,2024-03-16,13,100712.0,1356.5,4.9937,6773.954049999999,88061.40264999999,0.0
143,23,142,2024-03-16,5,3925.4,169.88,4.9937,848.3297559999999,4241.6487799999995,316.24877999999944
433,14,40,2024-03-16,9,127656.0,2867.26,4.9937,14318.236262,128864.12635800001,1208.1263580000086
7851,43,77,2024-03-16,11,491751.0,8959.75,4.9937,44742.303575,492165.33932499995,414.3393249999499
8418,16,9,2024-03-16,8,301761.8,7933.96,4.9937,39619.816051999995,316958.52841599996,15196.728415999969
4373,46,34,2024-03-16,4,18686.5,1022.84,4.9937,5107.756108,20431.024432,1744.5244319999983
2472,36,21,2024-03-16,11,96080.0,1674.22,4.9937,8360.552414,91966.076554,0.0
2415,39,119,2024-03-17,3,9767.0,669.88,4.9937,3345.1797559999995,10035.539267999999,268.53926799999863
5607,2,145,2024-03-17,3,12397.5,875.03,4.9937,4369.6373109999995,13108.911933,711.4119329999994
242,2,132,2024-03-17,14,21882.0,314.46,4.9937,1570.3189019999998,21984.464627999998,102.4646279999979
8491,20,109,2024-03-17,10,6227.0,169.23,4.9937,845.0838509999999,8450.838509999998,2223.8385099999978
4224,32,15,2024-03-17,11,306897.0,5267.98,4.9937,26306.711725999994,289373.8289859999,0.0
9339,6,118,2024-03-17,10,40993.45,893.4,4.9937,4461.371579999999,44613.71579999999,3620.2657999999938
2157,32,117,2024-03-17,9,36927.0,823.4,4.9937,4111.81258,37006.31322,79.31321999999636
4065,21,54,2024-03-17,11,1336883.0,23191.9,4.9937,115813.39103,1273947.30133,0.0
4932,34,102,2024-03-17,11,9152.0,199.93,4.9937,998.3904409999999,10982.294850999999,1830.2948509999987
8063,6,96,2024-03-17,15,1059313.0,14776.4,4.9937,73788.90868,1106833.6302,47520.630200000014
8146,40,146,2024-03-17,1,471.2,99.02,4.9937,494.47617399999996,494.47617399999996,23.27617399999997
6000,5,49,2024-03-17,2,25201.6,2627.0,4.9937,13118.4499,26236.8998,1035.2998000000007
3607,2,12,2024-03-17,3,8179.0,527.97,4.9937,2636.523789,7909.571367,0.0
3640,33,5,2024-03-18,4,89942.2,4752.24,5.0124,23820.127776,95280.511104,5338.311104000008
7708,31,144,2024-03-18,8,17713.0,444.87,5.0124,2229.8663880000004,17838.931104000003,125.93110400000296
8797,3,129,2024-03-18,5,15514.45,661.98,5.0124,3318.108552,16590.54276,1076.0927599999995
436,33,47,2024-03-18,6,36738.0,1496.29,5.0124,7500.003996,45000.023976000004,8262.023976000004
2238,37,98,2024-03-18,5,376965.7,15850.04,5.0124,79446.74049600001,397233.7024800001,20268.002480000083
3923,33,34,2024-03-18,3,14753.0,1022.84,5.0124,5126.883216,15380.649648,627.6496480000005
559,9,100,2024-03-18,5,496850.95,19807.28,5.0124,99282.010272,496410.05136,0.0
2514,11,13,2024-03-18,12,88316.75,1356.5,5.0124,6799.320600000001,81591.84720000002,0.0
7147,33,132,2024-03-18,2,2969.7,314.46,5.0124,1576.199304,3152.398608,182.69860800000015
4355,12,8,2024-03-18,15,74762.0,1006.07,5.0124,5042.8252680000005,75642.37902000001,880.3790200000076
5295,24,140,2024-03-18,13,40750.0,586.81,5.0124,2941.326444,38237.243771999994,0.0
5815,19,53,2024-03-18,15,764868.75,11332.93,5.0124,56805.178332,852077.67498,87208.92498000001
5300,33,55,2024-03-18,4,439949.0,22138.68,5.0124,110967.919632,443871.678528,3922.6785280000186
9896,6,145,2024-03-18,8,34799.0,875.03,5.0124,4386.000372,35088.002976,289.0029760000034
3957,45,105,2024-03-18,4,1176.1,62.64,5.0124,313.976736,1255.906944,79.80694400000016
2418,18,102,2024-03-18,9,7113.6,199.93,5.0124,1002.1291320000001,9019.162188000002,1905.5621880000017
1678,19,125,2024-03-18,1,3231.9,646.27,5.0124,3239.363748,3239.363748,7.463748000000123
3070,29,134,2024-03-19,5,23588.0,948.15,5.0352,4774.124879999999,23870.624399999997,282.62439999999697
9387,20,123,2024-03-19,15,41656.0,535.37,5.0352,2695.6950239999996,40435.425359999994,0.0
6347,22,124,2024-03-19,6,21489.0,725.63,5.0352,3653.6921759999996,21922.153055999996,433.15305599999556
4860,44,74,2024-03-19,13,1068997.95,17160.36,5.0352,86405.84467199999,1123275.980736,54278.030736000044
1451,24,52,2024-03-19,13,169245.35,2634.69,5.0352,13266.191088,172460.484144,3215.1341439999815
8926,28,13,2024-03-19,1,7359.65,1356.5,5.0352,6830.248799999999,6830.248799999999,0.0
7460,28,51,2024-03-19,2,128318.0,12243.38,5.0352,61647.86697599999,123295.73395199998,0.0
8585,23,125,2024-03-19,9,29088.05,646.27,5.0352,3254.0987039999995,29286.888335999996,198.83833599999707
9560,26,68,2024-03-19,14,936559.0,13998.43,5.0352,70484.894736,986788.526304,50229.52630400006
4948,5,71,2024-03-19,12,1562089.0,27484.92,5.0352,138392.069184,1660704.8302079998,98615.8302079998
7929,12,20,2024-03-19,5,146458.65,5689.04,5.0352,28645.454208,143227.27104,0.0
3480,30,56,2024-03-19,9,386899.0,8087.59,5.0352,40722.633168,366503.69851200003,0.0
3061,7,148,2024-03-19,13,62212.0,979.78,5.0352,4933.388255999999,64134.04732799999,1922.0473279999933
3099,36,124,2024-03-19,12,45239.0,725.63,5.0352,3653.6921759999996,43844.30611199999,0.0
3357,42,40,2024-03-19,8,113472.0,2867.26,5.0352,14437.227552,115497.820416,2025.8204160000023
3443,42,68,2024-03-19,10,668971.0,13998.43,5.0352,70484.894736,704848.94736,35877.94735999999
9235,21,66,2024-03-19,5,62858.0,2360.29,5.0352,11884.532207999999,59422.66103999999,0.0
2605,2,123,2024-03-19,5,13190.75,535.37,5.0352,2695.6950239999996,13478.47512,287.72511999999915
3605,14,24,2024-03-19,8,185857.0,4129.65,5.0352,20793.61368,166348.90944,0.0
9722,39,126,2024-03-20,7,18739.0,467.05,5.012,2340.8545999999997,16385.9822,0.0
1159,16,51,2024-03-20,2,121902.1,12243.38,5.012,61363.82055999999,122727.64111999999,825.5411199999799
2106,31,96,2024-03-20,5,335448.8,14776.4,5.012,74059.31679999999,370296.5839999999,34847.78399999993
1151,34,149,2024-03-20,3,3491.0,225.94,5.012,1132.4112799999998,3397.2338399999994,0.0
9050,4,29,2024-03-20,7,255572.0,7689.63,5.012,38540.425559999996,269782.97891999997,14210.978919999965
4951,15,74,2024-03-20,4,346234.0,17160.36,5.012,86007.72432,344030.89728,0.0
1479,21,104,2024-03-20,2,7054.7,742.54,5.012,3721.6104799999994,7443.220959999999,388.5209599999989
9210,9,15,2024-03-20,2,55800.0,5267.98,5.012,26403.115759999997,52806.231519999994,0.0
9534,21,81,2024-03-20,7,812287.05,23345.09,5.012,117005.59107999998,819039.13756,6752.087559999898
6807,22,50,2024-03-20,7,78932.0,2378.45,5.012,11920.791399999998,83445.53979999998,4513.539799999984
845,24,17,2024-03-20,4,56155.0,2833.14,5.012,14199.697679999997,56798.79071999999,643.79071999999
4831,18,31,2024-03-20,2,15737.7,1686.13,5.012,8450.88356,16901.76712,1164.0671199999997
5582,46,96,2024-03-20,12,805077.5,14776.4,5.012,74059.31679999999,888711.8015999999,83634.30159999989
60,11,49,2024-03-20,14,176415.0,2627.0,5.012,13166.524,184331.33599999998,7916.335999999981
9960,32,108,2024-03-20,15,50183.0,688.83,5.012,3452.41596,51786.2394,1603.2393999999986
1253,43,56,2024-03-21,3,122517.7,8087.59,4.9807,40281.859512999996,120845.57853899998,0.0
971,20,32,2024-03-21,4,47509.5,2562.61,4.9807,12763.591627,51054.366508,3544.866507999999
7331,9,126,2024-03-21,15,38148.2,467.05,4.9807,2326.2359349999997,34893.539025,0.0
9367,14,79,2024-03-21,12,793762.0,13344.4,4.9807,66464.45307999999,797573.4369599998,3811.4369599998463
7734,38,24,2024-03-21,5,116161.0,4129.65,4.9807,20568.547754999996,102842.73877499998,0.0
5086,39,105,2024-03-21,8,2476.0,62.64,4.9807,311.991048,2495.928384,19.928383999999824
7413,48,9,2024-03-21,12,452642.7,7933.96,4.9807,39516.674571999996,474200.094864,21557.394863999973
3316,46,139,2024-03-21,5,7124.0,246.89,4.9807,1229.6850229999998,6148.425114999999,0.0
7182,32,146,2024-03-21,5,2480.0,99.02,4.9807,493.18891399999995,2465.9445699999997,0.0
1153,17,18,2024-03-21,12,318869.0,5536.62,4.9807,27576.243233999998,330914.918808,12045.918807999988
3881,22,17,2024-03-21,14,186715.85,2833.14,4.9807,14111.020397999999,197554.285572,10838.435571999988
9376,9,32,2024-03-21,12,150030.0,2562.61,4.9807,12763.591627,153163.099524,3133.09952399999
9954,27,148,2024-03-21,4,19142.0,979.78,4.9807,4879.990245999999,19519.960983999998,377.96098399999755
5914,36,98,2024-03-21,8,603144.55,15850.04,4.9807,78944.294228,631554.353824,28409.803823999944
1932,3,106,2024-03-21,12,52618.0,918.37,4.9807,4574.125459,54889.505508,2271.505508000002
8933,22,56,2024-03-22,2,85978.0,8087.59,4.9897,40354.647823,80709.295646,0.0
2393,22,54,2024-03-22,14,1701487.0,23191.9,4.9897,115720.62343,1620088.72802,0.0
4093,36,117,2024-03-22,12,46774.2,823.4,4.9897,4108.51898,49302.227759999994,2528.027759999997
2089,9,147,2024-03-22,9,27271.0,592.19,4.9897,2954.8504430000003,26593.653987,0.0
1009,38,129,2024-03-22,10,31028.9,661.98,4.9897,3303.081606,33030.816060000005,2001.9160600000032
812,3,63,2024-03-22,10,1329598.15,27618.14,4.9897,137806.233158,1378062.33158,48464.18158000009
6827,14,99,2024-03-22,13,1324743.65,21330.89,4.9897,106434.741833,1383651.643829,58907.99382900004
6976,22,30,2024-03-22,7,214448.25,6558.44,4.9897,32724.648068,229072.53647599998,14624.28647599998
1628,11,41,2024-03-22,1,10070.0,2005.71,4.9897,10007.891187000001,10007.891187000001,0.0
3303,47,22,2024-03-22,2,78906.0,7630.67,4.9897,38074.754099,76149.508198,0.0
280,23,62,2024-03-22,9,873998.1,20000.78,4.9897,99797.891966,898181.0276939999,24182.927693999954
8900,22,42,2024-03-22,8,47943.0,1263.57,4.9897,6304.835228999999,50438.681831999995,2495.6818319999948
7967,32,75,2024-03-22,11,360452.0,6193.58,4.9897,30904.106126,339945.167386,0.0
2176,11,41,2024-03-22,11,116600.0,2005.71,4.9897,10007.891187000001,110086.80305700001,0.0
2772,19,85,2024-03-22,10,385787.0,7885.27,4.9897,39345.131719000005,393451.31719000003,7664.317190000031
7229,30,89,2024-03-23,13,971674.25,14832.32,4.9897,74008.827104,962114.752352,0.0
8728,16,123,2024-03-23,5,13190.75,535.37,4.9897,2671.335689,13356.678445,165.92844499999956
8123,7,143,2024-03-23,11,46360.95,896.83,4.9897,4474.912651000001,49224.03916100001,2863.089161000011
2799,33,52,2024-03-23,1,13018.8,2634.69,4.9897,13146.312693,13146.312693,127.51269300000058
5457,13,74,2024-03-23,3,246692.2,17160.36,4.9897,85625.048292,256875.144876,10182.944875999994
5222,23,93,2024-03-23,8,763625.2,19409.47,4.9897,96847.432459,774779.459672,11154.259672000073
1233,46,108,2024-03-23,11,36801.0,688.83,4.9897,3437.0550510000003,37807.605561000004,1006.605561000004
1874,36,21,2024-03-23,4,34938.0,1674.22,4.9897,8353.855534,33415.422136,0.0
2012,42,82,2024-03-23,2,103268.0,9770.29,4.9897,48750.816013,97501.632026,0.0
1304,43,120,2024-03-23,1,3124.0,635.45,4.9897,3170.704865,3170.704865,46.704865000000154
8176,9,43,2024-03-23,15,526453.0,6219.32,4.9897,31032.541004,465488.11506,0.0
6836,48,11,2024-03-23,6,206521.45,7246.24,4.9897,36156.563728,216939.382368,10417.93236799998
6398,37,15,2024-03-23,11,291552.15,5267.98,4.9897,26285.639806,289142.03786599997,0.0
5603,36,144,2024-03-23,8,16827.35,444.87,4.9897,2219.767839,17758.142712,930.7927120000022
5281,7,18,2024-03-23,11,292297.0,5536.62,4.9897,27626.072814,303886.800954,11589.800953999977
6812,38,92,2024-03-23,8,675291.35,16745.97,4.9897,83557.366509,668458.932072,0.0
237,36,117,2024-03-23,14,57442.0,823.4,4.9897,4108.51898,57519.265719999996,77.26571999999578
9093,5,123,2024-03-23,1,2777.0,535.37,4.9897,2671.335689,2671.335689,0.0
29,26,109,2024-03-24,7,4359.0,169.23,4.9897,844.406931,5910.848517,1551.8485170000004
1069,14,90,2024-03-24,8,632779.0,16081.27,4.9897,80240.712919,641925.703352,9146.703351999982
8871,14,4,2024-03-24,5,16909.0,679.13,4.9897,3388.654961,16943.274805,34.274805000000924
9666,40,67,2024-03-24,15,1222494.2,16720.73,4.9897,83431.426481,1251471.3972150001,28977.197215000167
6567,24,128,2024-03-24,14,65110.0,853.09,4.9897,4256.663173,59593.284422,0.0
3997,19,3,2024-03-24,1,8572.8,1753.77,4.9897,8750.786168999999,8750.786168999999,177.9861689999998
9742,48,53,2024-03-24,6,322050.0,11332.93,4.9897,56547.920821,339287.524926,17237.524925999984
3867,30,62,2024-03-24,3,306666.0,20000.78,4.9897,99797.891966,299393.675898,0.0
5283,39,118,2024-03-24,7,28695.7,893.4,4.9897,4457.79798,31204.585860000003,2508.885860000002
441,28,64,2024-03-24,14,1483024.1,21352.22,4.9897,106541.17213400001,1491576.4098760001,8552.309876000043
3759,26,106,2024-03-25,13,57003.0,918.37,4.9869,4579.819353000001,59537.65158900001,2534.6515890000082
1644,19,112,2024-03-25,8,17448.0,435.58,4.9869,2172.193902,17377.551216,0.0
4408,13,36,2024-03-25,12,257656.15,4476.41,4.9869,22323.409029000002,267880.908348,10224.758348000032
4863,37,92,2024-03-25,2,177708.0,16745.97,4.9869,83510.47779300001,167020.95558600003,0.0
4671,42,114,2024-03-25,9,6834.3,152.46,4.9869,760.3027740000001,6842.724966000001,8.424966000000495
7574,42,111,2024-03-25,8,32567.9,860.37,4.9869,4290.579153000001,34324.633224000005,1756.7332240000032
2919,42,120,2024-03-26,9,28120.0,635.45,4.987,3168.9891500000003,28520.902350000004,400.90235000000393
9638,17,141,2024-03-26,2,9085.8,972.86,4.987,4851.65282,9703.30564,617.5056400000012
4975,28,89,2024-03-26,1,78678.0,14832.32,4.987,73968.77984,73968.77984,0.0
5052,30,112,2024-03-26,8,16575.6,435.58,4.987,2172.23746,17377.89968,802.2996800000001
2327,17,81,2024-03-26,5,580204.9,23345.09,4.987,116421.96383000001,582109.81915,1904.9191499999724
4819,28,109,2024-03-26,3,1774.6,169.23,4.987,843.95001,2531.85003,757.2500300000002
4384,49,4,2024-03-26,5,16909.0,679.13,4.987,3386.8213100000003,16934.10655,25.106550000000425
9445,32,145,2024-03-26,8,34799.0,875.03,4.987,4363.77461,34910.19688,111.19688000000315
6714,22,83,2024-03-26,7,943627.0,35839.7,4.987,178732.5839,1251128.0873,307501.0873
3681,20,82,2024-03-26,7,343366.1,9770.29,4.987,48724.43623000001,341071.05361000006,0.0
6359,12,135,2024-03-26,3,4934.0,328.1,4.987,1636.2347000000002,4908.704100000001,0.0
6680,48,16,2024-03-26,3,85517.1,6212.42,4.987,30981.33854,92944.01562,7426.91562
3995,40,99,2024-03-26,9,965400.0,21330.89,4.987,106377.14843,957394.3358700001,0.0
8198,12,48,2024-03-27,4,55997.75,2940.57,4.9856,14660.505792,58642.023168,2644.2731679999997
7324,29,41,2024-03-27,4,40280.0,2005.71,4.9856,9999.667776,39998.671104,0.0
8982,4,96,2024-03-27,8,536718.65,14776.4,4.9856,73669.21983999999,589353.7587199999,52635.1087199999
8912,37,29,2024-03-27,1,36510.0,7689.63,4.9856,38337.419327999996,38337.419327999996,1827.4193279999963
5865,28,37,2024-03-27,13,74936.0,1211.89,4.9856,6041.998784,78545.984192,3609.9841920000035
9331,8,78,2024-03-27,13,1582900.0,24425.59,4.9856,121776.221504,1583090.879552,190.8795519999694
711,16,81,2024-03-27,8,977188.0,23345.09,4.9856,116389.28070399999,931114.2456319999,0.0
6008,12,107,2024-03-27,10,14377.3,311.59,4.9856,1553.4631039999997,15534.631039999997,1157.3310399999973
9196,12,32,2024-03-27,2,25005.0,2562.61,4.9856,12776.148416,25552.296832,547.296832
3209,20,108,2024-03-27,9,30110.0,688.83,4.9856,3434.230848,30908.077632,798.0776320000004
3179,14,39,2024-03-27,5,148164.0,5270.87,4.9856,26278.449472,131392.24736,0.0
4901,4,112,2024-03-27,9,18647.55,435.58,4.9856,2171.6276479999997,19544.648832,897.0988319999997
5845,30,101,2024-03-27,15,6951.0,96.64,4.9856,481.808384,7227.12576,276.1257599999999
8031,8,93,2024-03-27,3,301431.0,19409.47,4.9856,96767.853632,290303.560896,0.0
6461,25,52,2024-03-27,5,68520.0,2634.69,4.9856,13135.510463999999,65677.55231999999,0.0
614,45,83,2024-03-28,1,134804.0,35839.7,4.9962,179062.30914,179062.30914,44258.30914
9322,28,30,2024-03-28,10,306355.05,6558.44,4.9962,32767.277928,327672.77928,21317.72928000003
8078,17,92,2024-03-28,10,844113.95,16745.97,4.9962,83666.215314,836662.1531400001,0.0
1928,36,147,2024-03-28,6,18180.0,592.19,4.9962,2958.6996780000004,17752.198068,0.0
8572,1,35,2024-03-28,2,22011.0,2106.85,4.9962,10526.24397,21052.48794,0.0
2424,49,25,2024-03-28,10,121265.0,2430.59,4.9962,12143.713758,121437.13758,172.13757999999507
5439,48,46,2024-03-28,3,14951.0,1000.64,4.9962,4999.397568,14998.192704000001,47.19270400000096
9670,9,94,2024-03-28,10,407508.0,8022.13,4.9962,40080.165906,400801.65906000003,0.0
4312,19,51,2024-03-28,14,898226.0,12243.38,4.9962,61170.375155999995,856385.2521839999,0.0
3661,2,61,2024-03-28,7,196130.0,5396.92,4.9962,26964.091704,188748.641928,0.0
5829,12,36,2024-03-28,9,203413.0,4476.41,4.9962,22365.039642,201285.356778,0.0
1412,47,132,2024-03-28,1,1484.85,314.46,4.9962,1571.105052,1571.105052,86.25505199999998
3089,26,8,2024-03-28,12,59810.0,1006.07,4.9962,5026.526934,60318.323208,508.3232080000016
4407,30,7,2024-03-29,10,185428.6,3678.62,4.9962,18379.121243999998,183791.21243999997,0.0
7478,44,79,2024-03-29,11,727615.0,13344.4,4.9962,66671.29128,733384.20408,5769.204080000054
4904,42,103,2024-03-29,1,1699.55,341.7,4.9962,1707.20154,1707.20154,7.651540000000068
7139,47,43,2024-03-29,14,466788.2,6219.32,4.9962,31072.966583999998,435021.53217599995,0.0
6886,37,1,2024-03-29,10,314663.75,6633.66,4.9962,33143.092092,331430.92092,16767.170920000004
9820,11,121,2024-03-29,9,33248.0,747.93,4.9962,3736.8078659999996,33631.270794,383.2707939999964
5827,28,86,2024-03-29,7,621928.9,17824.79,4.9962,89056.215798,623393.510586,1464.6105860000243
4191,46,28,2024-03-29,3,42776.0,2921.84,4.9962,14598.097008,43794.291024000006,1018.2910240000056
8243,24,6,2024-03-29,7,82741.0,2394.79,4.9962,11964.849798,83753.948586,1012.9485859999986
8082,46,91,2024-03-29,12,1537700.4,27671.77,4.9962,138253.697274,1659044.367288,121343.96728800004
9553,22,89,2024-03-29,11,865459.0,14832.32,4.9962,74105.237184,815157.609024,0.0
5435,39,107,2024-03-30,9,13620.0,311.59,4.9962,1556.765958,14010.893622,390.8936219999996
4309,13,93,2024-03-30,11,1105247.0,19409.47,4.9962,96973.594014,1066709.534154,0.0
9721,14,27,2024-03-30,8,125487.4,3051.23,4.9962,15244.555326,121956.442608,0.0
3536,3,81,2024-03-30,3,348122.75,23345.09,4.9962,116636.738658,349910.215974,1787.4659739999915
7915,3,113,2024-03-30,3,12525.75,815.5,4.9962,4074.4011,12223.203300000001,0.0
8556,3,82,2024-03-30,15,735785.45,9770.29,4.9962,48814.322898000006,732214.8434700001,0.0
8528,40,115,2024-03-30,14,11628.0,167.9,4.9962,838.86198,11744.067720000001,116.06772000000092
9804,20,83,2024-03-30,10,1348039.0,35839.7,4.9962,179062.30914,1790623.0914,442584.09140000003
3729,27,59,2024-03-30,6,496847.15,17522.59,4.9962,87546.364158,525278.184948,28431.034947999986
4459,21,149,2024-03-30,12,13963.0,225.94,4.9962,1128.841428,13546.097136,0.0
7786,16,87,2024-03-30,9,601739.0,13597.7,4.9962,67936.82874,611431.45866,9692.458660000004
8499,40,26,2024-03-30,5,86416.0,3412.88,4.9962,17051.431056,85257.15528,0.0
5406,46,77,2024-03-30,15,670570.0,8959.75,4.9962,44764.70295,671470.54425,900.5442500000354
9701,16,26,2024-03-30,13,213446.95,3412.88,4.9962,17051.431056,221668.60372800002,8221.653728000005
8705,12,53,2024-03-31,7,356938.75,11332.93,4.9962,56621.584866000005,396351.09406200005,39412.34406200005
528,15,45,2024-03-31,12,118845.0,1881.33,4.9962,9399.500946,112794.011352,0.0
2651,21,74,2024-03-31,10,822306.7,17160.36,4.9962,85736.590632,857365.9063200001,35059.206320000114
9833,26,20,2024-03-31,1,29291.35,5689.04,4.9962,28423.581648,28423.581648,0.0
7047,37,142,2024-03-31,15,12396.0,169.88,4.9962,848.754456,12731.31684,335.3168399999995
7045,10,130,2024-03-31,7,27558.55,826.87,4.9962,4131.207894,28918.455258,1359.9052580000025
184,33,7,2024-03-31,3,55628.2,3678.62,4.9962,18379.121243999998,55137.363732,0.0
468,3,101,2024-03-31,6,2641.0,96.64,4.9962,482.832768,2896.996608,255.99660799999992
3144,36,109,2024-03-31,1,591.85,169.23,4.9962,845.5069259999999,845.5069259999999,253.65692599999988
9314,23,3,2024-03-31,4,36097.0,1753.77,4.9962,8762.185674,35048.742696,0.0
6029,34,104,2024-03-31,10,37130.0,742.54,4.9962,3709.8783479999997,37098.78348,0.0
6021,46,135,2024-03-31,10,16445.0,328.1,4.9962,1639.25322,16392.5322,0.0
6877,29,123,2024-03-31,8,21106.15,535.37,4.9962,2674.815594,21398.524752,292.3747519999997
889,45,17,2024-03-31,15,210582.0,2833.14,4.9962,14154.934067999999,212324.01101999998,1742.0110199999763
7662,10,97,2024-04-01,2,270670.0,25607.88,5.0532,129401.73921600002,258803.47843200003,0.0
8386,22,22,2024-04-01,1,39453.0,7630.67,5.0532,38559.30164400001,38559.30164400001,0.0
4395,27,128,2024-04-01,3,13952.0,853.09,5.0532,4310.834388,12932.503164000002,0.0
8185,32,124,2024-04-01,1,3581.5,725.63,5.0532,3666.753516,3666.753516,85.25351600000022
4303,7,147,2024-04-01,3,8635.5,592.19,5.0532,2992.4545080000007,8977.363524000002,341.86352400000214
9612,22,46,2024-04-01,12,56814.75,1000.64,5.0532,5056.434048,60677.208576000005,3862.4585760000045
9610,34,61,2024-04-01,10,266176.7,5396.92,5.0532,27271.716144,272717.16144,6540.461439999985
8159,9,95,2024-04-01,15,1047121.0,12945.63,5.0532,65416.857516000004,981252.86274,0.0
6032,21,25,2024-04-01,14,161281.5,2430.59,5.0532,12282.257388000002,171951.60343200003,10670.103432000033
2217,37,22,2024-04-01,4,149920.45,7630.67,5.0532,38559.30164400001,154237.20657600003,4316.756576000014
5739,49,108,2024-04-01,6,20073.0,688.83,5.0532,3480.7957560000004,20884.774536000004,811.7745360000044
9174,22,58,2024-04-01,3,310150.3,20157.55,5.0532,101860.13166,305580.39498,0.0
7134,14,43,2024-04-01,3,105291.0,6219.32,5.0532,31427.467824,94282.403472,0.0
438,6,88,2024-04-01,6,275518.05,9896.1,5.0532,50006.97252,300041.83512,24523.785120000015
7260,11,112,2024-04-02,2,4362.0,435.58,5.0476,2198.633608,4397.267216,35.26721600000019
7981,12,107,2024-04-02,11,16647.0,311.59,5.0476,1572.7816839999998,17300.598523999997,653.5985239999973
7935,32,84,2024-04-02,14,607934.0,8951.16,5.0476,45181.875216,632546.253024,24612.253023999976
35,33,35,2024-04-02,10,110055.0,2106.85,5.0476,10634.53606,106345.3606,0.0
4820,2,21,2024-04-02,10,82978.7,1674.22,5.0476,8450.792872,84507.92872,1529.2287199999992
3888,30,117,2024-04-02,9,35080.65,823.4,5.0476,4156.19384,37405.74456,2325.0945599999977
3002,29,23,2024-04-02,10,111786.0,2244.66,5.0476,11330.145816,113301.45816000001,1515.4581600000092
1954,31,112,2024-04-02,12,26171.0,435.58,5.0476,2198.633608,26383.603296,212.60329600000114
844,40,85,2024-04-02,9,347208.0,7885.27,5.0476,39801.688852,358215.199668,11007.199667999987
6113,48,45,2024-04-02,10,94085.15,1881.33,5.0476,9496.201308,94962.01308,876.8630800000101
210,29,18,2024-04-02,12,302925.55,5265.1,5.0476,26576.11876,318913.42512,15987.87512000004
4083,45,35,2024-04-02,9,94097.5,2106.85,5.0476,10634.53606,95710.82454,1613.3245400000014
4800,33,17,2024-04-02,6,84233.0,2833.14,5.0476,14300.557464,85803.344784,1570.3447840000008
9124,49,26,2024-04-03,7,114932.9,3412.88,5.0724,17311.492512,121180.44758400001,6247.5475840000145
9371,35,42,2024-04-03,9,51239.2,1263.57,5.0724,6409.332468,57683.992212,6444.792212
8850,7,94,2024-04-03,13,503272.95,8022.13,5.0724,40691.452212000004,528988.8787560001,25715.928756000067
4962,2,28,2024-04-03,7,99810.0,2921.84,5.0724,14820.741216,103745.18851200001,3935.188512000008
7704,35,38,2024-04-03,3,79383.0,5439.42,5.0724,27590.914008,82772.742024,3389.7420240000065
6255,14,144,2024-04-03,10,22141.0,444.87,5.0724,2256.558588,22565.58588,424.5858799999987
1550,30,42,2024-04-03,4,23971.0,1263.57,5.0724,6409.332468,25637.329872,1666.3298719999984
3370,20,82,2024-04-03,4,206536.0,9770.29,5.0724,49558.818996,198235.275984,0.0
2347,39,128,2024-04-03,1,4651.0,853.09,5.0724,4327.213716,4327.213716,0.0
9915,49,85,2024-04-03,12,439796.8,7885.27,5.0724,39997.243548000006,479966.9225760001,40170.12257600011
6955,48,134,2024-04-03,12,56611.0,948.15,5.0724,4809.39606,57712.752720000004,1101.752720000004
1824,37,72,2024-04-03,1,99665.0,30675.48,5.0724,155598.304752,155598.304752,55933.304752
7328,48,69,2024-04-03,5,215008.75,9219.51,5.0724,46765.042524000004,233825.21262,18816.462620000006
9584,17,60,2024-04-03,8,826508.55,22370.78,5.0724,113473.544472,907788.355776,81279.8057759999
9254,11,131,2024-04-03,14,12815.5,196.2,5.0724,995.20488,13932.86832,1117.3683199999996
5422,34,3,2024-04-03,14,126339.0,1753.77,5.0724,8895.822947999999,124541.52127199998,0.0
4734,36,57,2024-04-04,4,451403.9,23810.02,5.0237,119614.397474,478457.589896,27053.689895999967
9513,23,132,2024-04-04,2,2969.7,314.46,5.0237,1579.7527019999998,3159.5054039999995,189.80540399999973
773,36,76,2024-04-04,10,1407882.9,27945.06,5.0237,140387.59792200002,1403875.97922,0.0
6919,4,140,2024-04-04,10,31346.0,586.81,5.0237,2947.9573969999997,29479.573969999998,0.0
6324,34,46,2024-04-04,11,54821.0,1000.64,5.0237,5026.9151679999995,55296.066847999995,475.06684799999493
1124,19,9,2024-04-04,12,476466.0,7933.96,5.0237,39857.834852,478294.018224,1828.0182239999995
7528,15,120,2024-04-04,6,18747.0,635.45,5.0237,3192.3101650000003,19153.86099,406.86099000000104
4291,32,8,2024-04-04,9,42614.15,1006.07,5.0237,5054.193859,45487.744731,2873.5947309999974
982,3,116,2024-04-04,2,4893.45,502.24,5.0237,2523.103088,5046.206176,152.75617599999987
6405,19,87,2024-04-04,8,508135.05,13597.7,5.0237,68310.76549,546486.12392,38351.07392000005
3378,26,149,2024-04-04,14,15476.45,225.94,5.0237,1135.054778,15890.766892,414.3168919999989
5500,4,20,2024-04-04,1,30833.0,5689.04,5.0237,28580.030248,28580.030248,0.0
6460,47,127,2024-04-04,4,5887.15,296.24,5.0237,1488.220888,5952.883552,65.7335520000006
7883,37,124,2024-04-04,13,49009.0,725.63,5.0237,3645.3474309999997,47389.516603,0.0
7158,24,102,2024-04-05,15,12480.0,199.93,5.052,1010.0463599999999,15150.695399999999,2670.6953999999987
8168,36,99,2024-04-05,11,1179933.0,21330.89,5.052,107763.65628,1185400.21908,5467.219079999952
2905,6,84,2024-04-05,5,217119.0,8951.16,5.052,45221.260319999994,226106.30159999998,8987.301599999977
9305,32,92,2024-04-05,6,506468.75,16745.97,5.052,84600.64044,507603.84264000005,1135.0926400000462
7443,12,112,2024-04-05,6,12431.7,430.01,5.052,2172.41052,13034.46312,602.7631199999996
8141,29,105,2024-04-05,7,2058.65,62.64,5.052,316.45727999999997,2215.2009599999997,156.55095999999958
7543,28,56,2024-04-05,7,285874.95,8087.59,5.052,40858.50468,286009.53276,134.58275999996113
819,18,51,2024-04-05,11,670461.55,12243.38,5.052,61853.55575999999,680389.1133599998,9927.563359999796
4889,23,10,2024-04-05,7,224231.0,6547.91,5.052,33080.04132,231560.28923999998,7329.289239999984
9694,27,14,2024-04-05,2,71622.0,6767.66,5.052,34190.21832,68380.43664,0.0
5689,11,136,2024-04-05,9,17762.0,390.62,5.052,1973.4122399999999,17760.71016,0.0
5218,23,51,2024-04-05,13,792363.65,12243.38,5.052,61853.55575999999,804096.2248799999,11732.574879999855
6514,1,41,2024-04-05,12,127200.0,2005.71,5.052,10132.84692,121594.16304,0.0
8919,41,73,2024-04-06,5,715800.0,28694.54,5.052,144964.81608,724824.0804,9024.080399999977
1093,15,12,2024-04-06,13,33668.0,527.97,5.052,2667.30444,34674.95772,1006.9577199999985
6263,8,63,2024-04-06,6,797758.7,27618.14,5.052,139526.84327999997,837161.0596799998,39402.35967999988
150,5,114,2024-04-06,13,9871.45,152.46,5.052,770.2279199999999,10012.962959999999,141.5129599999982
2501,45,131,2024-04-06,5,4577.1,196.2,5.052,991.2023999999999,4956.012,378.91199999999935
6154,28,25,2024-04-06,3,36379.0,2430.59,5.052,12279.34068,36838.022039999996,459.0220399999962
8573,16,36,2024-04-06,1,21470.95,4476.41,5.052,22614.823319999996,22614.823319999996,1143.8733199999951
9352,37,145,2024-04-06,12,49588.1,875.03,5.052,4420.651559999999,53047.818719999996,3459.718719999997
8415,28,118,2024-04-06,2,8630.0,893.4,5.052,4513.4568,9026.9136,396.91359999999986
5338,10,2,2024-04-06,14,195974.0,2829.74,5.052,14295.846479999998,200141.85072,4167.850719999988
4808,46,126,2024-04-06,2,5354.0,467.05,5.052,2359.5366,4719.0732,0.0
3770,22,82,2024-04-06,5,245261.5,9770.29,5.052,49359.50508,246797.5254,1536.0254000000132
2260,46,46,2024-04-06,2,9469.6,1000.64,5.052,5055.2332799999995,10110.466559999999,640.8665599999986
8842,24,38,2024-04-06,14,351933.2,5439.42,5.052,27479.949839999997,384719.29776,32786.097759999975
4396,46,71,2024-04-06,2,260348.0,27484.92,5.052,138853.81583999997,277707.63167999993,17359.631679999933
4164,27,35,2024-04-07,11,121061.0,2106.85,5.052,10643.806199999999,117081.8682,0.0
6406,40,61,2024-04-07,13,364242.0,5396.92,5.052,27265.23984,354448.11792,0.0
811,20,4,2024-04-07,7,23673.0,679.13,5.052,3430.96476,24016.75332,343.7533199999998
6070,17,144,2024-04-07,6,12620.75,444.87,5.052,2247.48324,13484.899440000001,864.149440000001
6420,3,112,2024-04-07,2,4362.0,430.01,5.052,2172.41052,4344.82104,0.0
1554,34,108,2024-04-07,4,13382.0,688.83,5.052,3479.96916,13919.87664,537.8766400000004
3892,17,29,2024-04-07,15,547655.0,7689.63,5.052,38848.01076,582720.1614,35065.16139999998
4630,10,20,2024-04-08,3,87875.0,5689.04,5.0421,28684.708583999996,86054.12575199999,0.0
5282,29,102,2024-04-08,4,3161.6,199.93,5.0421,1008.067053,4032.268212,870.668212
1784,15,27,2024-04-08,1,15685.45,3051.23,5.0421,15384.606783,15384.606783,0.0
7179,40,22,2024-04-08,14,552340.0,7630.67,5.0421,38474.601207,538644.416898,0.0
1979,36,82,2024-04-08,11,539575.3,9770.29,5.0421,49262.779209,541890.571299,2315.271298999898
2462,8,106,2024-04-08,5,20827.8,918.37,5.0421,4630.513376999999,23152.566884999997,2324.7668849999973
577,30,13,2024-04-08,11,80957.1,1356.5,5.0421,6839.608649999999,75235.69514999999,0.0
2957,8,16,2024-04-08,4,114022.8,6212.42,5.0421,31323.642881999996,125294.57152799999,11271.771527999983
6903,40,55,2024-04-08,5,522439.2,22138.68,5.0421,111625.438428,558127.1921399999,35687.99213999993
1674,43,3,2024-04-08,13,117314.0,1753.77,5.0421,8842.683717,114954.888321,0.0
9146,28,65,2024-04-08,8,204462.0,5225.24,5.0421,26346.182603999998,210769.46083199998,6307.4608319999825
4983,44,81,2024-04-08,11,1343633.0,23345.09,5.0421,117708.278289,1294791.061179,0.0
629,23,116,2024-04-09,8,20604.0,502.24,5.008,2515.21792,20121.74336,0.0
9186,36,50,2024-04-09,2,22552.0,2378.45,5.008,11911.2776,23822.5552,1270.5551999999989
6423,46,57,2024-04-09,2,237581.0,23810.02,5.008,119240.58016,238481.16032,900.1603199999954
7801,26,59,2024-04-09,8,697329.0,17522.59,5.008,87753.13072,702025.04576,4696.045760000008
4152,46,11,2024-04-09,9,309782.65,7246.24,5.008,36289.16992,326602.52928,16819.879279999994
7342,30,13,2024-04-09,1,7359.65,1356.5,5.008,6793.352,6793.352,0.0
7858,15,139,2024-04-09,7,9974.0,246.89,5.008,1236.4251199999999,8654.97584,0.0
7399,47,110,2024-04-09,9,21337.0,476.03,5.008,2383.95824,21455.62416,118.62415999999939
3540,9,111,2024-04-09,11,47138.0,860.37,5.008,4308.73296,47396.062560000006,258.06256000000576
4805,3,78,2024-04-09,9,1041061.3,24425.59,5.008,122323.35472,1100910.19248,59848.89247999992
9654,4,67,2024-04-10,11,896496.0,16720.73,5.0654,84697.185742,931669.043162,35173.043162000016
8158,29,29,2024-04-10,3,109531.0,7689.63,5.0654,38951.051802,116853.155406,7322.155406000005
5825,15,84,2024-04-10,5,206263.05,8951.16,5.0654,45341.205864,226706.02932000003,20442.979320000042
6283,15,150,2024-04-10,14,21887.05,332.26,5.0654,1683.029804,23562.417256,1675.3672560000014
6196,47,52,2024-04-10,15,195283.9,2634.69,5.0654,13345.758726000002,200186.38089000003,4902.480890000035
2853,35,123,2024-04-10,4,11108.0,535.37,5.0654,2711.863198,10847.452792,0.0
4594,9,82,2024-04-10,8,392418.4,9770.29,5.0654,49490.426966000006,395923.41572800005,3505.0157280000276
8248,3,90,2024-04-10,13,976851.75,16081.27,5.0654,81458.06505800001,1058954.8457540001,82103.09575400013
5747,48,116,2024-04-10,1,2576.0,502.24,5.0654,2544.0464960000004,2544.0464960000004,0.0
9359,18,66,2024-04-10,9,113145.0,2360.29,5.0654,11955.812966000001,107602.31669400001,0.0
1575,47,87,2024-04-10,9,601739.0,13597.7,5.0654,68877.78958000001,619900.1062200001,18161.106220000074
7267,35,24,2024-04-10,9,198635.5,4129.65,5.0654,20918.32911,188264.96198999998,0.0
775,43,32,2024-04-10,4,50010.0,2562.61,5.0654,12980.644694000002,51922.57877600001,1912.5787760000094
716,12,15,2024-04-10,12,334797.0,5267.98,5.0654,26684.425892,320213.110704,0.0
5289,18,131,2024-04-10,1,964.0,196.2,5.0654,993.83148,993.83148,29.831480000000056
7845,6,83,2024-04-10,13,1664827.5,35839.7,5.0654,181542.41638,2360051.41294,695223.9129400002
81,28,82,2024-04-11,10,490523.0,9770.29,5.0765,49598.877185000005,495988.77185,5465.771850000019
7589,25,124,2024-04-11,13,46558.55,725.63,5.0765,3683.660695,47887.589035,1329.0390349999943
4351,49,49,2024-04-11,8,106114.0,2627.0,5.0765,13335.9655,106687.724,573.724000000002
9888,5,71,2024-04-11,9,1171567.0,27484.92,5.0765,139527.19638,1255744.7674200002,84177.76742000016
1105,40,77,2024-04-11,5,223523.0,8959.75,5.0765,45484.170875,227420.85437500002,3897.8543750000244
5521,46,134,2024-04-11,8,37741.0,948.15,5.0765,4813.283475,38506.2678,765.2678000000014
3283,8,73,2024-04-11,1,143160.0,28694.54,5.0765,145667.83231,145667.83231,2507.832309999998
1464,24,12,2024-04-11,9,24536.0,527.97,5.0765,2680.2397050000004,24122.157345000003,0.0
731,41,142,2024-04-11,3,2355.05,169.88,5.0765,862.3958200000001,2587.18746,232.13745999999992
4239,25,15,2024-04-11,3,83699.0,5267.98,5.0765,26742.90047,80228.70141000001,0.0
5513,47,135,2024-04-11,6,9867.0,328.1,5.0765,1665.59965,9993.5979,126.59790000000066
7290,37,128,2024-04-11,6,26508.8,853.09,5.0765,4330.7113850000005,25984.268310000003,0.0
8030,42,34,2024-04-11,1,4918.0,1022.84,5.0765,5192.447260000001,5192.447260000001,274.4472600000008
3034,35,104,2024-04-11,10,35273.5,742.54,5.0765,3769.50431,37695.043099999995,2421.5430999999953
9672,30,70,2024-04-11,15,489564.45,6655.06,5.0765,33784.412090000005,506766.1813500001,17201.731350000075
9856,38,44,2024-04-11,15,162103.0,2159.34,5.0765,10961.88951,164428.34265,2325.342650000006
8989,40,69,2024-04-11,4,181060.0,9219.51,5.0765,46802.842515000004,187211.37006000002,6151.370060000016
8154,40,12,2024-04-11,5,12949.45,527.97,5.0765,2680.2397050000004,13401.198525000002,451.7485250000009
4834,10,149,2024-04-11,5,5527.1,225.94,5.0765,1146.98441,5734.92205,207.82204999999976
1128,26,23,2024-04-11,14,148675.95,2244.66,5.0765,11395.01649,159530.23086,10854.280859999999
9569,11,114,2024-04-11,4,3037.15,152.46,5.0765,773.96319,3095.85276,58.702760000000126
2598,21,116,2024-04-12,10,24467.25,502.24,5.1364,2579.705536,25797.05536,1329.8053599999985
8830,39,67,2024-04-12,3,244498.65,16720.73,5.1364,85884.357572,257653.07271599997,13154.422715999972
1518,16,144,2024-04-12,6,13285.0,444.87,5.1364,2285.030268,13710.181607999999,425.18160799999896
7027,28,50,2024-04-12,6,67656.0,2378.45,5.1364,12216.67058,73300.02348,5644.0234800000035
9469,49,123,2024-04-12,11,30548.0,535.37,5.1364,2749.874468,30248.619147999998,0.0
5276,35,119,2024-04-12,10,32558.0,669.88,5.1364,3440.771632,34407.71632,1849.7163199999995
9058,24,45,2024-04-12,3,29711.0,1881.33,5.1364,9663.263412,28989.790236,0.0
1143,9,10,2024-04-12,4,121725.4,6547.91,5.1364,33632.684924,134530.739696,12805.33969600001
4456,21,142,2024-04-12,9,7066.1,169.88,5.1364,872.571632,7853.144688,787.044688
6624,13,20,2024-04-12,6,185001.0,5689.04,5.1364,29221.185056,175327.11033599998,0.0
6603,7,85,2024-04-13,14,513096.9,7885.27,5.1364,40501.900828000005,567026.6115920001,53929.711592000094
7065,35,143,2024-04-13,14,62110.0,896.83,5.1364,4606.477612000001,64490.686568000005,2380.6865680000046
6356,48,136,2024-04-13,10,19735.0,390.62,5.1364,2006.380568,20063.80568,328.8056800000013
6265,45,126,2024-04-13,6,16062.0,467.05,5.1364,2398.95562,14393.73372,0.0
2097,38,103,2024-04-13,6,10735.0,341.7,5.1364,1755.10788,10530.647280000001,0.0
7080,24,112,2024-04-13,15,31078.3,430.01,5.1364,2208.703364,33130.55046,2052.2504599999993
3982,36,42,2024-04-13,8,47943.0,1263.57,5.1364,6490.200948,51921.607584,3978.6075839999976
3369,7,2,2024-04-13,14,186175.3,2829.74,5.1364,14534.676535999999,203485.471504,17310.171503999998
3153,44,113,2024-04-13,14,61529.0,815.5,5.1364,4188.7342,58642.2788,0.0
3616,17,62,2024-04-13,15,1456663.5,20000.78,5.1364,102732.006392,1540980.09588,84316.59587999992
8552,13,91,2024-04-13,1,134886.0,27671.77,5.1364,142133.279428,142133.279428,7247.279428000009
9938,33,146,2024-04-13,12,5952.0,99.02,5.1364,508.60632799999996,6103.275936,151.275936
9064,21,112,2024-04-13,1,2071.95,430.01,5.1364,2208.703364,2208.703364,136.75336400000015
9260,10,136,2024-04-13,4,7894.0,390.62,5.1364,2006.380568,8025.522272,131.52227200000016
3057,5,19,2024-04-13,11,180756.0,3358.13,5.1364,17248.698932,189735.688252,8979.688251999993
7657,30,120,2024-04-14,11,34369.0,635.45,5.1364,3263.92538,35903.17918,1534.1791799999992
8278,5,39,2024-04-14,1,29633.0,5270.87,5.1364,27073.296668,27073.296668,0.0
8967,37,12,2024-04-14,10,25898.9,527.97,5.1364,2711.865108,27118.65108,1219.7510799999982
4174,14,23,2024-04-14,7,74337.5,2244.66,5.1364,11529.471624,80706.301368,6368.801368
8999,38,51,2024-04-14,7,449113.0,12243.38,5.1364,62886.89703199999,440208.27922399994,0.0
3148,40,13,2024-04-14,1,7359.65,1356.5,5.1364,6967.5266,6967.5266,0.0
5369,44,46,2024-04-14,8,37876.5,1000.64,5.1364,5139.687296,41117.498368,3240.9983680000005
4877,26,146,2024-04-14,14,6944.0,99.02,5.1364,508.60632799999996,7120.488592,176.4885919999997
4461,11,95,2024-04-14,15,994764.95,12945.63,5.1364,66493.933932,997409.00898,2644.058980000089
6557,32,113,2024-04-14,10,43950.0,815.5,5.1364,4188.7342,41887.342,0.0
7831,5,2,2024-04-14,10,132982.9,2829.74,5.1364,14534.676535999999,145346.76536,12363.865359999996
9611,7,23,2024-04-15,8,89429.0,2244.66,5.1746,11615.217636,92921.741088,3492.741087999995
3039,3,6,2024-04-15,2,23640.0,2394.79,5.1746,12392.080334,24784.160668,1144.1606680000004
2529,10,82,2024-04-15,1,49052.3,9770.29,5.1746,50557.342634,50557.342634,1505.0426339999976
2009,45,125,2024-04-15,3,9695.7,646.27,5.1746,3344.188742,10032.566225999999,336.8662259999983
3496,46,140,2024-04-15,7,20844.9,586.81,5.1746,3036.5070259999998,21255.549182,410.6491819999974
1695,34,129,2024-04-15,15,46543.35,661.98,5.1746,3425.481708,51382.22562,4838.875619999999
1911,34,77,2024-04-15,11,467163.45,8959.75,5.1746,46363.12235,509994.34585,42830.89584999997
627,47,120,2024-04-15,3,8904.35,635.45,5.1746,3288.19957,9864.59871,960.2487099999998
4423,30,73,2024-04-15,6,858960.0,28694.54,5.1746,148482.766684,890896.600104,31936.600103999954
4063,20,102,2024-04-15,6,4742.4,199.93,5.1746,1034.557778,6207.346668,1464.9466680000005
7388,3,23,2024-04-15,13,145322.0,2244.66,5.1746,11615.217636,150997.829268,5675.829268000001
8111,20,82,2024-04-16,3,154902.0,9770.29,5.2635,51425.921415000004,154277.76424500003,0.0
1387,2,146,2024-04-16,11,5183.2,99.02,5.2635,521.1917699999999,5733.109469999999,549.9094699999996
7891,1,65,2024-04-16,14,339917.6,5225.24,5.2635,27503.050739999995,385042.7103599999,45125.11035999993
5316,29,96,2024-04-16,3,201269.85,14776.4,5.2635,77775.5814,233326.7442,32056.89419999998
7639,6,67,2024-04-16,10,857890.0,16720.73,5.2635,88009.56235499999,880095.6235499999,22205.623549999902
810,43,34,2024-04-16,15,73763.0,1022.84,5.2635,5383.718339999999,80755.7751,6992.775099999999
1712,1,68,2024-04-16,4,267588.0,13317.89,5.2635,70098.71401499999,280394.85605999996,12806.856059999962
4448,19,47,2024-04-16,9,52351.65,1496.29,5.2635,7875.722414999999,70881.501735,18529.851734999997
6982,15,9,2024-04-16,4,150880.9,7544.56,5.2635,39710.79156,158843.16624,7962.266239999997
5913,8,31,2024-04-16,6,47214.05,1686.13,5.2635,8874.945255,53249.67153000001,6035.621530000004
3811,34,10,2024-04-16,11,334744.85,6547.91,5.2635,34464.924284999994,379114.16713499994,44369.31713499996
975,15,142,2024-04-16,6,4958.0,169.88,5.2635,894.16338,5364.98028,406.98027999999977
5945,12,135,2024-04-16,10,16445.0,328.1,5.2635,1726.95435,17269.5435,824.5434999999998
3866,28,150,2024-04-17,15,24685.0,332.26,5.2469,1743.334994,26150.02491,1465.02491
6727,47,127,2024-04-17,1,1471.55,296.24,5.2469,1554.341656,1554.341656,82.7916560000001
2540,7,144,2024-04-17,5,11071.0,444.87,5.2469,2334.188403,11670.942015,599.9420150000005
7758,17,98,2024-04-17,11,872972.0,15850.04,5.2469,83163.57487600001,914799.3236360002,41827.32363600016
3338,43,3,2024-04-17,13,111448.3,1753.77,5.2469,9201.855813,119624.125569,8175.825568999993
6352,2,76,2024-04-17,13,1830248.15,28642.87,5.2469,150286.274603,1953721.569839,123473.4198390001
1972,36,21,2024-04-17,4,33191.1,1674.22,5.2469,8784.464918,35137.859672,1946.7596720000001
7539,7,26,2024-04-17,9,147771.55,3412.88,5.2469,17907.040072,161163.360648,13391.810648000013
238,40,55,2024-04-17,4,417951.55,22138.68,5.2469,116159.440092,464637.760368,46686.21036800003
7486,42,115,2024-04-17,14,11628.0,167.9,5.2469,880.95451,12333.363140000001,705.3631400000013
9025,11,146,2024-04-17,5,2480.0,99.02,5.2469,519.548038,2597.74019,117.74018999999998
6135,39,6,2024-04-17,3,35461.0,2394.79,5.2469,12565.223651,37695.670953,2234.6709530000007
5214,1,134,2024-04-18,4,18870.0,948.15,5.2512,4978.9252799999995,19915.701119999998,1045.701119999998
9957,45,15,2024-04-18,9,238543.1,5267.98,5.2512,27663.216575999995,248968.94918399997,10425.849183999962
1570,3,4,2024-04-18,7,22489.35,679.13,5.2512,3566.247456,24963.732192,2474.382192000001
2612,35,12,2024-04-18,14,36258.65,527.97,5.2512,2772.476064,38814.664896,2556.0148960000006
2805,15,93,2024-04-18,8,803816.0,19409.47,5.2512,101923.008864,815384.070912,11568.070912000025
7069,48,110,2024-04-18,3,7487.0,476.03,5.2512,2499.7287359999996,7499.186207999999,12.18620799999917
5699,44,138,2024-04-18,4,15895.4,836.88,5.2512,4394.624256,17578.497024,1683.0970240000006
9711,46,111,2024-04-18,8,32567.9,860.37,5.2512,4517.974944,36143.799552,3575.8995519999953
7735,38,127,2024-04-18,11,17043.0,296.24,5.2512,1555.615488,17111.770367999998,68.77036799999769
8362,12,98,2024-04-18,7,555528.0,15850.04,5.2512,83231.730048,582622.110336,27094.110335999983
3622,28,14,2024-04-19,6,214866.0,6767.66,5.2269,35373.882053999994,212243.29232399998,0.0
7565,4,126,2024-04-19,5,12715.75,467.05,5.2269,2441.223645,12206.118225,0.0
6208,34,21,2024-04-19,1,8735.0,1674.22,5.2269,8750.980518,8750.980518,15.980518000000302
3371,29,27,2024-04-19,1,16511.0,3051.23,5.2269,15948.474086999999,15948.474086999999,0.0
8580,7,105,2024-04-19,13,3822.8,62.64,5.2269,327.41301599999997,4256.369208,433.5692079999999
3883,33,30,2024-04-19,6,193487.0,6558.44,5.2269,34280.310035999995,205681.86021599997,12194.860215999972
3803,34,106,2024-04-19,12,52618.0,918.37,5.2269,4800.228153,57602.737836,4984.737836
9667,40,135,2024-04-19,1,1562.75,328.1,5.2269,1714.94589,1714.94589,152.19588999999996
922,38,71,2024-04-19,6,781044.0,27484.92,5.2269,143660.928348,861965.5700879999,80921.57008799992
1535,7,110,2024-04-19,3,7487.0,476.03,5.2269,2488.1612069999996,7464.483620999999,0.0
4025,44,127,2024-04-20,11,16190.85,296.24,5.2269,1548.416856,17032.585416,841.7354160000014
5921,25,71,2024-04-20,10,1236653.95,27484.92,5.2269,143660.928348,1436609.2834799998,199955.3334799998
3788,49,10,2024-04-20,13,416430.0,6547.91,5.2269,34225.270779,444928.520127,28498.520126999996
7507,33,86,2024-04-20,6,561139.0,17824.79,5.2269,93168.394851,559010.369106,0.0
697,27,106,2024-04-20,4,16662.05,918.37,5.2269,4800.228153,19200.912612,2538.862612000001
3079,8,109,2024-04-20,5,2958.3,123.24,5.2269,644.163156,3220.81578,262.5157799999997
964,34,70,2024-04-20,12,391651.75,6655.06,5.2269,34785.333114,417423.997368,25772.247367999982
2988,48,62,2024-04-20,12,1226664.0,20000.78,5.2269,104542.07698199998,1254504.9237839999,27840.923783999868
2377,30,6,2024-04-20,5,56145.95,2394.79,5.2269,12517.327850999998,62586.63925499999,6440.68925499999
5007,20,11,2024-04-20,8,289855.0,7246.24,5.2269,37875.371856,303002.974848,13147.974847999983
7561,20,1,2024-04-20,14,440529.25,6633.66,5.2269,34673.477454,485428.684356,44899.43435599998
421,17,122,2024-04-20,13,17192.0,271.3,5.2269,1418.05797,18434.75361,1242.7536099999998
6482,24,146,2024-04-20,8,3769.6,99.02,5.2269,517.567638,4140.541104,370.941104
924,21,115,2024-04-20,11,8679.2,167.9,5.2269,877.59651,9653.561609999999,974.3616099999981
1397,24,89,2024-04-20,4,298976.4,14832.32,5.2269,77527.05340799999,310108.21363199997,11131.813631999947
7166,7,107,2024-04-20,8,12107.0,311.59,5.2269,1628.6497709999999,13029.198167999999,922.198167999999
4356,26,74,2024-04-20,12,986767.85,17160.36,5.2269,89695.485684,1076345.828208,89577.97820799996
919,34,122,2024-04-20,4,5025.5,271.3,5.2269,1418.05797,5672.23188,646.7318800000003
3227,27,35,2024-04-21,15,165083.0,2106.85,5.2269,11012.294264999999,165184.41397499997,101.41397499997402
5663,7,18,2024-04-21,3,79717.0,5265.1,5.2269,27520.15119,82560.45357,2843.453569999998
2412,47,84,2024-04-21,3,123758.4,8951.16,5.2269,46786.818203999996,140360.45461199997,16602.054611999978
2108,24,21,2024-04-21,4,34938.0,1674.22,5.2269,8750.980518,35003.922072,65.92207200000121
7968,19,26,2024-04-21,11,180609.25,3412.88,5.2269,17838.782472,196226.607192,15617.357191999996
4681,44,97,2024-04-21,8,1028546.95,25607.88,5.2269,133849.827972,1070798.623776,42251.67377600004
9429,13,81,2024-04-21,5,610742.0,23345.09,5.2269,122022.450921,610112.254605,0.0
4916,19,27,2024-04-21,7,115580.0,3051.23,5.2269,15948.474086999999,111639.318609,0.0
6494,7,50,2024-04-21,7,74985.4,2378.45,5.2269,12431.920304999998,87023.44213499999,12038.042134999996
5605,23,32,2024-04-21,9,106895.9,2562.61,5.2269,13394.506209,120550.555881,13654.655880999999
2623,46,54,2024-04-21,7,808206.8,23191.9,5.2269,121221.74211,848552.1947700001,40345.39477000001
362,39,20,2024-04-21,10,292917.3,5689.04,5.2269,29736.043176,297360.43176,4443.131760000018
5416,19,104,2024-04-21,3,11139.0,742.54,5.2269,3881.1823259999996,11643.546977999998,504.5469779999985
9921,44,132,2024-04-21,10,14848.5,314.46,5.2269,1643.6509739999997,16436.509739999998,1588.0097399999977
5858,9,17,2024-04-22,2,26674.1,2833.14,5.2043,14744.510502,29489.021004,2814.921004
2200,22,136,2024-04-22,6,11248.95,390.62,5.2043,2032.903666,12197.421996,948.4719959999984
9605,22,122,2024-04-22,13,17192.0,271.3,5.2043,1411.92659,18355.04567,1163.0456699999995
7535,10,39,2024-04-22,10,281511.6,5270.87,5.2043,27431.188740999998,274311.88740999997,0.0
542,19,91,2024-04-22,12,1618632.0,27671.77,5.2043,144012.192611,1728146.311332,109514.31133199995
1000,2,105,2024-04-22,9,2786.0,62.64,5.2043,325.997352,2933.9761679999997,147.9761679999997
3592,19,94,2024-04-22,13,503272.95,8022.13,5.2043,41749.571159,542744.425067,39471.47506699996
9084,43,148,2024-04-22,7,33499.0,979.78,5.2043,5099.069054,35693.483378,2194.483377999997
7270,6,100,2024-04-22,14,1391182.85,19807.28,5.2043,103083.02730399999,1443162.3822559998,51979.532255999744
7651,48,34,2024-04-22,6,29505.0,1022.84,5.2043,5323.166212,31938.997272,2433.9972720000005
5531,26,117,2024-04-22,8,32824.0,823.4,5.2043,4285.22062,34281.76496,1457.7649600000004
1677,31,107,2024-04-22,2,2875.65,311.59,5.2043,1621.6078369999998,3243.2156739999996,367.5656739999995
2858,38,86,2024-04-22,10,935231.0,17824.79,5.2043,92765.55459700001,927655.5459700001,0.0
8768,19,130,2024-04-22,15,62161.0,826.87,5.2043,4303.279541,64549.193115,2388.193115000002
2558,14,72,2024-04-22,2,189362.55,30675.48,5.2043,159644.40056399998,319288.80112799996,129926.25112799997
594,15,12,2024-04-22,15,38848.35,527.97,5.2043,2747.7142710000003,41215.71406500001,2367.364065000009
5080,16,124,2024-04-22,2,7163.0,725.63,5.2043,3776.396209,7552.792418,389.792418
2002,16,137,2024-04-22,2,6771.0,673.98,5.2043,3507.594114,7015.188228,244.18822799999998
1104,24,14,2024-04-22,6,204122.7,6767.66,5.2043,35220.932938,211325.597628,7202.897627999977
1165,23,19,2024-04-22,7,109274.7,3358.13,5.2043,17476.715959,122337.01171300001,13062.311713000017
9781,42,59,2024-04-22,8,697329.0,17522.59,5.2043,91192.815137,729542.521096,32213.521095999982
1197,41,138,2024-04-22,12,50197.0,836.88,5.2043,4355.374584,52264.495008,2067.495007999998
3666,47,64,2024-04-23,1,105930.7,21352.22,5.1626,110232.97097200001,110232.97097200001,4302.270972000013
1742,45,82,2024-04-23,12,619608.0,9770.29,5.1626,50440.09915400001,605281.1898480002,0.0
2198,31,24,2024-04-23,8,185857.0,4129.65,5.1626,21319.73109,170557.84872,0.0
1138,35,134,2024-04-23,11,49299.3,948.15,5.1626,4894.9191900000005,53844.111090000006,4544.811090000003
5690,40,101,2024-04-23,10,4634.0,96.64,5.1626,498.91366400000004,4989.136640000001,355.1366400000006
5971,45,85,2024-04-23,1,36650.05,7885.27,5.1626,40708.494902000006,40708.494902000006,4058.444902000003
6210,2,84,2024-04-23,2,86848.0,8951.16,5.1626,46211.258616,92422.517232,5574.517231999998
1260,42,37,2024-04-23,3,18203.0,1211.89,5.1626,6256.5033140000005,18769.509942,566.5099420000006
4955,33,65,2024-04-23,13,315637.5,5225.24,5.1626,26975.824024,350685.712312,35048.21231199999
4445,42,115,2024-04-23,4,3155.9,167.9,5.1626,866.8005400000001,3467.2021600000003,311.3021600000002
8677,17,125,2024-04-23,14,45247.55,646.27,5.1626,3336.4335020000003,46710.069028000005,1462.5190280000024
1090,30,106,2024-04-23,7,30694.0,918.37,5.1626,4741.1769620000005,33188.238734000006,2494.238734000006
1942,5,62,2024-04-23,4,408888.0,20000.78,5.1626,103256.026828,413024.107312,4136.107312000007
3128,2,118,2024-04-23,9,38836.0,893.4,5.1626,4612.26684,41510.40156,2674.4015599999984
406,15,63,2024-04-23,6,797758.7,27618.14,5.1626,142581.409564,855488.4573840001,57729.75738400011
1862,43,146,2024-04-23,5,2480.0,99.02,5.1626,511.200652,2556.00326,76.00325999999995
7919,9,148,2024-04-23,5,22731.6,979.78,5.1626,5058.212228,25291.06114,2559.461140000003
5732,32,33,2024-04-23,13,87305.0,1325.97,5.1626,6845.452722000001,88990.88538600001,1685.885386000009
4680,25,63,2024-04-24,6,839746.0,27618.14,5.1592,142487.507888,854925.047328,15179.047327999957
622,33,84,2024-04-24,14,607934.0,8951.16,5.1592,46180.824672,646531.545408,38597.545408000005
6967,6,15,2024-04-24,13,344562.15,5267.98,5.1592,27178.562416,353321.311408,8759.161407999985
6260,48,138,2024-04-24,6,23843.1,836.88,5.1592,4317.6312960000005,25905.787776000005,2062.687776000006
8884,14,99,2024-04-24,15,1609000.0,21330.89,5.1592,110050.327688,1650754.9153200001,41754.915320000146
5301,21,64,2024-04-24,12,1271163.65,21352.22,5.1592,110160.373424,1321924.4810880001,50760.83108800021
5613,12,46,2024-04-24,14,66284.35,1000.64,5.1592,5162.501888,72275.026432,5990.676431999993
2218,24,98,2024-04-24,3,226178.85,15850.04,5.1592,81773.526368,245320.579104,19141.729104
744,44,102,2024-04-24,15,12480.0,199.93,5.1592,1031.4788560000002,15472.182840000003,2992.182840000003
5767,15,145,2024-04-24,10,43499.0,875.03,5.1592,4514.4547760000005,45144.54776,1645.5477600000013
157,48,17,2024-04-24,1,13337.05,2833.14,5.1592,14616.735888,14616.735888,1279.685888
3834,6,45,2024-04-24,5,49519.0,1881.33,5.1592,9706.157736,48530.78868,0.0
7053,16,132,2024-04-24,14,21882.0,314.46,5.1592,1622.362032,22713.068447999998,831.0684479999982
1300,11,73,2024-04-24,6,816012.0,28694.54,5.1592,148040.87076800002,888245.2246080001,72233.22460800014
8939,40,16,2024-04-24,1,28505.7,6212.42,5.1592,32051.117264,32051.117264,3545.4172639999997
576,49,7,2024-04-25,10,195188.0,3678.62,5.1679,19010.740298,190107.40298,0.0
5922,28,118,2024-04-25,2,8198.5,893.4,5.1679,4617.00186,9234.00372,1035.5037200000006
7001,31,145,2024-04-25,4,16529.05,875.03,5.1679,4522.067537,18088.270148,1559.2201480000003
3197,34,30,2024-04-25,15,459532.1,6558.44,5.1679,33893.362076,508400.43113999994,48868.331139999966
7406,30,14,2024-04-25,6,214866.0,6767.66,5.1679,34974.590114,209847.540684,0.0
4765,1,44,2024-04-25,5,54034.0,2159.34,5.1679,11159.253186000002,55796.26593000001,1762.2659300000087
5568,8,147,2024-04-25,6,18180.0,592.19,5.1679,3060.3787010000005,18362.272206,182.27220600000146
9224,47,21,2024-04-25,7,61142.0,1674.22,5.1679,8652.201538000001,60565.41076600001,0.0
7296,16,67,2024-04-25,1,81499.55,16720.73,5.1679,86411.06056700001,86411.06056700001,4911.510567000005
2713,39,13,2024-04-25,14,103036.05,1356.5,5.1679,7010.256350000001,98143.5889,0.0
1063,15,60,2024-04-25,5,516567.25,22370.78,5.1679,115609.953962,578049.76981,61482.51980999997
3158,22,14,2024-04-25,4,136081.8,6767.66,5.1679,34974.590114,139898.360456,3816.5604560000065
7178,22,123,2024-04-26,10,26382.45,535.37,5.1184,2740.2378080000003,27402.378080000002,1019.9280800000015
1030,18,13,2024-04-26,10,73597.45,1356.5,5.1184,6943.109600000001,69431.096,0.0
7738,3,33,2024-04-26,1,6380.2,1325.97,5.1184,6786.844848000001,6786.844848000001,406.6448480000008
3618,34,111,2024-04-26,4,16283.95,860.37,5.1184,4403.717808,17614.871232,1330.9212320000006
3748,1,6,2024-04-26,1,11229.0,2394.79,5.1184,12257.493136000001,12257.493136000001,1028.493136000001
6688,48,39,2024-04-26,11,325961.0,5270.87,5.1184,26978.421008,296762.631088,0.0
6564,6,27,2024-04-26,9,141172.85,3051.23,5.1184,15617.415632,140556.740688,0.0
7010,1,57,2024-04-26,13,1467063.15,23810.02,5.1184,121869.20636800001,1584299.6827840002,117236.53278400027
9475,46,131,2024-04-26,5,4818.0,196.2,5.1184,1004.23008,5021.1504,203.15040000000045
2512,36,131,2024-04-26,1,915.8,196.2,5.1184,1004.23008,1004.23008,88.43008000000009
4930,2,106,2024-04-26,10,41656.55,918.37,5.1184,4700.585008,47005.850080000004,5349.300080000001
2187,15,50,2024-04-26,3,33828.0,2378.45,5.1184,12173.858479999999,36521.57544,2693.5754400000005
9941,9,143,2024-04-26,13,54790.3,896.83,5.1184,4590.334672000001,59674.35073600001,4884.050736000005
1377,18,107,2024-04-26,8,11501.65,311.59,5.1184,1594.842256,12758.738048,1257.0880479999996
4269,45,83,2024-04-26,11,1482843.0,35839.7,5.1184,183441.92048,2017861.12528,535018.12528
7839,12,38,2024-04-26,1,26461.0,5439.42,5.1184,27841.127328000002,27841.127328000002,1380.1273280000023
7796,30,50,2024-04-26,3,32136.6,2378.45,5.1184,12173.858479999999,36521.57544,4384.975440000002
8061,13,42,2024-04-26,8,47943.0,1263.57,5.1184,6467.456688,51739.653504,3796.6535040000017
3396,3,134,2024-04-26,15,70764.0,948.15,5.1184,4853.0109600000005,72795.16440000001,2031.1644000000088
667,16,124,2024-04-26,1,3581.5,725.63,5.1184,3714.064592,3714.064592,132.56459200000018
9897,9,11,2024-04-27,5,172102.0,7246.24,5.1184,37089.154816,185445.77408,13343.774080000003
5126,30,73,2024-04-27,14,2004239.0,28694.54,5.1184,146870.133536,2056181.869504,51942.86950400006
704,16,16,2024-04-27,7,199539.9,6212.42,5.1184,31797.650528000002,222583.55369600002,23043.653696000023
823,2,8,2024-04-27,3,14204.4,947.05,5.1184,4847.38072,14542.14216,337.7421599999998
7195,40,2,2024-04-28,1,13298.1,2829.74,5.1184,14483.741216,14483.741216,1185.641216
6125,11,1,2024-04-28,1,31466.85,6633.66,5.1184,33953.725344,33953.725344,2486.875344
5832,7,2,2024-04-28,15,199473.4,2829.74,5.1184,14483.741216,217256.11824,17782.718240000017
2893,49,99,2024-04-28,2,203806.35,21330.89,5.1184,109180.027376,218360.054752,14553.70475199999
8765,15,71,2024-04-28,11,1431915.0,27484.92,5.1184,140678.814528,1547466.959808,115551.9598079999
7362,25,91,2024-04-28,7,944202.0,27671.77,5.1184,141635.18756800002,991446.3129760001,47244.31297600013
5976,8,62,2024-04-28,5,485554.5,20000.78,5.1184,102371.992352,511859.96176,26305.461759999976
1227,43,12,2024-04-28,1,2726.0,527.97,5.1184,2702.3616480000005,2702.3616480000005,0.0
8738,24,58,2024-04-28,12,1240600.25,20157.55,5.1184,103174.40392,1238092.84704,0.0
2107,39,90,2024-04-28,5,375712.65,16081.27,5.1184,82310.37236800001,411551.86184,35839.21184
3825,22,17,2024-04-28,7,93357.45,2833.14,5.1184,14501.143776,101508.00643200001,8150.556432000012
2284,25,74,2024-04-28,6,519351.0,17160.36,5.1184,87833.586624,527001.519744,7650.519744000048
6922,16,44,2024-04-28,3,32421.0,2159.34,5.1184,11052.365856000002,33157.097568000005,736.0975680000047
3566,49,125,2024-04-28,14,47629.0,646.27,5.1184,3307.868368,46310.157152,0.0
13,43,19,2024-04-28,2,31221.75,3358.13,5.1184,17188.252592,34376.505184,3154.7551840000015
7322,4,80,2024-04-28,11,1421462.0,24177.04,5.1184,123747.761536,1361225.376896,0.0
5549,18,20,2024-04-28,10,308334.0,5689.04,5.1184,29118.782336,291187.82336,0.0
9626,42,53,2024-04-28,13,697775.0,11332.93,5.1184,58006.468912000004,754084.0958560001,56309.09585600009
3528,6,122,2024-04-28,8,10051.0,271.3,5.1184,1388.62192,11108.97536,1057.9753600000004
3355,28,15,2024-04-28,14,371067.15,5267.98,5.1184,26963.628832,377490.803648,6423.653647999978
2848,16,138,2024-04-29,10,39738.5,836.88,5.1155,4281.0596399999995,42810.596399999995,3072.096399999995
2954,6,25,2024-04-29,9,103681.1,2430.59,5.1155,12433.683145,111903.14830500001,8222.048305000004
1558,3,4,2024-04-29,11,35340.95,679.13,5.1155,3474.089515,38214.984665,2874.0346650000065
8537,38,58,2024-04-29,13,1343984.0,20157.55,5.1155,103115.947025,1340507.3113250001,0.0
7824,46,53,2024-04-29,4,214700.0,11332.93,5.1155,57973.603415,231894.41366,17194.41365999999
4643,14,129,2024-04-29,6,18617.15,661.98,5.1155,3386.35869,20318.15214,1701.0021399999969
7678,41,83,2024-04-29,10,1280637.05,35839.7,5.1155,183337.98534999997,1833379.8534999997,552742.8034999997
7339,21,119,2024-04-29,7,21651.45,669.88,5.1155,3426.77114,23987.397979999998,2335.947979999997
8458,13,39,2024-04-30,8,225209.85,5270.87,5.1718,27259.885466,218079.083728,0.0
5714,48,106,2024-04-30,5,21924.0,918.37,5.1718,4749.6259660000005,23748.12983,1824.1298300000017
367,17,72,2024-04-30,7,697652.0,30675.48,5.1718,158647.447464,1110532.132248,412880.132248
9677,12,56,2024-04-30,11,472876.0,8087.59,5.1718,41827.397962,460101.37758200004,0.0
9094,8,103,2024-04-30,4,7157.0,341.7,5.1718,1767.20406,7068.81624,0.0
808,46,123,2024-04-30,2,5276.3,535.37,5.1718,2768.826566,5537.653132,261.3531320000002
38,38,87,2024-04-30,9,601739.0,13597.7,5.1718,70324.58486,632921.2637400001,31182.263740000082
5002,7,93,2024-04-30,12,1145437.8,19409.47,5.1718,100381.89694600001,1204582.7633520002,59144.96335200011
2927,35,58,2024-04-30,9,930449.95,20157.55,5.1718,104250.81709,938257.35381,7807.403810000047
7251,14,104,2024-04-30,5,18565.0,742.54,5.1718,3840.268372,19201.34186,636.3418600000005
8855,11,46,2024-04-30,15,74757.0,1000.64,5.1718,5175.109952,77626.64928,2869.649279999998
2889,30,80,2024-04-30,12,1473151.7,24177.04,5.1718,125038.815472,1500465.785664,27314.08566400013
8474,16,98,2024-04-30,5,376965.7,15850.04,5.1718,81973.23687200001,409866.1843600001,32900.48436000006
2343,42,126,2024-05-01,4,10172.6,467.05,5.1718,2415.4891900000002,9661.956760000001,0.0
1179,17,129,2024-05-01,13,40337.95,661.98,5.1718,3423.628164,44507.166132000006,4169.216132000009
7064,36,35,2024-05-01,11,115007.95,2106.85,5.1718,10896.20683,119858.27513,4850.325129999997
7689,10,116,2024-05-01,8,20604.0,502.24,5.1718,2597.484832,20779.878656,175.87865600000077
1029,43,99,2024-05-01,4,407613.65,21330.89,5.1718,110319.096902,441276.387608,33662.737607999996
1339,15,142,2024-05-01,8,6611.0,169.88,5.1718,878.585384,7028.683072,417.6830719999998
501,31,24,2024-05-01,14,325251.0,4129.65,5.1718,21357.723869999998,299008.13418,0.0
3043,4,93,2024-05-01,1,100477.0,19409.47,5.1718,100381.89694600001,100381.89694600001,0.0
5502,3,13,2024-05-01,14,103036.05,1356.5,5.1718,7015.5467,98217.6538,0.0
5828,15,146,2024-05-01,12,5654.4,99.02,5.1718,512.111636,6145.339631999999,490.9396319999996
8913,43,54,2024-05-01,10,1215348.0,23191.9,5.1718,119943.86842000001,1199438.6842,0.0
9382,16,132,2024-05-01,11,16333.35,314.46,5.1718,1626.324228,17889.566508,1556.2165079999995
4429,3,82,2024-05-01,1,49052.3,9770.29,5.1718,50529.98582200001,50529.98582200001,1477.6858220000067
9045,12,96,2024-05-01,8,564967.0,14776.4,5.1718,76420.58552000001,611364.6841600001,46397.68416000006
9737,35,147,2024-05-01,1,3030.0,592.19,5.1718,3062.688242,3062.688242,32.68824200000017
9463,15,41,2024-05-02,6,60420.0,2005.71,5.1184,10266.026064000001,61596.15638400001,1176.156384000009
8716,17,142,2024-05-02,14,11570.0,169.88,5.1184,869.5137920000001,12173.193088000002,603.1930880000018
7428,2,137,2024-05-02,9,28945.55,673.98,5.1184,3449.6992320000004,31047.293088000002,2101.743088000003
2864,27,20,2024-05-02,6,175750.95,5689.04,5.1184,29118.782336,174712.694016,0.0
7113,15,124,2024-05-02,15,56549.0,725.63,5.1184,3714.064592,55710.96888,0.0
9005,27,69,2024-05-02,10,452650.0,8620.92,5.1184,44125.316928,441253.16928000003,0.0
5553,16,103,2024-05-02,4,7157.0,341.7,5.1184,1748.95728,6995.82912,0.0
8533,36,111,2024-05-02,3,12213.2,860.37,5.1184,4403.717808,13211.153424,997.9534239999994
7302,30,75,2024-05-02,13,404689.55,6193.58,5.1184,31701.219872,412115.858336,7426.308336000016
2074,16,63,2024-05-02,9,1259619.0,27618.14,5.1184,141360.687776,1272246.189984,12627.189984000055
5641,37,73,2024-05-03,14,1904027.05,28694.54,5.0668,145389.495272,2035452.933808,131425.883808
836,43,50,2024-05-03,9,96409.8,2378.45,5.0668,12051.130459999998,108460.17413999999,12050.374139999985
1498,9,127,2024-05-03,6,8831.2,296.24,5.0668,1500.988832,9005.932992,174.73299199999929
3905,30,58,2024-05-03,1,103383.75,20157.55,5.0668,102134.27433999999,102134.27433999999,0.0
9143,25,28,2024-05-03,9,121910.65,2921.84,5.0668,14804.378912,133239.410208,11328.760207999992
3726,5,45,2024-05-03,7,69326.0,1881.33,5.0668,9532.322843999998,66726.25990799999,0.0
5163,8,22,2024-05-03,10,394529.0,7630.67,5.0668,38663.078755999995,386630.78755999997,0.0
3143,17,8,2024-05-03,11,54826.0,947.05,5.0668,4798.51294,52783.64234,0.0
6378,35,12,2024-05-03,2,5452.0,527.97,5.0668,2675.118396,5350.236792,0.0
7467,35,119,2024-05-03,14,45581.0,669.88,5.0668,3394.1479839999997,47518.071776,1937.071775999997
1743,23,76,2024-05-03,2,281576.2,28642.87,5.0668,145127.69371599998,290255.38743199996,8679.187431999948
6987,45,7,2024-05-03,8,148342.5,3678.62,5.0668,18638.831815999998,149110.65452799998,768.1545279999846
1157,48,73,2024-05-03,8,1088015.05,28694.54,5.0668,145389.495272,1163115.962176,75100.91217599995
9061,19,31,2024-05-03,13,107680.0,1686.13,5.0668,8543.283484,111062.685292,3382.6852919999947
7071,33,136,2024-05-04,8,14998.6,390.62,5.0668,1979.1934159999998,15833.547327999999,834.9473279999984
3174,23,38,2024-05-04,15,396917.0,5439.42,5.0668,27560.453256,413406.79884,16489.798840000003
7155,26,118,2024-05-04,3,12945.0,893.4,5.0668,4526.67912,13580.037359999998,635.0373599999984
9056,29,2,2024-05-04,1,13298.1,2829.74,5.0668,14337.726631999998,14337.726631999998,1039.6266319999977
1588,43,102,2024-05-04,13,10816.0,199.93,5.0668,1013.005324,13169.069212,2353.0692120000003
6676,30,50,2024-05-04,7,78932.0,2378.45,5.0668,12051.130459999998,84357.91321999999,5425.913219999988
4842,49,38,2024-05-05,10,251380.45,5439.42,5.0668,27560.453256,275604.53256,24224.08256000001
4893,6,120,2024-05-05,2,5936.55,635.45,5.0668,3219.69806,6439.39612,502.84612000000016
1943,6,101,2024-05-05,14,6488.0,96.64,5.0668,489.655552,6855.177728,367.17772799999966
4649,20,67,2024-05-05,2,171578.0,16720.73,5.0668,84720.594764,169441.189528,0.0
1966,4,90,2024-05-05,8,632779.0,16081.27,5.0668,81480.578836,651844.630688,19065.630688000005
6009,36,89,2024-05-05,9,708102.0,14832.32,5.0668,75152.398976,676371.590784,0.0
1869,39,7,2024-05-05,1,18543.05,3678.62,5.0668,18638.831815999998,18638.831815999998,95.7818159999988
4577,22,80,2024-05-05,12,1550686.0,24177.04,5.0668,122500.226272,1470002.715264,0.0
1804,13,66,2024-05-05,15,188574.0,2360.29,5.0668,11959.117371999999,179386.76057999997,0.0
3952,15,37,2024-05-05,14,80700.6,1211.89,5.0668,6140.404252,85965.659528,5265.059527999998
8689,49,108,2024-05-05,14,46838.0,688.83,5.0668,3490.163844,48862.293816000005,2024.2938160000049
5528,20,121,2024-05-05,2,7389.0,747.93,5.0668,3789.6117239999994,7579.223447999999,190.22344799999883
8651,3,96,2024-05-05,2,134179.9,14776.4,5.0668,74869.06352,149738.12704,15558.227039999998
1461,10,87,2024-05-05,3,200580.0,13597.7,5.0668,68896.82636,206690.47908000002,6110.479080000019
729,43,18,2024-05-05,2,53145.0,5265.1,5.0668,26677.20868,53354.41736,209.41735999999946
5979,22,10,2024-05-05,8,256264.0,6547.91,5.0668,33176.950388,265415.603104,9151.60310399998
8199,38,92,2024-05-05,6,533125.0,16745.97,5.0668,84848.480796,509090.88477600005,0.0
3375,5,8,2024-05-05,14,69778.0,947.05,5.0668,4798.51294,67179.18116,0.0
3025,20,74,2024-05-05,6,519351.0,17160.36,5.0668,86948.112048,521688.672288,2337.6722880000016
5524,40,144,2024-05-05,15,33212.0,444.87,5.0668,2254.067316,33811.00974,599.0097400000013
5672,12,50,2024-05-05,13,139258.6,2378.45,5.0668,12051.130459999998,156664.69598,17406.095979999984
6129,46,105,2024-05-06,15,4643.0,62.64,5.0727,317.75392800000003,4766.30892,123.3089200000004
2008,18,88,2024-05-06,8,386692.0,9896.1,5.0727,50199.94647,401599.57176,14907.57176000002
7615,35,119,2024-05-06,3,9767.0,669.88,5.0727,3398.100276,10194.300828,427.30082799999946
3124,26,89,2024-05-06,6,448464.6,14832.32,5.0727,75239.909664,451439.45798400004,2974.8579840000602
14,13,125,2024-05-06,15,48479.45,646.27,5.0727,3278.333829,49175.007435,695.5574350000024
2986,4,85,2024-05-06,2,73299.15,7885.27,5.0727,39999.609129000004,79999.21825800001,6700.068258000014
1240,31,30,2024-05-06,2,64496.0,6558.44,5.0727,33268.998588,66537.997176,2041.9971760000044
3412,32,145,2024-05-06,7,30449.0,875.03,5.0727,4438.764681,31071.352766999997,622.3527669999967
5117,35,126,2024-05-06,11,29448.0,467.05,5.0727,2369.2045350000003,26061.249885000005,0.0
835,45,26,2024-05-06,2,34566.0,3412.88,5.0727,17312.516376,34625.032752,59.032751999999164
6937,33,81,2024-05-06,11,1276451.35,23345.09,5.0727,118422.638043,1302649.018473,26197.66847299994
662,6,38,2024-05-06,12,301657.3,5439.42,5.0727,27592.545834,331110.550008,29453.250008000003
6704,47,125,2024-05-06,2,6804.0,646.27,5.0727,3278.333829,6556.667658,0.0
1978,31,3,2024-05-06,5,45121.0,1753.77,5.0727,8896.349079,44481.745395,0.0
5367,39,37,2024-05-06,9,54609.0,1211.89,5.0727,6147.554403000001,55327.98962700001,718.9896270000099
7273,35,51,2024-05-06,14,898226.0,12243.38,5.0727,62106.993726,869497.912164,0.0
5267,16,36,2024-05-06,15,322069.95,4476.41,5.0727,22707.485007,340612.275105,18542.325104999996
4502,42,67,2024-05-06,13,1115258.0,16720.73,5.0727,84819.247071,1102650.2119230002,0.0
1904,30,15,2024-05-07,3,79514.05,5267.98,5.061,26661.246779999998,79983.74033999999,469.69033999998646
9419,44,130,2024-05-07,8,33153.0,826.87,5.061,4184.78907,33478.31256,325.3125599999985
8354,1,26,2024-05-07,9,147771.55,3412.88,5.061,17272.58568,155453.27112,7681.721120000002
9215,40,101,2024-05-07,15,6951.0,96.64,5.061,489.09504,7336.4256,385.4255999999996
9881,48,42,2024-05-07,12,68318.3,1263.57,5.061,6394.927769999999,76739.13324,8420.833239999993
2397,19,112,2024-05-07,3,6543.0,430.01,5.061,2176.28061,6528.841829999999,0.0
3080,9,40,2024-05-07,3,40424.4,2867.26,5.061,14511.202860000001,43533.60858,3109.2085799999986
6911,15,140,2024-05-07,1,3135.0,612.49,5.061,3099.81189,3099.81189,0.0
6218,41,33,2024-05-07,12,80589.0,1325.97,5.061,6710.73417,80528.81004,0.0
4984,24,36,2024-05-07,8,180811.0,4476.41,5.061,22655.11101,181240.88808,429.88808000000427
8119,1,35,2024-05-07,8,88044.0,2106.85,5.061,10662.76785,85302.1428,0.0
1989,16,55,2024-05-07,6,659923.0,22138.68,5.061,112043.85948,672263.15688,12340.156880000024
9849,10,70,2024-05-07,1,34355.0,6655.06,5.061,33681.25866,33681.25866,0.0
4748,48,16,2024-05-08,11,330066.0,6212.42,5.0887,31613.141654000003,347744.55819400004,17678.55819400004
1973,31,83,2024-05-08,11,1408700.85,35839.7,5.0887,182377.48139,2006152.29529,597451.44529
1875,1,88,2024-05-08,12,551036.1,9896.1,5.0887,50358.28407,604299.40884,53263.30884000007
3167,9,7,2024-05-08,6,117113.0,3678.62,5.0887,18719.393594,112316.361564,0.0
4420,43,52,2024-05-08,14,182264.15,2634.69,5.0887,13407.147003,187700.058042,5435.9080419999955
4437,2,49,2024-05-08,9,119378.0,2627.0,5.0887,13368.0149,120312.1341,934.1340999999957
703,23,41,2024-05-08,3,31800.0,2005.71,5.0887,10206.456477000002,30619.369431000006,0.0
1437,35,47,2024-05-08,12,69802.2,1496.29,5.0887,7614.170923000001,91370.051076,21567.851076000006
9575,7,94,2024-05-08,2,81502.0,8022.13,5.0887,40822.212931,81644.425862,142.4258620000037
3908,44,115,2024-05-09,15,11836.05,167.9,5.1577,865.97783,12989.66745,1153.6174500000016
4339,35,23,2024-05-09,5,55893.0,2244.66,5.1577,11577.282882,57886.41441,1993.4144099999976
1026,17,113,2024-05-09,4,16701.0,815.5,5.1577,4206.1043500000005,16824.417400000002,123.41740000000209
7007,20,34,2024-05-09,1,4918.0,951.66,5.1577,4908.376782,4908.376782,0.0
7596,25,73,2024-05-09,13,1861079.0,28694.54,5.1577,147997.828958,1923971.776454,62892.776454000035
2403,21,131,2024-05-09,8,7323.55,196.2,5.1577,1011.94074,8095.52592,771.9759199999999
1605,9,95,2024-05-09,7,464223.2,12945.63,5.1577,66769.67585099999,467387.73095699993,3164.5309569999226
8774,2,89,2024-05-09,12,944137.0,14832.32,5.1577,76500.656864,918007.882368,0.0
8149,11,56,2024-05-09,7,285874.95,8087.59,5.1577,41713.362943,291993.540601,6118.5906010000035
2446,7,96,2024-05-09,11,776829.0,14776.4,5.1577,76212.23828,838334.6210800001,61505.62108000007
1210,36,144,2024-05-09,10,21033.95,444.87,5.1577,2294.505999,22945.05999,1911.1099900000008
8512,25,77,2024-05-10,13,552102.95,8959.75,5.1464,46110.4574,599435.9462,47332.99620000005
3194,49,78,2024-05-10,13,1582900.0,24425.59,5.1464,125703.856376,1634150.132888,51250.13288799999
9872,6,140,2024-05-10,6,17866.65,612.49,5.1464,3152.118536,18912.711216,1046.0612159999982
2307,20,118,2024-05-10,5,20497.2,893.4,5.1464,4597.79376,22988.9688,2491.768799999998
8715,14,6,2024-05-10,11,123520.9,2394.79,5.1464,12324.547256,135570.01981599999,12049.119815999991
7112,33,15,2024-05-10,8,212038.1,5267.98,5.1464,27111.132271999995,216889.05817599996,4850.958175999956
4064,2,105,2024-05-10,9,2646.7,62.64,5.1464,322.370496,2901.334464,254.6344640000002
3032,1,137,2024-05-10,9,28945.55,673.98,5.1464,3468.570672,31217.136048,2271.586048000001
4201,36,103,2024-05-10,4,7157.0,341.7,5.1464,1758.52488,7034.09952,0.0
4048,26,34,2024-05-10,2,9343.25,951.66,5.1464,4897.6230239999995,9795.246047999999,451.99604799999906
6241,2,130,2024-05-10,15,62161.0,826.87,5.1464,4255.403768,63831.05652,1670.0565199999983
1611,40,146,2024-05-10,10,4712.0,99.02,5.1464,509.596528,5095.965279999999,383.96527999999944
2199,10,130,2024-05-10,13,53873.0,826.87,5.1464,4255.403768,55320.248984000005,1447.2489840000053
26,19,147,2024-05-10,14,40299.95,592.19,5.1464,3047.646616,42667.052624,2367.1026240000065
8657,27,122,2024-05-10,9,11902.0,271.3,5.1464,1396.21832,12565.96488,663.9648799999995
3810,15,72,2024-05-11,10,996646.0,30675.48,5.1464,157868.29027199998,1578682.90272,582036.9027199999
7531,29,150,2024-05-11,13,20324.3,332.26,5.1464,1709.9428639999999,22229.257232,1904.9572320000007
6728,49,61,2024-05-11,3,79853.2,5396.92,5.1464,27774.709088,83324.127264,3470.927263999998
7012,37,71,2024-05-11,7,865657.1,27484.92,5.1464,141448.39228799997,990138.7460159998,124481.64601599984
1076,16,34,2024-05-11,1,4918.0,951.66,5.1464,4897.6230239999995,4897.6230239999995,0.0
5129,28,72,2024-05-11,11,1096311.0,30675.48,5.1464,157868.29027199998,1736551.192992,640240.1929919999
2059,40,33,2024-05-11,13,87305.0,1325.97,5.1464,6823.972008,88711.63610399999,1406.6361039999902
1563,39,51,2024-05-11,15,962385.0,12243.38,5.1464,63009.33083199999,945139.9624799999,0.0
7980,4,125,2024-05-11,6,19391.4,646.27,5.1464,3325.9639279999997,19955.783568,564.3835679999975
3535,3,81,2024-05-11,10,1221485.0,23685.5,5.1464,121895.0572,1218950.572,0.0
7490,35,127,2024-05-11,15,23240.0,296.24,5.1464,1524.569536,22868.54304,0.0
2995,44,16,2024-05-11,3,90018.0,6212.42,5.1464,31971.598288,95914.794864,5896.794863999996
8322,3,23,2024-05-11,9,95577.6,2244.66,5.1464,11551.918224,103967.26401599999,8389.66401599998
5094,40,127,2024-05-11,10,15494.0,296.24,5.1464,1524.569536,15245.69536,0.0
890,11,127,2024-05-11,11,16190.85,296.24,5.1464,1524.569536,16770.264896,579.4148960000002
3282,39,42,2024-05-12,9,53936.0,1263.57,5.1464,6502.8366479999995,58525.52983199999,4589.529831999993
5078,30,9,2024-05-12,6,238233.0,7544.56,5.1464,38827.323584,232963.941504,0.0
2400,39,2,2024-05-12,10,132982.9,2829.74,5.1464,14562.973935999999,145629.73935999998,12646.839359999984
3783,26,103,2024-05-12,4,7157.0,341.7,5.1464,1758.52488,7034.09952,0.0
518,48,90,2024-05-12,8,632779.0,16081.27,5.1464,82760.647928,662085.183424,29306.183424000046
5585,34,86,2024-05-12,5,444235.2,17824.79,5.1464,91733.499256,458667.49627999996,14432.296279999951
5465,17,106,2024-05-12,12,52618.0,918.37,5.1464,4726.299368,56715.592416,4097.5924159999995
3602,47,91,2024-05-12,15,1922125.5,27671.77,5.1464,142409.997128,2136149.95692,214024.4569199998
5189,29,84,2024-05-12,2,82505.6,8951.16,5.1464,46066.249824,92132.499648,9626.899647999991
3639,20,114,2024-05-12,6,4556.2,152.46,5.1464,784.620144,4707.720864,151.52086400000007
7912,40,46,2024-05-12,5,24919.0,1000.64,5.1464,5149.693695999999,25748.468479999996,829.4684799999959
4753,37,51,2024-05-12,9,577431.0,12243.38,5.1464,63009.33083199999,567083.977488,0.0
5785,6,65,2024-05-12,11,267078.25,5225.24,5.1464,26891.175135999998,295802.926496,28724.67649599997
7609,33,32,2024-05-12,7,87517.0,2562.61,5.1464,13188.216104000001,92317.512728,4800.5127280000015
2298,26,128,2024-05-12,10,44181.65,853.09,5.1464,4390.342376,43903.42376,0.0
9145,14,109,2024-05-12,10,6227.0,123.24,5.1464,634.2423359999999,6342.423359999999,115.42335999999887
4646,12,70,2024-05-13,5,163188.15,6655.06,5.1412,34214.994472000006,171074.97236,7886.82236000002
2192,20,127,2024-05-13,12,18592.0,296.24,5.1412,1523.0290880000002,18276.349056000003,0.0
2740,33,107,2024-05-13,13,18690.3,311.59,5.1412,1601.946508,20825.304604,2135.0046040000016
9547,26,137,2024-05-13,11,35378.0,673.98,5.1412,3465.0659760000003,38115.725736,2737.7257360000003
8597,10,27,2024-05-13,4,66046.0,3051.23,5.1412,15686.983676000002,62747.93470400001,0.0
8688,17,76,2024-05-13,4,563153.35,28642.87,5.1412,147258.723244,589034.892976,25881.542975999997
3944,21,84,2024-05-13,10,434239.0,8951.16,5.1412,46019.703792,460197.03792000003,25958.03792000003
7228,22,33,2024-05-13,2,12760.4,1325.97,5.1412,6817.076964000001,13634.153928000002,873.7539280000019
5488,25,67,2024-05-13,6,488997.3,16720.73,5.1412,85964.61707600001,515787.702456,26790.40245600004
9120,36,49,2024-05-13,7,92850.0,2627.0,5.1412,13505.932400000002,94541.5268,1691.526800000007
8318,28,3,2024-05-13,2,17145.6,1753.77,5.1412,9016.482324,18032.964648,887.3646480000025
8965,12,104,2024-05-13,6,21164.1,742.54,5.1412,3817.546648,22905.279888,1741.1798880000024
3809,6,125,2024-05-13,8,25856.15,646.27,5.1412,3322.603324,26580.826592,724.6765919999998
2689,39,128,2024-05-13,12,55809.0,853.09,5.1412,4385.9063080000005,52630.875696,0.0
4045,22,102,2024-05-15,14,11065.6,199.93,5.1423,1028.100039,14393.400545999999,3327.8005459999986
5517,38,9,2024-05-15,6,226321.35,7544.56,5.1423,38796.390888,232778.34532800002,6456.995328000019
6019,26,72,2024-05-15,7,697652.0,30675.48,5.1423,157742.520804,1104197.645628,406545.6456279999
3302,26,11,2024-05-15,9,326087.0,7246.24,5.1423,37262.339951999995,335361.05956799997,9274.059567999968
1228,11,61,2024-05-15,12,319412.8,5396.92,5.1423,27752.581715999997,333030.98059199995,13618.18059199996
6640,7,104,2024-05-15,1,3713.0,742.54,5.1423,3818.3634419999994,3818.3634419999994,105.3634419999994
2595,45,69,2024-05-15,5,215008.75,8620.92,5.1423,44331.356916,221656.78457999998,6648.034579999978
2629,42,146,2024-05-15,4,1884.8,99.02,5.1423,509.1905459999999,2036.7621839999997,151.96218399999975
7555,39,141,2024-05-15,10,45427.1,972.86,5.1423,5002.737978,50027.37978,4600.279780000004
8998,9,150,2024-05-15,10,16457.0,332.26,5.1423,1708.5805979999998,17085.805979999997,628.8059799999974
5396,12,41,2024-05-15,2,20140.0,2005.71,5.1423,10313.962533,20627.925066,487.9250659999998
2370,30,113,2024-05-15,7,29226.75,815.5,5.1423,4193.54565,29354.81955,128.06955000000016
3136,33,16,2024-05-16,9,256551.3,6212.42,5.127,31851.07734,286659.69606,30108.39606
955,46,120,2024-05-16,14,41555.85,635.45,5.127,3257.95215,45611.3301,4055.4801000000007
2856,19,41,2024-05-16,2,21200.0,2005.71,5.127,10283.275169999999,20566.550339999998,0.0
3386,45,137,2024-05-16,2,6771.0,673.98,5.127,3455.49546,6910.99092,139.9909200000002
4253,25,42,2024-05-16,6,35957.0,1263.57,5.127,6478.32339,38869.94034,2912.940340000001
180,25,38,2024-05-16,2,52922.0,5439.42,5.127,27887.906339999998,55775.812679999995,2853.8126799999955
4147,43,136,2024-05-16,3,5624.0,390.62,5.127,2002.70874,6008.12622,384.1262200000001
2652,18,81,2024-05-16,15,1740615.65,23685.5,5.127,121435.5585,1821533.3775,80917.72750000004
7644,2,144,2024-05-16,1,2103.3,444.87,5.127,2280.84849,2280.84849,177.54848999999967
2906,14,70,2024-05-16,2,68711.0,6655.06,5.127,34120.49262,68240.98524,0.0
4122,20,118,2024-05-16,11,47466.0,893.4,5.127,4580.4618,50385.0798,2919.0797999999995
344,47,138,2024-05-16,12,50197.0,836.88,5.127,4290.68376,51488.20512,1291.2051199999987
5932,34,82,2024-05-16,11,567974.0,9770.29,5.127,50092.27683,551015.04513,0.0
1718,23,28,2024-05-16,2,28517.0,2776.74,5.127,14236.345979999998,28472.691959999996,0.0
8763,40,33,2024-05-16,6,40295.0,1325.97,5.127,6798.24819,40789.489140000005,494.48914000000514
5994,38,30,2024-05-16,12,367625.3,6558.44,5.127,33625.12188,403501.46256,35876.162560000026
2240,15,8,2024-05-17,8,37879.35,947.05,5.1157,4844.823685,38758.58948,879.2394800000038
2613,42,87,2024-05-17,12,802319.0,13597.7,5.1157,69561.75389,834741.0466800001,32422.046680000145
6151,25,105,2024-05-17,7,2167.0,62.64,5.1157,320.447448,2243.132136,76.13213600000017
9484,36,23,2024-05-17,3,31859.2,2244.66,5.1157,11483.007162,34449.021486,2589.821485999997
9527,17,52,2024-05-17,7,95929.0,2634.69,5.1157,13478.283633000001,94347.98543100001,0.0
6339,29,108,2024-05-17,5,15891.6,688.83,5.1157,3523.8476310000005,17619.238155000003,1727.6381550000024
1347,33,125,2024-05-17,10,32319.95,646.27,5.1157,3306.123439,33061.23439,741.2843899999971
2167,2,62,2024-05-17,7,679776.3,20000.78,5.1157,102317.990246,716225.931722,36449.63172199996
8506,4,91,2024-05-17,4,512566.8,27671.77,5.1157,141560.473789,566241.895156,53675.095156000054
5441,48,57,2024-05-17,9,1069115.0,23810.02,5.1157,121804.91931400001,1096244.273826,27129.273826000048
2823,31,40,2024-05-17,10,134748.0,2867.26,5.1157,14668.041982000002,146680.41982,11932.41982000001
4388,48,79,2024-05-17,11,727615.0,13344.4,5.1157,68265.94708,750925.41788,23310.417879999964
7612,40,94,2024-05-17,8,326007.0,8022.13,5.1157,41038.810441,328310.483528,2303.4835280000116
2970,43,101,2024-05-17,2,927.0,96.64,5.1157,494.381248,988.762496,61.762496000000056
7453,8,49,2024-05-18,14,185700.0,2627.0,5.1157,13438.9439,188145.2146,2445.2146000000066
4178,49,22,2024-05-18,9,337322.2,7630.67,5.1157,39036.218519,351325.966671,14003.76667099999
2004,49,79,2024-05-18,13,859909.0,13344.4,5.1157,68265.94708,887457.31204,27548.31203999999
62,10,113,2024-05-18,15,62627.8,815.5,5.1157,4171.85335,62577.80025000001,0.0
1787,7,126,2024-05-18,5,13385.0,467.05,5.1157,2389.2876850000002,11946.438425,0.0
4684,12,44,2024-05-18,12,123197.9,2159.34,5.1157,11046.535638000001,132558.427656,9360.52765600002
4270,1,80,2024-05-18,8,982101.45,24177.04,5.1157,123682.48352800001,989459.8682240001,7358.418224000139
9458,29,23,2024-05-18,14,156501.0,2244.66,5.1157,11483.007162,160762.100268,4261.100268000009
2907,13,134,2024-05-18,10,44817.2,948.15,5.1157,4850.450955,48504.50955,3687.3095500000054
7046,17,146,2024-05-18,8,3769.6,99.02,5.1157,506.556614,4052.452912,282.8529120000003
4616,33,96,2024-05-18,6,402538.75,14776.4,5.1157,75591.62948,453549.77688,51011.02688000002
2549,44,17,2024-05-18,1,13337.05,2833.14,5.1157,14493.494298,14493.494298,1156.4442980000003
2774,30,49,2024-05-18,7,88207.5,2627.0,5.1157,13438.9439,94072.6073,5865.107300000003
2500,20,86,2024-05-18,2,187046.0,17824.79,5.1157,91186.27820300001,182372.55640600002,0.0
5064,18,60,2024-05-19,3,326253.0,22370.78,5.1157,114442.199246,343326.597738,17073.597737999982
1474,47,9,2024-05-19,3,113160.2,7544.56,5.1157,38595.705592000006,115787.11677600001,2626.9167760000128
8266,18,111,2024-05-19,6,25711.0,860.37,5.1157,4401.394809,26408.368854,697.3688540000003
5869,19,142,2024-05-19,6,4710.1,169.88,5.1157,869.055116,5214.330696,504.2306959999996
7389,3,124,2024-05-19,7,25070.5,725.63,5.1157,3712.105391,25984.737737,914.2377369999995
2100,10,129,2024-05-19,7,21719.85,661.98,5.1157,3386.4910860000005,23705.437602,1985.5876020000032
5145,28,40,2024-05-19,13,175173.35,2867.26,5.1157,14668.041982000002,190684.54576600002,15511.195766000019
4714,47,31,2024-05-19,14,115964.0,1686.13,5.1157,8625.735241,120760.293374,4796.293374000001
3675,25,122,2024-05-19,14,18515.0,271.3,5.1157,1387.8894100000002,19430.451740000004,915.4517400000041
7277,26,4,2024-05-19,1,3212.9,679.13,5.1157,3474.2253410000003,3474.2253410000003,261.3253410000002
6012,27,44,2024-05-19,4,41065.65,2159.34,5.1157,11046.535638000001,44186.142552000005,3120.4925520000033
2053,19,61,2024-05-19,10,266176.7,5396.92,5.1157,27609.023644,276090.23644,9913.536439999996
3505,26,115,2024-05-19,12,9967.0,167.9,5.1157,858.9260300000001,10307.112360000001,340.112360000001
2435,32,122,2024-05-20,5,6612.0,271.3,5.1085,1385.93605,6929.68025,317.68025000000034
4005,6,122,2024-05-20,14,18515.0,271.3,5.1085,1385.93605,19403.1047,888.1046999999999
9498,40,118,2024-05-20,11,45092.7,893.4,5.1085,4563.9339,50203.272899999996,5110.572899999999
8025,18,140,2024-05-20,5,14889.35,612.49,5.1085,3128.905165,15644.525825,755.1758250000003
7599,36,105,2024-05-20,1,294.5,62.64,5.1085,319.99644,319.99644,25.496440000000007
4762,41,123,2024-05-20,6,16662.0,535.37,5.1085,2734.937645,16409.62587,0.0
6257,5,37,2024-05-20,14,80700.6,1211.89,5.1085,6190.940065000001,86673.16091,5972.56091
4114,45,50,2024-05-20,3,33828.0,2378.45,5.1085,12150.311824999999,36450.935475,2622.9354749999984
322,47,50,2024-05-21,15,160683.0,2378.45,5.1037,12138.895265,182083.428975,21400.428974999988
8647,34,148,2024-05-21,12,54555.65,979.78,5.1037,5000.503186,60006.038232,5450.3882319999975
1512,8,73,2024-05-21,11,1496021.05,28694.54,5.1037,146448.323798,1610931.561778,114910.51177800004
8377,2,101,2024-05-21,11,4842.15,96.64,5.1037,493.221568,5425.437248,583.2872480000005
8253,5,149,2024-05-21,10,11636.0,225.94,5.1037,1153.129978,11531.29978,0.0
5452,23,68,2024-05-21,10,635522.45,13317.89,5.1037,67970.515193,679705.1519299999,44182.70192999998
4086,14,35,2024-05-21,12,132066.0,2106.85,5.1037,10752.730345,129032.76414,0.0
905,41,132,2024-05-21,11,17193.0,314.46,5.1037,1604.909502,17654.004522,461.00452199999927
7957,34,19,2024-05-21,7,109274.7,3358.13,5.1037,17138.888081,119972.21656700001,10697.516567000013
3891,9,40,2024-05-21,9,127656.0,2867.26,5.1037,14633.634862,131702.713758,4046.713757999998
4963,2,122,2024-05-21,5,6612.0,271.3,5.1037,1384.63381,6923.16905,311.1690500000004
4145,32,76,2024-05-21,12,1778379.0,28642.87,5.1037,146184.615619,1754215.3874279999,0.0
9788,49,47,2024-05-21,6,34901.1,1496.29,5.1037,7636.615272999999,45819.691638,10918.591637999998
9341,1,51,2024-05-21,5,320795.0,12243.38,5.1037,62486.538506,312432.69253,0.0
9394,11,141,2024-05-21,2,9564.0,972.86,5.1037,4965.185582,9930.371164,366.37116400000014
4967,29,69,2024-05-21,8,344014.0,8620.92,5.1037,43998.589404,351988.715232,7974.715231999988
5270,45,52,2024-05-22,7,91132.55,2634.69,5.1502,13569.180438,94984.263066,3851.7130659999966
5156,7,80,2024-05-22,8,1033791.0,24177.04,5.1502,124516.59140800001,996132.7312640001,0.0
3035,9,138,2024-05-22,11,43713.3,836.88,5.1502,4310.099376,47411.093136,3697.7931360000002
1444,24,33,2024-05-22,8,53726.0,1325.97,5.1502,6829.010694,54632.085552,906.0855519999968
7936,30,68,2024-05-22,5,317761.7,13317.89,5.1502,68589.79707799999,342948.9853899999,25187.285389999917
9808,13,118,2024-05-22,2,8198.5,893.4,5.1502,4601.18868,9202.37736,1003.8773600000004
991,25,19,2024-05-22,6,98594.0,3358.13,5.1502,17295.041126,103770.24675600001,5176.246756000008
7560,46,37,2024-05-22,15,91016.0,1211.89,5.1502,6241.475878,93622.13817,2606.1381700000056
2071,49,11,2024-05-22,4,137681.6,7246.24,5.1502,37319.585247999996,149278.34099199998,11596.740991999977
7558,37,13,2024-05-22,11,80957.1,1356.5,5.1502,6986.2463,76848.7093,0.0
9671,1,135,2024-05-22,7,10936.4,328.1,5.1502,1689.78062,11828.46434,892.0643400000008
8303,15,88,2024-05-22,7,338355.0,9896.1,5.1502,50966.89422,356768.25954,18413.25954
9006,13,109,2024-05-22,7,4141.05,123.24,5.1502,634.710648,4442.974536,301.92453599999953
2380,5,47,2024-05-23,10,61230.0,1496.29,5.1443,7697.364647,76973.64647,15743.646470000007
3578,19,84,2024-05-23,7,288768.65,8456.45,5.1443,43502.51573500001,304517.61014500004,15748.96014500002
7822,2,146,2024-05-23,7,3298.4,99.02,5.1443,509.38858600000003,3565.720102,267.32010200000013
1501,44,128,2024-05-23,8,37206.0,853.09,5.1443,4388.550887,35108.407096,0.0
4638,8,60,2024-05-23,4,413253.8,22370.78,5.1443,115082.003554,460328.014216,47074.21421599999
5806,27,58,2024-05-23,8,870597.0,20157.55,5.1443,103696.484465,829571.87572,0.0
4120,6,130,2024-05-23,6,24865.0,826.87,5.1443,4253.667341,25522.004046000002,657.0040460000018
9953,16,86,2024-05-23,10,888469.45,17824.79,5.1443,91696.06719700001,916960.6719700001,28491.221970000188
3133,13,126,2024-05-23,11,27975.6,467.05,5.1443,2402.645315,26429.098465000003,0.0
1111,8,93,2024-05-23,3,286359.45,19409.47,5.1443,99848.13652100001,299544.409563,13184.959563000011
4745,47,64,2024-05-23,4,423720.9,21352.22,5.1443,109842.225346,439368.901384,15648.001384000003
8357,24,66,2024-05-23,6,75430.0,2360.29,5.1443,12142.039847,72852.239082,0.0
2330,37,78,2024-05-23,5,608808.0,24425.59,5.1443,125652.56263700001,628262.8131850001,19454.813185000094
6826,34,104,2024-05-23,4,14852.0,742.54,5.1443,3819.8485220000002,15279.394088000001,427.3940880000009
3739,4,47,2024-05-23,2,12246.0,1496.29,5.1443,7697.364647,15394.729294,3148.7292940000007
247,23,22,2024-05-23,11,412281.95,7630.67,5.1443,39254.455681,431799.012491,19517.06249099999
8419,24,84,2024-05-23,3,130272.0,8456.45,5.1443,43502.51573500001,130507.54720500002,235.5472050000244
6140,38,74,2024-05-24,10,822306.7,17160.36,5.1508,88389.582288,883895.8228800001,61589.122880000155
3597,10,145,2024-05-24,14,57853.1,875.03,5.1508,4507.104524,63099.463336,5246.363336000002
4927,21,88,2024-05-24,4,183678.7,9896.1,5.1508,50972.831880000005,203891.32752000002,20212.62752000001
371,3,57,2024-05-24,9,1015659.25,23810.02,5.1508,122640.651016,1103765.859144,88106.6091440001
1291,36,45,2024-05-24,13,128748.0,1881.33,5.1508,9690.354564,125974.60933199999,0.0
6004,8,103,2024-05-24,12,21470.0,341.7,5.1508,1760.02836,21120.34032,0.0
3265,33,4,2024-05-24,13,43964.0,679.13,5.1508,3498.062804,45474.816452,1510.8164519999991
1780,49,129,2024-05-24,6,18617.15,661.98,5.1508,3409.7265840000005,20458.359504000004,1841.2095040000022
8818,23,26,2024-05-24,8,131351.75,3378.85,5.1508,17403.78058,139230.24464,7878.49463999999
1375,46,110,2024-05-24,8,18965.8,476.03,5.1508,2451.935324,19615.482592,649.682592000001
6887,6,139,2024-05-24,10,13536.55,246.89,5.1508,1271.681012,12716.81012,0.0
602,35,39,2024-05-24,8,225209.85,5270.87,5.1508,27149.197196,217193.577568,0.0
8471,27,4,2024-05-25,15,50728.0,679.13,5.1508,3498.062804,52470.94206,1742.9420600000012
3590,32,131,2024-05-25,3,2891.0,196.2,5.1508,1010.58696,3031.76088,140.76087999999982
5943,32,17,2024-05-25,5,70194.0,2833.14,5.1508,14592.937512,72964.68756,2770.6875600000058
7620,19,13,2024-05-25,3,22078.95,1356.5,5.1508,6987.060200000001,20961.180600000003,0.0
4020,38,137,2024-05-25,5,16080.65,673.98,5.1508,3471.536184,17357.68092,1277.0309199999992
8098,1,56,2024-05-26,5,204196.8,8087.59,5.1508,41657.558572,208287.79286000002,4090.9928600000276
4541,39,72,2024-05-26,13,1295640.0,30675.48,5.1508,158003.262384,2054042.410992,758402.410992
8639,25,94,2024-05-26,5,193566.3,8022.13,5.1508,41320.387204000006,206601.93602000002,13035.636020000034
2966,27,74,2024-05-26,7,575614.5,17160.36,5.1508,88389.582288,618727.076016,43112.576016000006
1621,20,70,2024-05-26,2,65275.45,6655.06,5.1508,34278.883048,68557.766096,3282.3160960000096
7143,10,11,2024-05-26,7,253623.0,7246.24,5.1508,37323.932992,261267.530944,7644.530943999998
7661,13,137,2024-05-26,11,35378.0,673.98,5.1508,3471.536184,38186.898024,2808.898024000002
2725,24,65,2024-05-26,1,25558.0,4996.52,5.1508,25736.075216000005,25736.075216000005,178.07521600000473
5842,24,125,2024-05-26,4,12927.6,646.27,5.1508,3328.8075160000003,13315.230064000001,387.63006400000086
9464,20,54,2024-05-27,12,1385497.1,23191.9,5.1704,119911.39976,1438936.79712,53439.69711999991
1961,31,104,2024-05-27,5,17636.75,742.54,5.1704,3839.228816,19196.14408,1559.3940799999982
8174,38,132,2024-05-27,4,5939.4,314.46,5.1704,1625.8839839999998,6503.535935999999,564.1359359999997
8179,1,20,2024-05-27,15,462502.0,5689.04,5.1704,29414.612416,441219.18624,0.0
6550,41,133,2024-05-27,2,3595.75,381.67,5.1704,1973.3865680000001,3946.7731360000002,351.02313600000025
1091,3,56,2024-05-27,5,214944.0,8087.59,5.1704,41816.075336,209080.37668000002,0.0
6713,25,103,2024-05-27,15,26838.0,341.7,5.1704,1766.72568,26500.8852,0.0
3750,3,143,2024-05-27,8,33716.45,896.83,5.1704,4636.969832,37095.758656,3379.308656000001
652,22,80,2024-05-28,12,1550686.0,24177.04,5.1538,124603.62875200002,1495243.545024,0.0
8838,34,7,2024-05-28,11,203970.7,3678.62,5.1538,18958.871756,208547.589316,4576.889315999986
3736,21,111,2024-05-28,10,40709.4,860.37,5.1538,4434.174906,44341.74906,3632.3490600000005
9292,31,96,2024-05-28,3,201269.85,14776.4,5.1538,76154.61032,228463.83096000002,27193.980960000015
7492,34,112,2024-05-28,8,16575.6,430.01,5.1538,2216.185538,17729.484304,1153.8843040000029
1303,14,111,2024-05-28,14,56993.35,860.37,5.1538,4434.174906,62078.448684,5085.098684000004
1667,41,56,2024-05-28,11,449232.2,8087.59,5.1538,41681.821342,458500.034762,9267.834762000013
9490,15,131,2024-05-28,2,1830.65,196.2,5.1538,1011.17556,2022.35112,191.70111999999995
8823,21,22,2024-05-28,12,473434.0,7630.67,5.1538,39326.947046,471923.364552,0.0
5018,32,33,2024-05-28,1,6380.2,1325.97,5.1538,6833.784186000001,6833.784186000001,453.58418600000095
8782,9,103,2024-05-28,2,3399.1,341.7,5.1538,1761.05346,3522.10692,123.00692000000026
2063,17,112,2024-05-28,11,23990.0,430.01,5.1538,2216.185538,24378.040918000002,388.0409180000024
2119,45,145,2024-05-29,12,49588.1,875.03,5.1972,4547.705916,54572.470992,4984.370992000004
2537,23,136,2024-05-29,12,23682.0,390.62,5.1972,2030.130264,24361.563168,679.5631680000006
1161,13,103,2024-05-29,6,10198.25,341.7,5.1972,1775.88324,10655.299439999999,457.04943999999887
9297,36,60,2024-05-29,13,1413764.0,22370.78,5.1972,116265.41781599999,1511450.4316079998,97686.43160799984
7809,36,140,2024-05-29,15,44668.05,612.49,5.1972,3183.2330279999996,47748.49541999999,3080.445419999989
140,20,83,2024-05-29,5,640318.05,35839.7,5.1972,186266.08883999998,931330.4441999999,291012.39419999986
6657,16,14,2024-05-29,13,465544.0,7068.63,5.1972,36737.083836,477582.08986799995,12038.089867999952
2258,10,96,2024-05-29,5,353104.0,14776.4,5.1972,76795.90607999999,383979.53039999993,30875.53039999993
9640,29,149,2024-05-29,11,12160.0,225.94,5.1972,1174.2553679999999,12916.809048,756.8090479999992
5658,3,128,2024-05-29,1,4651.0,853.09,5.1972,4433.679348,4433.679348,0.0
4677,42,51,2024-05-29,13,792363.65,12243.38,5.1972,63631.294535999994,827206.8289679999,34843.17896799988
2204,16,66,2024-05-29,12,143317.0,2360.29,5.1972,12266.899188,147202.790256,3885.7902560000075
2684,39,105,2024-05-29,6,1764.15,62.64,5.1972,325.55260799999996,1953.3156479999998,189.1656479999997
9011,38,149,2024-05-30,12,13264.85,225.94,5.1972,1174.2553679999999,14091.064415999997,826.2144159999971
2839,49,21,2024-05-30,14,122284.0,1689.08,5.1972,8778.486576,122898.812064,614.8120639999979
9225,33,149,2024-05-30,2,2327.0,225.94,5.1972,1174.2553679999999,2348.5107359999997,21.510735999999724
674,14,108,2024-05-30,15,47673.85,688.83,5.1972,3579.987276,53699.80914,6025.959139999999
4900,38,55,2024-05-30,8,835903.1,22138.68,5.1972,115059.14769599999,920473.1815679999,84570.0815679999
2824,11,78,2024-05-30,9,1041061.3,24425.59,5.1972,126944.676348,1142502.087132,101440.78713199985
1705,31,115,2024-05-30,14,11628.0,167.9,5.1972,872.60988,12216.53832,588.5383199999997
8549,43,109,2024-05-30,6,3549.2,123.24,5.1972,640.5029279999999,3843.0175679999993,293.8175679999995
5427,10,137,2024-05-30,12,40626.0,673.98,5.1972,3502.8088559999997,42033.706271999996,1407.7062719999958
4394,49,73,2024-05-30,2,286320.0,28694.54,5.1972,149131.263288,298262.526576,11942.526575999975
2480,5,53,2024-05-30,9,458921.25,11332.93,5.1972,58899.503796,530095.534164,71174.28416399995
482,33,27,2024-05-30,9,148603.0,3051.23,5.1972,15857.852555999998,142720.67300399998,0.0
1465,8,132,2024-05-30,11,17193.0,314.46,5.1972,1634.3115119999998,17977.426632,784.4266319999988
1144,8,126,2024-05-30,10,26771.0,467.05,5.1972,2427.3522599999997,24273.522599999997,0.0
6916,4,130,2024-05-30,7,27558.55,826.87,5.1972,4297.408764,30081.861348,2523.3113479999993
5726,10,140,2024-05-30,14,41689.8,612.49,5.1972,3183.2330279999996,44565.262392,2875.462391999994
48,13,54,2024-05-30,15,1823022.0,23191.9,5.1972,120532.94268,1807994.1401999998,0.0
1969,37,98,2024-05-30,3,226178.85,15850.04,5.1972,82375.827888,247127.483664,20948.633663999994
8447,33,100,2024-05-31,9,941402.0,19807.28,5.2416,103821.838848,934396.549632,0.0
4116,34,65,2024-05-31,13,332250.0,4996.52,5.2416,26189.759232000004,340466.87001600006,8216.870016000059
2375,49,116,2024-05-31,14,34254.15,502.24,5.2416,2632.541184,36855.576576,2601.426575999998
8135,21,51,2024-05-31,6,365706.3,12243.38,5.2416,64174.900607999996,385049.403648,19343.10364799999
3500,28,73,2024-05-31,2,286320.0,28694.54,5.2416,150405.30086400002,300810.60172800004,14490.601728000038
719,32,89,2024-05-31,7,523208.7,14832.32,5.2416,77745.088512,544215.619584,21006.91958399996
3499,6,106,2024-05-31,9,39464.0,918.37,5.2416,4813.7281920000005,43323.553728000006,3859.5537280000062
5610,44,140,2024-05-31,2,5955.55,612.49,5.2416,3210.427584,6420.855168,465.30516799999987
6623,33,136,2024-05-31,2,3749.65,390.62,5.2416,2047.473792,4094.947584,345.2975839999999
4850,22,25,2024-05-31,5,57600.4,2430.59,5.2416,12740.180544,63700.902720000006,6100.502720000004
6409,37,115,2024-05-31,15,12459.0,167.9,5.2416,880.06464,13200.9696,741.9696000000004
9950,44,75,2024-05-31,9,294915.0,6193.58,5.2416,32464.268928,292178.420352,0.0
6108,34,13,2024-05-31,14,103036.05,1356.5,5.2416,7110.2304,99543.2256,0.0
3094,30,150,2024-05-31,11,17196.9,332.26,5.2416,1741.574016,19157.314176,1960.4141759999984
9338,15,115,2024-05-31,11,9136.0,167.9,5.2416,880.06464,9680.71104,544.7110400000001
4941,45,72,2024-05-31,14,1395305.0,30675.48,5.2416,160788.595968,2251040.343552,855735.3435519999
2299,40,42,2024-05-31,3,17080.05,1263.57,5.2416,6623.128511999999,19869.385535999998,2789.3355359999987
7445,32,25,2024-06-01,2,23040.35,2430.59,5.2416,12740.180544,25480.361088,2440.011088000003
7447,14,134,2024-06-01,3,13445.35,948.15,5.2416,4969.82304,14909.469120000002,1464.1191200000012
809,13,94,2024-06-01,12,464559.5,8022.13,5.2416,42048.796608000004,504585.55929600005,40026.05929600005
3362,37,48,2024-06-01,11,162100.0,2940.57,5.2416,15413.291712,169546.208832,7446.208832000004
4672,2,126,2024-06-01,6,15258.9,467.05,5.2416,2448.08928,14688.53568,0.0
5172,13,139,2024-06-01,11,15674.0,246.89,5.2416,1294.098624,14235.084864,0.0
7825,24,106,2024-06-01,13,54152.85,918.37,5.2416,4813.7281920000005,62578.46649600001,8425.61649600001
390,30,9,2024-06-01,9,357350.0,7544.56,5.2416,39545.565696000005,355910.09126400005,0.0
8610,31,31,2024-06-01,11,91114.0,1686.13,5.2416,8838.019008000001,97218.20908800002,6104.209088000018
6592,39,60,2024-06-01,14,1446389.25,22370.78,5.2416,117258.680448,1641621.526272,195232.27627200005
2825,12,150,2024-06-01,2,3291.0,332.26,5.2416,1741.574016,3483.148032,192.14803200000006
1579,21,79,2024-06-01,9,595322.0,13344.4,5.2416,69946.00704,629514.06336,34192.06336000003
1050,24,62,2024-06-01,1,97110.9,20000.78,5.2416,104836.088448,104836.088448,7725.188448000001
600,36,73,2024-06-01,13,1768025.05,28694.54,5.2416,150405.30086400002,1955268.9112320002,187243.86123200017
2659,37,126,2024-06-02,14,35605.05,467.05,5.2416,2448.08928,34273.24992,0.0
3591,6,31,2024-06-02,14,110165.8,1686.13,5.2416,8838.019008000001,123732.26611200001,13566.46611200001
2457,33,27,2024-06-02,3,47057.3,3051.23,5.2416,15993.327168,47979.981503999996,922.6815039999929
7355,48,108,2024-06-02,14,46838.0,688.83,5.2416,3610.5713280000004,50547.998592,3709.9985920000036
1642,42,46,2024-06-02,7,34886.0,1000.64,5.2416,5244.954624,36714.682368,1828.6823680000016
702,20,16,2024-06-02,8,240048.0,6212.42,5.2416,32563.020672000002,260504.16537600002,20456.16537600002
7958,31,1,2024-06-02,9,298103.0,6633.66,5.2416,34770.992256,312938.930304,14835.93030399998
5455,12,132,2024-06-02,2,3126.0,314.46,5.2416,1648.273536,3296.547072,170.54707199999984
2257,15,111,2024-06-02,14,59993.0,860.37,5.2416,4509.715392,63136.015488000005,3143.0154880000046
9841,41,52,2024-06-02,3,41112.0,2634.69,5.2416,13809.991104,41429.973312,317.9733120000019
592,21,133,2024-06-02,4,7192.45,381.67,5.2416,2000.561472,8002.245888,809.7958880000006
1061,17,82,2024-06-02,15,735785.45,9770.29,5.2416,51211.952064000005,768179.2809600001,32393.830960000167
5234,2,114,2024-06-02,6,4796.0,152.46,5.2416,799.1343360000001,4794.806016,0.0
4803,24,31,2024-06-03,11,91114.0,1686.13,5.2373,8830.768649000001,97138.45513900001,6024.455139000012
3606,11,128,2024-06-03,11,48600.1,853.09,5.2373,4467.8882570000005,49146.77082700001,546.670827000009
6820,22,81,2024-06-03,6,696246.45,23685.5,5.2373,124048.06915000001,744288.4149000001,48041.96490000014
5560,28,75,2024-06-03,3,93389.75,6193.58,5.2373,32437.636534,97312.909602,3923.1596019999997
3398,19,126,2024-06-03,4,10172.6,467.05,5.2373,2446.080965,9784.32386,0.0
4169,7,23,2024-06-03,8,89429.0,2244.66,5.2373,11755.957818,94047.662544,4618.662544000006
5973,40,129,2024-06-03,11,34131.6,661.98,5.2373,3466.9878540000004,38136.866394000004,4005.2663940000057
3397,27,8,2024-06-03,2,9469.6,947.05,5.2373,4959.984965,9919.96993,450.36992999999893
5485,2,76,2024-06-03,3,422365.25,28642.87,5.2373,150011.303051,450033.909153,27668.659152999986
1360,14,30,2024-06-03,2,61271.2,6558.44,5.2373,34348.517812,68697.035624,7425.835623999999
8674,10,54,2024-06-03,3,346373.8,23191.9,5.2373,121462.93787000001,364388.81361,18015.013610000024
5481,11,39,2024-06-03,3,88898.0,5270.87,5.2373,27605.127451,82815.382353,0.0
8773,35,53,2024-06-03,12,611895.0,11332.93,5.2373,59353.95428900001,712247.4514680001,100352.45146800007
8927,43,52,2024-06-03,13,169245.35,2634.69,5.2373,13798.661937,179382.60518100002,10137.255181000015
1477,33,144,2024-06-04,3,6642.0,444.87,5.2687,2343.886569,7031.659706999999,389.6597069999989
1086,33,32,2024-06-04,15,187537.0,2430.64,5.2687,12806.312967999998,192094.69451999996,4557.694519999961
7616,9,38,2024-06-04,13,326795.25,5439.42,5.2687,28658.672154,372562.738002,45767.48800200003
41,46,34,2024-06-04,3,14753.0,951.66,5.2687,5014.011042,15042.033126,289.03312600000027
3509,10,33,2024-06-04,7,44659.5,1325.97,5.2687,6986.138139,48902.966972999995,4243.466972999995
6719,22,50,2024-06-04,2,22552.0,2378.45,5.2687,12531.339515,25062.67903,2510.6790299999993
1672,41,8,2024-06-04,3,14204.4,947.05,5.2687,4989.7223349999995,14969.167005,764.7670049999997
5666,36,116,2024-06-04,11,28331.0,502.24,5.2687,2646.151888,29107.670768,776.670768
3117,37,5,2024-06-04,11,247341.05,4752.24,5.2687,25038.126888,275419.395768,28078.345768
4717,19,61,2024-06-04,15,420279.0,5396.92,5.2687,28434.752404,426521.28605999995,6242.286059999955
6316,41,99,2024-06-04,9,917130.0,21330.89,5.2687,112386.060143,1011474.541287,94344.54128699994
3575,14,150,2024-06-04,2,3126.45,332.26,5.2687,1750.578262,3501.156524,374.7065240000002
5574,5,46,2024-06-05,4,19935.0,1000.64,5.2841,5287.4818239999995,21149.927295999998,1214.927295999998
2776,4,27,2024-06-05,8,125487.4,3051.23,5.2841,16123.004442999998,128984.03554399998,3496.6355439999897
7869,1,107,2024-06-05,4,5751.3,311.59,5.2841,1646.4727189999996,6585.890875999999,834.5908759999984
2083,10,53,2024-06-05,8,429400.0,11332.93,5.2841,59884.33541299999,479074.68330399995,49674.68330399995
6236,33,7,2024-06-05,3,58556.0,3678.62,5.2841,19438.195942,58314.587825999995,0.0
7974,12,110,2024-06-05,14,34937.0,476.03,5.2841,2515.3901229999997,35215.46172199999,278.46172199999273
1795,3,18,2024-06-05,3,75731.15,5265.1,5.2841,27821.31491,83463.94473,7732.794730000009
4219,44,34,2024-06-05,7,32701.85,951.66,5.2841,5028.666606,35200.666242,2498.816242000001
1547,49,71,2024-06-05,14,1822437.0,27484.92,5.2841,145233.06577199997,2033262.9208079996,210825.92080799956
5654,5,20,2024-06-05,5,146458.65,5689.04,5.2841,30061.456263999997,150307.28131999998,3848.631319999986
5977,27,108,2024-06-05,15,47673.85,688.83,5.2841,3639.846603,54597.699045,6923.849045000003
6166,11,29,2024-06-05,7,242793.4,7689.63,5.2841,40632.773882999994,284429.41718099994,41636.017180999945
5021,16,107,2024-06-05,13,18690.3,311.59,5.2841,1646.4727189999996,21404.145346999994,2713.845346999995
4617,33,107,2024-06-05,1,1437.35,311.59,5.2841,1646.4727189999996,1646.4727189999996,209.12271899999973
6725,26,119,2024-06-06,3,9767.0,669.88,5.2681,3528.994828,10586.984484,819.9844840000005
9973,46,135,2024-06-06,13,21379.0,328.1,5.2681,1728.46361,22470.02693,1091.02693
8722,7,148,2024-06-06,5,23928.0,979.78,5.2681,5161.579017999999,25807.895089999998,1879.8950899999982
2080,34,29,2024-06-06,15,520272.25,7689.63,5.2681,40509.739803,607646.097045,87373.84704499994
1297,1,33,2024-06-06,2,12760.4,1325.97,5.2681,6985.342557,13970.685114,1210.2851140000002
8909,48,91,2024-06-06,12,1537700.4,27671.77,5.2681,145777.651537,1749331.818444,211631.41844400018
551,23,27,2024-06-06,1,16511.0,3051.23,5.2681,16074.184763,16074.184763,0.0
8843,3,67,2024-06-06,12,977995.55,16720.73,5.2681,88086.47771299999,1057037.732556,79042.18255599984
7241,10,125,2024-06-06,6,20412.0,646.27,5.2681,3404.6149869999995,20427.689921999998,15.68992199999775
7340,8,30,2024-06-06,10,306355.05,6558.44,5.2681,34550.517764,345505.17763999995,39150.12763999996
5336,42,25,2024-06-06,2,23040.35,2430.59,5.2681,12804.591179,25609.182358,2568.8323579999997
2134,13,58,2024-06-06,4,413533.1,20157.55,5.2681,106191.98915499999,424767.95661999995,11234.856619999977
7361,11,89,2024-06-06,9,672696.9,14832.32,5.2681,78138.14499199999,703243.3049279999,30546.40492799983
3617,39,4,2024-06-06,3,10146.0,679.13,5.2681,3577.7247529999995,10733.174259,587.1742589999994
1475,17,59,2024-06-06,6,496847.15,17522.59,5.2681,92310.756379,553864.5382739999,57017.38827399991
6809,24,111,2024-06-07,3,12213.2,860.37,5.2802,4542.925674,13628.777022,1415.5770219999995
359,15,26,2024-06-07,4,65676.35,3378.85,5.2802,17841.00377,71364.01508,5687.665079999992
3149,49,68,2024-06-07,5,334486.0,13317.89,5.2802,70321.12277799999,351605.6138899999,17119.61388999992
900,19,146,2024-06-07,14,6944.0,99.02,5.2802,522.8454039999999,7319.835655999999,375.8356559999993
5634,36,86,2024-06-07,9,841708.0,17824.79,5.2802,94118.456158,847066.105422,5358.1054220000515
3745,22,93,2024-06-07,11,1105247.0,19072.72,5.2802,100707.776144,1107785.537584,2538.5375840000343
8798,37,90,2024-06-07,7,553681.0,16081.27,5.2802,84912.321854,594386.252978,40705.252977999975
6204,27,56,2024-06-07,8,326714.5,8087.59,5.2802,42704.092718,341632.741744,14918.241743999999
8819,11,6,2024-06-07,14,165483.0,2394.79,5.2802,12644.970158,177029.582212,11546.582212000008
4524,7,1,2024-06-07,2,62932.75,6633.66,5.2802,35027.051532,70054.103064,7121.353063999995
194,9,52,2024-06-07,6,82225.0,2634.69,5.2802,13911.690138,83470.140828,1245.1408280000032
7606,22,142,2024-06-07,12,9421.15,169.88,5.2802,897.000376,10764.004512,1342.8545119999999
9522,23,76,2024-06-08,3,444595.0,28642.87,5.2802,151240.08217399998,453720.24652199994,9125.246521999943
2650,42,70,2024-06-08,10,326376.3,6655.06,5.2802,35140.047812,351400.47812,25024.178119999997
5751,49,116,2024-06-08,7,17127.55,502.24,5.2802,2651.927648,18563.493535999998,1435.9435359999989
1937,33,22,2024-06-08,14,524723.0,7630.67,5.2802,40291.463734,564080.492276,39357.492275999975
9451,39,120,2024-06-08,7,21871.0,635.45,5.2802,3355.30309,23487.121629999998,1616.1216299999978
9521,45,139,2024-06-08,10,13536.55,246.89,5.2802,1303.6285779999998,13036.285779999998,0.0
6934,49,104,2024-06-08,2,7054.7,742.54,5.2802,3920.7597079999996,7841.519415999999,786.8194159999994
9241,17,9,2024-06-08,14,555877.0,7544.56,5.2802,39836.785712,557714.999968,1837.9999679999892
9362,30,28,2024-06-08,5,67728.35,2776.74,5.2802,14661.742547999998,73308.71273999999,5580.362739999982
5847,17,94,2024-06-08,2,81502.0,8022.13,5.2802,42358.450826,84716.901652,3214.9016520000005
4031,44,95,2024-06-08,11,729493.6,12945.63,5.2802,68355.51552599999,751910.6707859999,22417.07078599988
7282,16,129,2024-06-08,2,6205.4,661.98,5.2802,3495.386796,6990.773592,785.3735919999999
5365,1,135,2024-06-08,5,8223.0,328.1,5.2802,1732.43362,8662.1681,439.1681000000008
679,43,133,2024-06-08,2,3785.0,381.67,5.2802,2015.293934,4030.587868,245.58786800000007
767,43,63,2024-06-08,1,132960.1,27618.14,5.2802,145829.30282799999,145829.30282799999,12869.20282799998
455,39,13,2024-06-09,5,38736.0,1356.5,5.2802,7162.5913,35812.9565,0.0
6627,12,147,2024-06-09,12,36361.0,592.19,5.2802,3126.8816380000003,37522.579656,1161.5796560000017
5619,6,74,2024-06-09,6,519351.0,17160.36,5.2802,90610.132872,543660.797232,24309.79723200004
8114,8,107,2024-06-09,11,16647.0,311.59,5.2802,1645.257518,18097.832698,1450.8326979999983
2140,40,112,2024-06-09,15,31078.3,430.01,5.2802,2270.538802,34058.08203,2979.7820299999985
1089,4,55,2024-06-09,10,1099872.0,22138.68,5.2802,116896.658136,1168966.58136,69094.58135999995
5320,4,136,2024-06-09,5,9868.0,390.62,5.2802,2062.551724,10312.75862,444.7586200000005
7696,42,8,2024-06-09,2,9968.0,947.05,5.2802,5000.61341,10001.22682,33.22681999999986
2923,3,133,2024-06-09,4,7571.0,381.67,5.2802,2015.293934,8061.175736,490.17573600000014
6750,2,116,2024-06-09,7,17127.55,502.24,5.2802,2651.927648,18563.493535999998,1435.9435359999989
8170,37,130,2024-06-09,10,41441.0,826.87,5.2802,4366.038974,43660.38974,2219.3897399999987
756,21,100,2024-06-09,4,397480.95,19807.28,5.2802,104586.39985599999,418345.59942399996,20864.649423999945
1589,30,131,2024-06-09,6,5782.0,196.2,5.2802,1035.97524,6215.85144,433.85144000000037
3074,18,82,2024-06-09,14,722877.0,9770.29,5.2802,51589.085258,722247.193612,0.0
7575,20,67,2024-06-10,3,257367.0,16720.73,5.3666,89733.469618,269200.40885400004,11833.408854000038
2553,24,150,2024-06-10,1,1646.0,332.26,5.3666,1783.106516,1783.106516,137.10651600000006
4533,19,39,2024-06-10,4,112604.45,5270.87,5.3666,28286.650942,113146.603768,542.1537680000038
4525,20,140,2024-06-10,8,25077.0,612.49,5.3666,3286.988834,26295.910672,1218.9106720000018
3245,42,93,2024-06-10,11,1049984.65,19072.72,5.3666,102355.65915200001,1125912.250672,75927.60067200009
3731,39,52,2024-06-10,11,143207.75,2634.69,5.3666,14139.327354000001,155532.600894,12324.850894000003
1647,48,35,2024-06-10,10,110055.0,2106.85,5.3666,11306.62121,113066.21209999999,3011.2120999999897
976,6,77,2024-06-10,2,89409.0,8959.75,5.3666,48083.39435,96166.7887,6757.788700000005
1808,39,21,2024-06-10,5,43673.0,1689.08,5.3666,9064.616727999999,45323.08364,1650.083639999997
5280,49,130,2024-06-10,10,41441.0,826.87,5.3666,4437.480542,44374.805420000004,2933.8054200000042
8977,41,27,2024-06-10,8,132092.0,3051.23,5.3666,16374.730918000001,130997.84734400001,0.0
7014,34,97,2024-06-10,5,676675.0,25607.88,5.3666,137427.248808,687136.24404,10461.24404000002
730,43,148,2024-06-10,15,71783.0,979.78,5.3666,5258.087348,78871.31022,7088.310219999999
4663,26,90,2024-06-10,12,901709.6,16081.27,5.3666,86301.74358200001,1035620.9229840001,133911.3229840001
8769,3,103,2024-06-10,3,5099.6,341.7,5.3666,1833.76722,5501.30166,401.7016599999997
5349,43,98,2024-06-11,8,603144.55,15850.04,5.3524,84835.754096,678686.032768,75541.48276799999
1661,22,107,2024-06-11,14,20127.65,311.59,5.3524,1667.754316,23348.560424,3220.910423999998
8845,21,97,2024-06-11,14,1799956.45,25607.88,5.3524,137063.61691200003,1918890.6367680004,118934.18676800048
2625,34,35,2024-06-11,4,44022.0,2106.85,5.3524,11276.70394,45106.81576,1084.8157599999977
9878,1,127,2024-06-11,7,10845.0,296.24,5.3524,1585.594976,11099.164832,254.1648320000004
5459,19,111,2024-06-11,10,40709.4,860.37,5.3524,4605.044388,46050.443880000006,5341.043880000005
6354,19,22,2024-06-11,10,374802.55,7630.67,5.3524,40842.398108,408423.98108,33621.43108000001
5179,21,110,2024-06-11,11,26078.45,476.03,5.3524,2547.902972,28026.932692,1948.4826919999978
6974,43,5,2024-06-11,4,89942.2,4752.24,5.3524,25435.889376,101743.557504,11801.357504
3173,12,77,2024-06-11,4,178819.0,8959.75,5.3524,47956.1659,191824.6636,13005.6636
5987,24,34,2024-06-11,10,49175.0,951.66,5.3524,5093.664984,50936.64984,1761.6498399999982
7961,2,134,2024-06-11,15,70764.0,948.15,5.3524,5074.87806,76123.1709,5359.170899999997
3901,28,70,2024-06-11,5,171777.0,6655.06,5.3524,35620.543144,178102.71572,6325.715720000007
6754,17,135,2024-06-11,8,12498.2,328.1,5.3524,1756.12244,14048.97952,1550.77952
2203,10,78,2024-06-11,8,974092.0,24425.59,5.3524,130735.527916,1045884.223328,71792.22332800005
2568,25,133,2024-06-11,6,11356.0,381.67,5.3524,2042.8505080000002,12257.103048,901.1030480000009
9099,34,25,2024-06-11,3,36379.0,2430.59,5.3524,13009.489916000002,39028.469748,2649.469748000003
6155,33,26,2024-06-12,14,241965.0,3378.85,5.3891,18208.960535,254925.44749,12960.447489999991
5028,23,103,2024-06-12,4,6799.15,341.7,5.3891,1841.4554699999999,7365.8218799999995,566.6718799999999
5260,12,73,2024-06-12,3,429480.0,28694.54,5.3891,154637.745514,463913.236542,34433.23654200003
989,17,62,2024-06-12,3,291332.7,20000.78,5.3891,107786.20349799999,323358.61049399996,32025.910493999952
113,28,28,2024-06-12,9,121910.65,2776.74,5.3891,14964.129534,134677.165806,12766.51580600001
1834,16,45,2024-06-12,9,89133.0,1881.33,5.3891,10138.675503,91248.07952700001,2115.079527000009
9854,10,128,2024-06-12,7,30927.25,853.09,5.3891,4597.387319,32181.711233,1254.4612330000018
6442,20,109,2024-06-12,12,7472.0,123.24,5.3891,664.152684,7969.832208,497.8322079999998
3634,35,36,2024-06-12,15,339021.0,4476.41,5.3891,24123.821131,361857.316965,22836.316965000005
463,7,26,2024-06-12,14,241965.0,3378.85,5.3891,18208.960535,254925.44749,12960.447489999991
9917,33,43,2024-06-12,13,456259.0,6219.32,5.3891,33516.537412,435714.98635599995,0.0
8914,33,4,2024-06-13,4,13528.0,679.13,5.3974,3665.536262,14662.145048,1134.1450480000003
4742,27,98,2024-06-13,11,872972.0,15850.04,5.3974,85549.005896,941039.064856,68067.06485600001
8783,26,31,2024-06-13,13,102296.0,1686.13,5.3974,9100.718062000002,118309.33480600003,16013.334806000028
5926,6,45,2024-06-13,11,108941.0,1881.33,5.3974,10154.290542,111697.19596200001,2756.1959620000125
7715,3,5,2024-06-13,6,142014.0,4752.24,5.3974,25649.740176,153898.441056,11884.44105600001
3907,48,133,2024-06-13,10,18927.0,381.67,5.3974,2060.025658,20600.25658,1673.2565800000011
2928,20,65,2024-06-13,1,24280.1,4996.52,5.3974,26968.217048000002,26968.217048000002,2688.1170480000037
6646,20,34,2024-06-13,6,28029.75,951.66,5.3974,5136.489684,30818.938104,2789.1881040000007
3647,25,50,2024-06-13,6,64273.2,2378.45,5.3974,12837.44603,77024.67618,12751.476179999998
4959,28,115,2024-06-13,5,4153.0,167.9,5.3974,906.22346,4531.1173,378.1172999999999
7611,12,66,2024-06-13,4,47772.65,2360.29,5.3974,12739.429246,50957.716984,3185.0669839999973
2502,2,16,2024-06-13,15,427585.5,6212.42,5.3974,33530.915708,502963.73562,75378.23561999999
8473,35,124,2024-06-13,7,25070.5,725.63,5.3974,3916.515362,27415.607534000002,2345.1075340000025
7513,46,118,2024-06-13,1,4315.0,893.4,5.3974,4822.03716,4822.03716,507.03715999999986
6233,3,119,2024-06-13,12,39070.0,669.88,5.3974,3615.6103120000002,43387.323744,4317.323744000001
269,4,82,2024-06-13,8,413072.0,9770.29,5.3974,52734.163246000004,421873.30596800003,8801.30596800003
4476,17,108,2024-06-13,10,31783.2,688.83,5.3974,3717.891042,37178.91042,5395.710419999999
6209,12,81,2024-06-13,8,928328.6,23685.5,5.3974,127840.1177,1022720.9416,94392.34160000004
5386,48,147,2024-06-14,1,2878.5,592.19,5.363,3175.9149700000007,3175.9149700000007,297.4149700000007
6150,11,147,2024-06-14,14,42421.0,592.19,5.363,3175.9149700000007,44462.80958000001,2041.8095800000083
8879,12,51,2024-06-14,14,853314.7,12243.38,5.363,65661.24694,919257.45716,65942.75716000004
8870,8,82,2024-06-14,11,567974.0,9770.29,5.363,52398.06527000001,576378.7179700001,8404.717970000114
6468,7,122,2024-06-14,10,13225.0,271.3,5.363,1454.9819000000002,14549.819000000003,1324.8190000000031
3817,18,33,2024-06-14,11,70179.35,1325.97,5.363,7111.1771100000005,78222.94821,8043.5982099999965
1348,15,66,2024-06-14,10,119430.2,2360.29,5.363,12658.235270000001,126582.35270000002,7152.152700000021
9208,1,91,2024-06-14,4,512566.8,27671.77,5.363,148403.70251,593614.81004,81048.01004000002
5495,39,143,2024-06-14,7,31055.0,896.83,5.363,4809.6992900000005,33667.89503,2612.8950299999997
5273,33,121,2024-06-14,10,35095.85,747.93,5.363,4011.1485900000002,40111.4859,5015.635900000001
5207,4,20,2024-06-14,1,30833.0,5689.04,5.363,30510.32152,30510.32152,0.0
2574,4,92,2024-06-14,4,355416.0,16745.97,5.363,89808.63711000001,359234.54844000004,3818.5484400000423
2669,19,93,2024-06-15,1,100477.0,19072.72,5.363,102286.99736000001,102286.99736000001,1809.9973600000085
8876,42,113,2024-06-15,7,30765.0,815.5,5.363,4373.5265,30614.6855,0.0
337,35,137,2024-06-15,13,44011.0,673.98,5.363,3614.5547400000005,46989.21162000001,2978.211620000009
4349,26,136,2024-06-15,3,5624.0,390.62,5.363,2094.8950600000003,6284.68518,660.6851800000004
1094,1,13,2024-06-15,11,80957.1,1356.5,5.363,7274.909500000001,80024.00450000001,0.0
2533,13,18,2024-06-15,14,372014.0,5265.1,5.363,28236.731300000003,395314.2382,23300.23820000002
5146,11,59,2024-06-15,2,174332.0,17522.59,5.363,93973.65017000001,187947.30034000002,13615.300340000016
1765,2,133,2024-06-15,6,11356.0,381.67,5.363,2046.8962100000003,12281.377260000001,925.3772600000011
5880,14,28,2024-06-15,6,81273.45,2776.74,5.363,14891.65662,89349.93972,8076.489719999998
9810,24,3,2024-06-15,1,8572.8,1753.77,5.363,9405.46851,9405.46851,832.6685100000013
141,29,127,2024-06-15,5,7359.65,296.24,5.363,1588.7351200000003,7943.675600000001,584.0256000000018
2073,43,116,2024-06-15,11,28331.0,502.24,5.363,2693.51312,29628.64432,1297.6443199999994
2594,3,147,2024-06-15,1,3030.0,592.19,5.363,3175.9149700000007,3175.9149700000007,145.91497000000072
7991,7,15,2024-06-15,15,397571.2,5267.98,5.363,28252.17674,423782.65109999996,26211.451099999947
8990,49,22,2024-06-15,4,149920.45,7630.67,5.363,40923.28321,163693.13284,13772.682839999994
5074,5,85,2024-06-15,2,77157.0,7885.27,5.363,42288.703010000005,84577.40602000001,7420.406020000009
4036,23,8,2024-06-16,8,39873.0,947.05,5.363,5079.02915,40632.2332,759.2332000000024
4707,45,61,2024-06-16,1,26618.05,5396.92,5.363,28943.68196,28943.68196,2325.6319600000024
759,2,46,2024-06-16,15,74757.0,1000.64,5.363,5366.432320000001,80496.4848,5739.484800000006
6272,2,7,2024-06-16,9,166885.55,3678.62,5.363,19728.43906,177555.95154,10670.40154000002
2531,48,104,2024-06-16,13,45855.55,742.54,5.363,3982.24202,51769.14626,5913.596259999998
3914,38,16,2024-06-16,13,390078.0,6212.42,5.363,33317.20846,433123.70998000004,43045.70998000004
9749,1,17,2024-06-16,10,140388.0,2833.14,5.363,15194.12982,151941.2982,11553.29819999999
9134,35,73,2024-06-16,11,1496021.05,28694.54,5.363,153888.81802,1692776.99822,196755.9482199999
7265,36,89,2024-06-16,8,597952.8,14832.32,5.363,79545.73216,636365.85728,38413.05727999995
2474,8,9,2024-06-17,9,339482.5,7544.56,5.413,40838.70328,367548.32952,28065.82952000003
3106,31,88,2024-06-17,8,386692.0,9896.1,5.413,53567.58930000001,428540.71440000006,41848.714400000055
5792,11,121,2024-06-17,9,33248.0,747.93,5.413,4048.54509,36436.905810000004,3188.905810000004
3234,6,62,2024-06-17,4,408888.0,20000.78,5.413,108264.22214,433056.88856,24168.888559999992
9905,45,5,2024-06-17,15,355035.0,4752.24,5.413,25723.87512,385858.1268,30823.126800000027
7281,17,50,2024-06-17,2,21424.4,2378.45,5.413,12874.54985,25749.0997,4324.699699999997
3356,15,3,2024-06-17,13,111448.3,1753.77,5.413,9493.15701,123411.04113000001,11962.74113000001
3776,37,57,2024-06-17,12,1354212.65,23810.02,5.413,128883.63826,1546603.65912,192391.00912000006
3781,21,76,2024-06-17,2,296396.0,28642.87,5.413,155043.85531,310087.71062,13691.710620000027
5085,8,84,2024-06-17,12,521087.0,8456.45,5.413,45774.76385,549297.1662000001,28210.166200000094
7409,13,45,2024-06-17,12,112902.75,1881.33,5.413,10183.639290000001,122203.67148000002,9300.921480000019
3296,46,13,2024-06-17,7,51518.5,1356.5,5.413,7342.7345000000005,51399.141500000005,0.0
417,41,85,2024-06-17,9,347208.0,7885.27,5.413,42682.966510000006,384146.69859000004,36938.69859000004
2509,12,34,2024-06-17,15,70074.85,951.66,5.413,5151.33558,77270.0337,7195.183699999994
4254,16,11,2024-06-17,5,181160.0,7246.24,5.413,39223.89712,196119.4856,14959.485600000015
4827,34,98,2024-06-17,1,79361.0,15850.04,5.413,85796.26652,85796.26652,6435.266520000005
7702,11,89,2024-06-18,3,236034.0,14832.32,5.4074,80204.287168,240612.86150399997,4578.861503999971
2452,40,110,2024-06-18,8,19964.0,476.03,5.4074,2574.084622,20592.676976,628.6769759999988
2565,44,115,2024-06-18,2,1661.0,167.9,5.4074,907.90246,1815.80492,154.80492000000004
4084,32,60,2024-06-18,10,1033135.45,22370.78,5.4074,120967.75577199999,1209677.55772,176542.10771999997
1019,36,49,2024-06-18,9,113409.1,2627.0,5.4074,14205.2398,127847.15819999999,14438.058199999985
509,35,132,2024-06-18,9,14067.0,314.46,5.4074,1700.4110039999998,15303.699035999998,1236.6990359999982
6177,24,59,2024-06-18,10,871661.0,17522.59,5.4074,94751.653166,947516.5316600001,75855.5316600001
7795,30,39,2024-06-18,1,28151.35,5270.87,5.4074,28501.702438,28501.702438,350.3524380000017
4301,1,93,2024-06-18,2,200954.0,19072.72,5.4074,103133.826128,206267.652256,5313.652256000001
1463,26,107,2024-06-18,10,14377.3,311.59,5.4074,1684.891766,16848.91766,2471.61766
2528,5,132,2024-06-18,15,23445.0,314.46,5.4074,1700.4110039999998,25506.165059999996,2061.1650599999957
8673,20,138,2024-06-18,15,59608.7,836.88,5.4074,4525.344912,67880.17367999999,8271.473679999996
9909,26,2,2024-06-19,11,153980.0,2829.74,5.4647,15463.680177999999,170100.481958,16120.48195799999
6083,33,11,2024-06-19,12,413043.85,7246.24,5.4647,39598.527727999994,475182.33273599995,62138.482735999976
7849,46,76,2024-06-19,4,563153.35,28642.87,5.4647,156524.691689,626098.766756,62945.41675600002
6269,18,124,2024-06-19,6,21489.0,725.63,5.4647,3965.3502609999996,23792.101565999998,2303.1015659999975
9109,32,35,2024-06-19,14,146373.15,2106.85,5.4647,11513.303194999999,161186.24472999998,14813.094729999983
6834,42,100,2024-06-19,12,1255203.0,19807.28,5.4647,108240.84301599998,1298890.1161919998,43687.116191999754
3691,45,67,2024-06-19,1,85789.0,16720.73,5.4647,91373.773231,91373.773231,5584.773230999999
2882,30,12,2024-06-19,4,10359.75,527.97,5.4647,2885.197659,11540.790636,1181.0406359999997
1851,22,58,2024-06-19,14,1523544.0,20157.55,5.4647,110154.96348499999,1542169.4887899999,18625.488789999858
9974,8,127,2024-06-19,6,8831.2,296.24,5.4647,1618.862728,9713.176368,881.9763679999996
580,22,146,2024-06-20,14,6596.8,99.02,5.4254,537.2231079999999,7521.123511999998,924.3235119999981
4419,23,6,2024-06-20,11,123520.9,2394.79,5.4254,12992.693666,142919.63032599998,19398.73032599999
8258,1,53,2024-06-20,5,254956.25,11332.93,5.4254,61485.678422,307428.39211,52472.142110000015
3018,38,131,2024-06-20,1,915.8,179.69,5.4254,974.8901259999999,974.8901259999999,59.09012599999994
2201,26,17,2024-06-20,6,80021.35,2833.14,5.4254,15370.917755999999,92225.506536,12204.156535999995
7875,14,60,2024-06-20,12,1239762.35,22370.78,5.4254,121370.42981199999,1456445.1577439997,216682.80774399964
8071,49,25,2024-06-20,7,80640.75,2430.59,5.4254,13186.922986,92308.46090199999,11667.710901999992
3129,15,81,2024-06-20,8,928328.6,23685.5,5.4254,128503.31169999999,1028026.4935999999,99697.89359999995
8295,35,106,2024-06-20,13,57003.0,918.37,5.4254,4982.524598,64772.819774,7769.819774000003
687,18,149,2024-06-20,1,1164.0,225.94,5.4254,1225.814876,1225.814876,61.81487599999991
748,8,43,2024-06-20,10,350969.0,6219.32,5.4254,33742.298727999994,337422.98727999994,0.0
5522,25,115,2024-06-20,5,4153.0,167.9,5.4254,910.92466,4554.6233,401.6233000000002
473,4,84,2024-06-20,12,495032.65,8456.45,5.4254,45879.623830000004,550555.4859600001,55522.835960000055
2137,16,65,2024-06-20,14,339917.6,4996.52,5.4254,27108.119608,379513.674512,39596.07451200002
4279,41,129,2024-06-20,15,46543.35,661.98,5.4254,3591.506292,53872.59438,7329.244380000004
7524,49,121,2024-06-20,13,45624.7,747.93,5.4254,4057.8194219999996,52751.65248599999,7126.952485999995
7211,10,144,2024-06-21,3,6309.9,444.87,5.4416,2420.804592,7262.413775999999,952.5137759999998
8617,39,148,2024-06-21,11,50008.95,885.1,5.4416,4816.36016,52979.961760000006,2971.0117600000085
4873,39,18,2024-06-21,13,345442.0,5265.1,5.4416,28650.568160000003,372457.38608,27015.386080000026
8346,27,57,2024-06-21,6,677105.85,23810.02,5.4416,129564.60483200001,777387.6289920001,100281.77899200015
2943,3,72,2024-06-21,10,996646.0,30675.48,5.4416,166923.691968,1669236.91968,672590.91968
2091,42,136,2024-06-21,7,13123.3,390.62,5.4416,2125.597792,14879.184544,1755.8845440000005
1493,10,26,2024-06-21,11,190115.0,3378.85,5.4416,18386.35016,202249.85176000002,12134.85176000002
3016,17,91,2024-06-21,15,2023290.0,27671.77,5.4416,150578.70363200002,2258680.5544800004,235390.5544800004
5442,30,65,2024-06-21,11,281135.0,4996.52,5.4416,27189.063232000004,299079.695552,17944.69555200002
5811,3,56,2024-06-22,5,214944.0,8087.59,5.4416,44009.429744,220047.14872,5103.148719999997
2385,21,43,2024-06-22,14,491356.0,6219.32,5.4416,33843.051712,473802.72396800003,0.0
5376,46,122,2024-06-22,5,6281.4,271.3,5.4416,1476.30608,7381.530400000001,1100.130400000001
8076,44,30,2024-06-22,9,275719.45,6558.44,5.4416,35688.407104,321195.66393599997,45476.21393599996
155,12,21,2024-06-22,9,78611.0,1689.08,5.4416,9191.297728,82721.679552,4110.679552000001
5957,2,129,2024-06-22,4,13065.0,661.98,5.4416,3602.2303680000005,14408.921472000002,1343.9214720000018
8841,20,126,2024-06-22,1,2543.15,467.05,5.4416,2541.49928,2541.49928,0.0
8796,49,71,2024-06-22,5,650870.0,27484.92,5.4416,149561.940672,747809.7033599999,96939.70335999993
7358,27,15,2024-06-22,6,159029.05,5267.98,5.4416,28666.239967999998,171997.439808,12968.389808000007
1783,4,37,2024-06-22,9,51878.55,1211.89,5.4416,6594.620624000001,59351.58561600001,7473.035616000008
474,9,147,2024-06-22,12,34542.95,592.19,5.4416,3222.4611040000004,38669.53324800001,4126.58324800001
4077,31,29,2024-06-22,3,104054.45,7689.63,5.4416,41843.890608,125531.671824,21477.221824000007
4558,37,17,2024-06-22,9,126349.0,2833.14,5.4416,15416.814624,138751.331616,12402.33161600001
5499,2,5,2024-06-22,9,202369.95,4752.24,5.4416,25859.789184,232738.102656,30368.15265599999
4504,44,54,2024-06-22,8,972279.0,23191.9,5.4416,126201.04304000002,1009608.3443200001,37329.34432000015
1776,31,45,2024-06-22,7,65859.7,1881.33,5.4416,10237.445328,71662.117296,5802.417296
1292,17,87,2024-06-22,9,571652.05,13597.7,5.4416,73993.24432000001,665939.1988800002,94287.14888000011
8598,25,145,2024-06-23,12,49588.1,875.03,5.4416,4761.563248,57138.758976000005,7550.658976000006
1840,27,44,2024-06-23,6,61598.95,2159.34,5.4416,11750.264544000001,70501.587264,8902.637264000005
5076,7,93,2024-06-23,3,301431.0,19072.72,5.4416,103786.113152,311358.339456,9927.339456000016
2426,42,120,2024-06-23,11,32650.55,635.45,5.4416,3457.8647200000005,38036.511920000004,5385.961920000005
365,14,112,2024-06-23,11,23990.0,406.44,5.4416,2211.683904,24328.522944,338.5229440000003
9882,32,104,2024-06-23,11,40843.0,742.54,5.4416,4040.605664,44446.662304000005,3603.662304000005
2003,5,108,2024-06-23,15,47673.85,688.83,5.4416,3748.3373280000005,56225.05992000001,8551.209920000008
6948,41,28,2024-06-23,12,171103.0,2776.74,5.4416,15109.908384,181318.900608,10215.900607999996
9473,36,19,2024-06-23,9,140496.45,3358.13,5.4416,18273.600208,164462.401872,23965.951871999976
369,27,114,2024-06-23,3,2398.0,152.46,5.4416,829.626336,2488.879008,90.87900799999989
2976,8,31,2024-06-23,5,41416.0,1686.13,5.4416,9175.245008000002,45876.225040000005,4460.225040000005
6521,5,114,2024-06-23,1,799.0,152.46,5.4416,829.626336,829.626336,30.626336000000038
2190,17,39,2024-06-23,3,84453.1,5270.87,5.4416,28681.966192,86045.898576,1592.798576000001
6013,19,13,2024-06-23,3,22078.95,1356.5,5.4416,7381.530400000001,22144.591200000003,65.64120000000185
8519,21,43,2024-06-24,6,210581.0,6219.32,5.4,33584.328,201505.968,0.0
7266,31,100,2024-06-24,1,99370.0,19807.28,5.4,106959.312,106959.312,7589.312000000005
966,24,78,2024-06-24,8,974092.0,24425.59,5.4,131898.18600000002,1055185.4880000001,81093.48800000013
6506,40,11,2024-06-24,11,398551.0,7246.24,5.4,39129.696,430426.656,31875.656000000017
3231,27,45,2024-06-24,12,112902.75,1881.33,5.4,10159.182,121910.18400000001,9007.434000000008
4885,3,87,2024-06-24,13,869179.0,13597.7,5.4,73427.58,954558.54,85379.54000000004
9809,33,115,2024-06-24,3,2367.4,167.9,5.4,906.6600000000001,2719.9800000000005,352.5800000000004
6767,1,21,2024-06-24,15,124467.1,1689.08,5.4,9121.032000000001,136815.48,12348.380000000005
4280,3,112,2024-06-24,9,18647.55,406.44,5.4,2194.7760000000003,19752.984000000004,1105.4340000000047
2040,46,132,2024-06-24,1,1563.0,314.46,5.4,1698.084,1698.084,135.08400000000006
8053,20,56,2024-06-25,15,612590.4,8087.59,5.429,43907.526110000006,658612.8916500001,46022.4916500001
9968,6,69,2024-06-25,8,362120.0,8620.92,5.429,46802.97468,374423.79744,12303.797439999995
4186,49,97,2024-06-25,12,1542819.95,25607.88,5.429,139025.18052000002,1668302.1662400002,125482.21624000021
5753,21,113,2024-06-25,7,30765.0,815.5,5.429,4427.3495,30991.446500000002,226.44650000000183
6244,38,99,2024-06-25,3,305710.0,21330.89,5.429,115805.40181,347416.20543,41706.20542999997
8212,29,47,2024-06-25,11,67353.0,1496.29,5.429,8123.35841,89356.94251,22003.942509999993
162,12,147,2024-06-25,15,43178.45,592.19,5.429,3214.9995100000006,48224.99265000001,5046.54265000001
5038,33,93,2024-06-25,7,668172.05,19072.72,5.429,103545.79688000001,724820.57816,56648.52815999999
5883,15,103,2024-06-25,10,16997.4,341.7,5.429,1855.0893,18550.893,1553.4929999999986
9308,20,54,2024-06-25,2,230916.5,23191.9,5.429,125908.82510000002,251817.65020000003,20901.150200000033
6761,19,146,2024-06-25,5,2356.0,99.02,5.429,537.57958,2687.8979,331.89789999999994
7407,13,59,2024-06-25,5,435831.0,17522.59,5.429,95130.14111000001,475650.7055500001,39819.70555000007
2795,28,8,2024-06-26,1,4734.8,947.05,5.5097,5217.961385,5217.961385,483.1613849999994
3994,3,144,2024-06-26,11,24356.0,444.87,5.5097,2451.100239,26962.102628999997,2606.1026289999973
3038,12,46,2024-06-26,6,28407.85,1000.64,5.5097,5513.226207999999,33079.35724799999,4671.507247999994
1790,27,56,2024-06-26,8,343910.0,8087.59,5.5097,44560.194622999996,356481.55698399997,12571.556983999966
7588,23,120,2024-06-26,13,38587.1,635.45,5.5097,3501.138865,45514.805244999996,6927.705244999997
9309,33,16,2024-06-26,12,360072.0,5491.48,5.5097,30256.407355999996,363076.88827199995,3004.888271999953
6433,45,104,2024-06-26,12,44556.0,742.54,5.5097,4091.1726379999996,49094.07165599999,4538.071655999993
338,44,110,2024-06-26,2,4741.45,476.03,5.5097,2622.7824909999995,5245.564981999999,504.11498199999915
3671,7,20,2024-06-27,1,29291.35,5689.04,5.5229,31419.999015999998,31419.999015999998,2128.6490159999994
9462,44,1,2024-06-27,6,188798.25,6633.66,5.5229,36637.040814,219822.24488399999,31023.994883999985
8218,44,100,2024-06-27,15,1490553.8,19807.28,5.5229,109393.626712,1640904.40068,150350.60067999992
7939,20,52,2024-06-27,10,137041.0,2634.69,5.5229,14551.129401,145511.29401,8470.294010000012
6525,7,83,2024-06-27,7,943627.0,35839.7,5.5229,197939.07912999997,1385573.5539099998,441946.5539099998
1068,30,70,2024-06-27,6,206133.0,6655.06,5.5229,36755.230874,220531.385244,14398.385244000005
3266,38,1,2024-06-27,2,66245.0,6633.66,5.5229,36637.040814,73274.081628,7029.081628
9599,2,59,2024-06-27,14,1159309.7,17522.59,5.5229,96775.512311,1354857.172354,195547.47235399997
1462,32,3,2024-06-27,2,17145.6,1753.77,5.5229,9685.896333,19371.792666,2226.1926660000026
7472,13,84,2024-06-27,3,130272.0,8456.45,5.5229,46704.127705000006,140112.38311500003,9840.383115000033
7817,18,79,2024-06-27,9,565555.9,13344.4,5.5229,73699.78676,663298.0808400001,97742.18084000004
4402,10,89,2024-06-27,4,314712.0,14832.32,5.5229,81917.420128,327669.680512,12957.680511999992
8759,7,34,2024-06-27,2,9343.25,951.66,5.5229,5255.923014,10511.846028,1168.596028
6076,9,148,2024-06-27,12,54555.65,885.1,5.5229,4888.31879,58659.82548,4104.175479999998
5073,21,136,2024-06-27,12,23682.0,390.62,5.5229,2157.355198,25888.262376000002,2206.2623760000024
8500,44,4,2024-06-27,11,35340.95,679.13,5.5229,3750.767077,41258.437847,5917.487847000004
9051,3,23,2024-06-27,6,67072.0,2244.66,5.5229,12397.032713999999,74382.19628399999,7310.196283999991
7840,20,75,2024-06-27,7,217910.05,6193.58,5.5229,34206.522982,239445.66087400002,21535.610874000035
8476,47,22,2024-06-27,12,449762.3,7630.67,5.5229,42143.427343,505721.12811600004,55958.82811600005
4692,44,71,2024-06-28,1,123665.3,27484.92,5.5589,152785.921788,152785.921788,29120.621788000004
6606,33,36,2024-06-28,13,293818.0,4476.41,5.5589,24883.915549,323490.902137,29672.902136999997
2573,22,133,2024-06-28,13,24605.0,381.67,5.5589,2121.665363,27581.649719,2976.649719000001
2220,41,6,2024-06-28,11,130022.0,2172.43,5.5589,12076.321127,132839.532397,2817.5323970000027
9705,34,51,2024-06-28,4,243804.2,12243.38,5.5589,68059.725082,272238.900328,28434.700328000006
493,24,40,2024-06-28,1,13474.8,2867.26,5.5589,15938.811614000002,15938.811614000002,2464.0116140000027
1335,18,22,2024-06-28,3,118359.0,7630.67,5.5589,42418.131463000005,127254.39438900002,8895.394389000023
9107,4,35,2024-06-28,10,110055.0,2106.85,5.5589,11711.768465000001,117117.68465000001,7062.68465000001
2044,26,21,2024-06-28,7,58084.9,1689.08,5.5589,9389.426812,65725.98768399999,7641.087683999991
5109,38,93,2024-06-28,4,401908.0,19072.72,5.5589,106023.34320800002,424093.3728320001,22185.37283200008
6563,23,97,2024-06-28,10,1353351.0,25607.88,5.5589,142351.64413200002,1423516.4413200002,70165.44132000022
1376,1,92,2024-06-28,6,533125.0,15985.84,5.5589,88863.68597600001,533182.115856,57.115855999989435
1284,35,16,2024-06-28,5,150030.0,5491.48,5.5589,30526.588172,152632.94086,2602.9408600000024
9631,13,144,2024-06-28,10,22141.0,444.87,5.5589,2472.9878430000003,24729.878430000004,2588.8784300000043
2781,9,62,2024-06-28,10,1022220.0,20000.78,5.5589,111182.335942,1111823.35942,89603.35942000011
9831,45,106,2024-06-28,9,37490.8,918.37,5.5589,5105.126993000001,45946.142937000004,8455.342937000001
5057,37,5,2024-06-29,7,165683.0,4752.24,5.5589,26417.226936,184920.588552,19237.588552
2554,10,145,2024-06-29,4,17399.0,875.03,5.5589,4864.204267,19456.817068,2057.8170680000003
2571,19,32,2024-06-29,7,87517.0,2430.64,5.5589,13511.684696,94581.792872,7064.792872000005
5520,8,145,2024-06-29,5,21749.0,875.03,5.5589,4864.204267,24321.021335,2572.0213350000013
5707,44,118,2024-06-29,11,47466.0,893.4,5.5589,4966.321260000001,54629.53386000001,7163.5338600000105
6358,4,121,2024-06-29,5,18471.0,747.93,5.5589,4157.668077,20788.340385000003,2317.340385000003
1555,14,104,2024-06-29,4,14852.0,742.54,5.5589,4127.705606,16510.822424,1658.8224240000018
8885,39,24,2024-06-29,8,176564.15,4129.65,5.5589,22956.311385,183650.49108,7086.341080000013
4117,47,26,2024-06-29,11,180609.25,3378.85,5.5589,18782.689265,206609.58191500002,26000.331915000017
7529,13,99,2024-06-29,10,1019033.65,21330.89,5.5589,118576.284421,1185762.84421,166729.19421
8116,16,97,2024-06-29,1,135335.0,25607.88,5.5589,142351.64413200002,142351.64413200002,7016.644132000016
286,42,35,2024-06-29,3,33017.0,2106.85,5.5589,11711.768465000001,35135.305395,2118.305395000003
2885,40,83,2024-06-30,5,640318.05,35839.7,5.5589,199229.30833,996146.54165,355828.49165
8749,29,84,2024-06-30,14,607934.0,8456.45,5.5589,47008.55990500001,658119.8386700001,50185.838670000085
4463,21,56,2024-06-30,12,515865.0,8087.59,5.5589,44958.104051,539497.248612,23632.248612000025
8074,38,148,2024-06-30,14,63648.1,885.1,5.5589,4920.182390000001,68882.55346000001,5234.453460000012
7577,47,86,2024-06-30,6,533082.05,17824.79,5.5589,99086.22513100001,594517.350786,61435.30078599998
4814,37,147,2024-06-30,7,21211.0,592.19,5.5589,3291.9249910000003,23043.474937000003,1832.4749370000027
3017,26,84,2024-06-30,6,260543.0,8456.45,5.5589,47008.55990500001,282051.35943000007,21508.35943000007
3104,16,110,2024-06-30,1,2371.2,476.03,5.5589,2646.203167,2646.203167,275.0031670000003
8209,45,41,2024-06-30,10,106000.0,2005.71,5.5589,11149.541319000002,111495.41319000002,5495.413190000021
636,30,137,2024-06-30,8,27084.0,673.98,5.5589,3746.5874220000005,29972.699376000004,2888.699376000004
6531,44,55,2024-06-30,5,549936.0,22138.68,5.5589,123066.70825200001,615333.5412600001,65397.541260000085
2953,45,26,2024-06-30,14,241965.0,3378.85,5.5589,18782.689265,262957.64971,20992.649710000027
8517,46,74,2024-06-30,1,82231.05,17160.36,5.5589,95392.72520400002,95392.72520400002,13161.675204000014
615,29,37,2024-06-30,5,28822.05,1211.89,5.5589,6736.775321000001,33683.876605000005,4861.826605000006
3676,47,36,2024-06-30,4,85885.7,4476.41,5.5589,24883.915549,99535.662196,13649.962196000008
2726,6,81,2024-07-01,3,348122.75,23685.5,5.5893,132385.36515,397156.09545,49033.34545000002
2504,39,64,2024-07-01,3,317791.15,21352.22,5.5893,119343.963246,358031.889738,40240.739737999975
2655,44,87,2024-07-01,12,762203.05,13597.7,5.5893,76001.62461,912019.49532,149816.44531999994
5425,47,118,2024-07-01,10,43151.0,893.4,5.5893,4993.480619999999,49934.80619999999,6783.806199999992
1726,21,60,2024-07-01,11,1136448.9,22370.78,5.5893,125037.00065399999,1375407.0071939998,238958.10719399992
7287,10,26,2024-07-01,7,120982.0,3378.85,5.5893,18885.406304999997,132197.84413499996,11215.844134999963
8557,37,89,2024-07-01,1,78678.0,14832.32,5.5893,82902.286176,82902.286176,4224.286175999994
477,33,32,2024-07-01,2,25005.0,2430.64,5.5893,13585.576151999998,27171.152303999996,2166.1523039999956
8309,46,72,2024-07-01,10,996646.0,30675.48,5.5893,171454.460364,1714544.6036399999,717898.6036399999
1038,46,20,2024-07-01,5,146458.65,5689.04,5.5893,31797.751271999998,158988.75636,12530.106360000005
1504,29,108,2024-07-01,15,50183.0,688.83,5.5893,3850.077519,57751.162785,7568.162785
1155,2,109,2024-07-01,2,1245.0,123.24,5.5893,688.8253319999999,1377.6506639999998,132.65066399999978
2309,26,23,2024-07-01,13,138055.9,2244.66,5.5893,12546.078137999999,163099.01579399998,25043.115793999983
9918,36,40,2024-07-02,2,26949.6,2867.26,5.6677,16250.769502000001,32501.539004000002,5551.9390040000035
8890,7,33,2024-07-02,5,31900.05,1325.97,5.6677,7515.200169,37576.000845,5675.950845000003
3100,44,106,2024-07-02,11,48234.0,918.37,5.6677,5205.045649,57255.502139,9021.502138999997
3532,47,67,2024-07-02,4,343156.0,16720.73,5.6677,94768.081421,379072.325684,35916.32568399998
6735,3,49,2024-07-02,6,79586.0,2627.0,5.6677,14889.0479,89334.2874,9748.287400000001
4308,4,128,2024-07-02,9,41856.0,853.09,5.6677,4835.058193,43515.523736999996,1659.523736999996
8002,1,37,2024-07-02,8,46114.9,1211.89,5.6677,6868.628953,54949.031624,8834.131624000001
1446,10,22,2024-07-02,15,562203.35,7630.67,5.6677,43248.348359,648725.225385,86521.87538500002
2727,31,10,2024-07-02,4,128132.0,6547.91,5.6677,37111.589507,148446.358028,20314.358027999988
5986,38,42,2024-07-02,14,79705.0,1263.57,5.6677,7161.535688999999,100261.499646,20556.499645999997
3054,45,65,2024-07-02,13,332250.0,4996.52,5.6677,28318.776404000004,368144.09325200005,35894.09325200005
6454,40,26,2024-07-02,3,51850.0,3378.85,5.6677,19150.308145,57450.92443499999,5600.9244349999935
5877,21,96,2024-07-02,9,603808.6,14776.4,5.6677,83748.20228,753733.82052,149925.22051999997
1428,29,43,2024-07-02,4,140387.0,6219.32,5.6677,35249.239964,140996.959856,609.9598560000013
3170,20,4,2024-07-02,1,3382.0,679.13,5.6677,3849.105101,3849.105101,467.1051010000001
9148,29,107,2024-07-02,13,19674.0,311.59,5.6677,1765.998643,22957.982358999998,3283.982358999998
7853,41,51,2024-07-03,15,962385.0,12243.38,5.5863,68395.19369399999,1025927.9054099998,63542.905409999774
159,24,66,2024-07-03,15,188574.0,2360.29,5.5863,13185.288026999999,197779.32040499998,9205.320404999977
6586,5,50,2024-07-03,1,11276.0,2378.45,5.5863,13286.735234999998,13286.735234999998,2010.7352349999983
2814,8,135,2024-07-03,8,12498.2,328.1,5.5863,1832.86503,14662.92024,2164.7202399999987
6274,1,36,2024-07-03,6,128827.6,4476.41,5.5863,25006.569182999996,150039.41509799997,21211.815097999963
5572,44,56,2024-07-03,2,85978.0,8087.59,5.5863,45179.704017,90359.408034,4381.408033999993
5009,20,47,2024-07-03,11,67353.0,1496.29,5.5863,8358.724827,91945.973097,24592.973096999995
6328,43,94,2024-07-03,8,326007.0,8022.13,5.5863,44814.024819,358512.198552,32505.198551999987
3828,38,52,2024-07-03,2,26037.6,2634.69,5.5863,14718.168747,29436.337494,3398.737494000001
9772,15,65,2024-07-03,3,76673.0,4996.52,5.5863,27912.059676,83736.179028,7063.179027999999
9912,24,129,2024-07-03,11,34131.6,661.98,5.5863,3698.018874,40678.207614,6546.6076140000005
3267,1,20,2024-07-04,7,205042.3,5689.04,5.4839,31198.126456,218386.88519200002,13344.585192000028
3814,17,6,2024-07-04,5,56145.95,2172.43,5.4839,11913.388877,59566.944384999995,3420.994384999998
3046,28,97,2024-07-04,8,1028546.95,25607.88,5.4839,140431.053132,1123448.425056,94901.47505600005
4066,42,52,2024-07-04,6,82225.0,2634.69,5.4839,14448.376491,86690.258946,4465.258946000002
5400,19,106,2024-07-04,2,8331.5,918.37,5.4839,5036.249243,10072.498486,1740.9984860000004
892,39,31,2024-07-04,12,99397.0,1482.91,5.4839,8132.1301490000005,97585.561788,0.0
3374,5,83,2024-07-04,2,256127.6,35839.7,5.4839,196541.33083,393082.66166,136955.06165999998
3943,22,57,2024-07-04,1,118791.0,23810.02,5.4839,130571.76867800001,130571.76867800001,11780.768678000008
5237,41,45,2024-07-04,5,47043.05,1881.33,5.4839,10317.025587,51585.127935,4542.077934999994
9903,32,148,2024-07-04,6,27277.35,885.1,5.4839,4853.79989,29122.79934,1845.4493400000028
6082,25,8,2024-07-04,11,52084.7,947.05,5.4839,5193.527495,57128.802445,5044.102445000004
8665,9,40,2024-07-04,6,80848.8,2867.26,5.4839,15723.767114000002,94342.60268400001,13493.80268400001
2662,25,119,2024-07-04,11,35814.0,669.88,5.4839,3673.554932,40409.104252,4595.104251999997
101,11,47,2024-07-04,8,48984.0,1116.66,5.4839,6123.651774000001,48989.21419200001,5.214192000006733
8775,21,88,2024-07-04,12,580038.0,9896.1,5.4839,54269.22279000001,651230.6734800001,71192.67348000011
3023,41,57,2024-07-05,5,564255.35,23810.02,5.497,130883.67994,654418.3997,90163.04969999997
6508,4,147,2024-07-05,4,11514.0,592.19,5.497,3255.26843,13021.07372,1507.0737200000003
7897,35,30,2024-07-05,14,428896.5,6558.44,5.497,36051.744679999996,504724.42551999993,75827.92551999993
1921,43,25,2024-07-05,6,69121.05,2430.59,5.497,13360.953230000001,80165.71938000001,11044.669380000007
2730,13,98,2024-07-05,2,150785.9,15850.04,5.497,87127.66988,174255.33976,23469.43976000001
3301,41,65,2024-07-05,11,267078.25,4996.52,5.497,27465.870440000002,302124.57484,35046.324840000016
9784,2,13,2024-07-05,9,66237.8,1356.5,5.497,7456.6804999999995,67110.12449999999,872.3244999999879
6332,29,121,2024-07-05,3,11083.0,747.93,5.497,4111.371209999999,12334.113629999998,1251.113629999998
3503,22,55,2024-07-05,1,104487.65,22138.68,5.497,121696.32396,121696.32396,17208.67396
6056,1,65,2024-07-06,10,255577.0,4996.52,5.497,27465.870440000002,274658.70440000005,19081.704400000046
341,35,34,2024-07-06,2,9343.25,951.66,5.497,5231.27502,10462.55004,1119.30004
548,27,24,2024-07-06,14,308988.45,4129.65,5.497,22700.686049999997,317809.60469999997,8821.154699999955
7711,38,149,2024-07-06,15,17454.0,225.94,5.497,1241.99218,18629.8827,1175.8826999999983
2798,8,23,2024-07-06,5,55893.0,2244.66,5.497,12338.896019999998,61694.48009999999,5801.480099999993
8219,31,63,2024-07-06,2,279915.0,27618.14,5.497,151816.91558,303633.83116,23718.83116
7055,49,36,2024-07-06,13,293818.0,4476.41,5.497,24606.82577,319888.73501,26070.735010000004
8038,11,85,2024-07-06,15,578680.0,7885.27,5.497,43345.329190000004,650179.9378500001,71499.9378500001
8618,45,87,2024-07-06,3,200580.0,13597.7,5.497,74746.5569,224239.6707,23659.670699999988
6301,10,73,2024-07-06,6,858960.0,28694.54,5.497,157733.88638,946403.31828,87443.31828
2249,34,59,2024-07-06,2,174332.0,17522.59,5.497,96321.67723,192643.35446,18311.354460000002
7034,14,124,2024-07-06,4,14326.0,665.23,5.497,3656.76931,14627.07724,301.07724000000053
8316,4,72,2024-07-06,7,662769.4,30675.48,5.497,168623.11356,1180361.79492,517592.39492
8634,15,44,2024-07-06,10,108068.0,2159.34,5.497,11869.89198,118698.9198,10630.919800000003
3226,19,141,2024-07-06,1,4782.0,972.86,5.497,5347.81142,5347.81142,565.81142
7536,10,36,2024-07-06,11,248615.0,4476.41,5.497,24606.82577,270675.08347,22060.083470000012
9022,8,5,2024-07-06,14,314797.7,4752.24,5.497,26123.06328,365722.88592,50925.18591999996
2616,30,3,2024-07-07,4,36097.0,1753.77,5.497,9640.473689999999,38561.894759999996,2464.8947599999956
4952,23,80,2024-07-07,6,775343.0,24177.04,5.497,132901.18888,797407.13328,22064.13327999995
1249,30,138,2024-07-07,1,3973.85,836.88,5.497,4600.32936,4600.32936,626.4793599999998
1618,1,86,2024-07-07,4,374093.0,17824.79,5.497,97982.87063,391931.48252,17838.48252000002
3861,9,89,2024-07-07,10,786780.0,14832.32,5.497,81533.26303999999,815332.6303999999,28552.630399999907
6242,46,29,2024-07-07,4,146041.0,7689.63,5.497,42269.89611,169079.58444,23038.584440000006
3288,28,88,2024-07-07,4,183678.7,9896.1,5.497,54398.8617,217595.4468,33916.74679999999
4252,33,32,2024-07-07,8,95019.0,2430.64,5.497,13361.228079999999,106889.82463999999,11870.824639999992
5426,43,137,2024-07-07,5,16927.0,673.98,5.497,3704.8680600000002,18524.3403,1597.3402999999998
7583,7,6,2024-07-07,1,11229.0,2172.43,5.497,11941.847709999998,11941.847709999998,712.8477099999982
8450,46,53,2024-07-08,11,560903.75,9656.73,5.472,52841.626560000004,581257.89216,20354.142160000047
7284,20,126,2024-07-08,11,29448.0,467.05,5.472,2555.6976000000004,28112.673600000006,0.0
787,18,106,2024-07-08,15,62484.35,918.37,5.472,5025.320640000001,75379.80960000001,12895.45960000001
6935,16,96,2024-07-08,8,564967.0,14776.4,5.472,80856.4608,646851.6864,81884.6864
7152,10,91,2024-07-08,13,1753518.0,27671.77,5.472,151419.92544000002,1968459.0307200002,214941.03072000016
3171,26,11,2024-07-08,15,543479.0,7246.24,5.472,39651.42528,594771.3792000001,51292.37920000008
6805,24,49,2024-07-08,8,100808.3,2627.0,5.472,14374.944000000001,114999.55200000001,14191.252000000008
2038,43,38,2024-07-08,10,264611.0,5439.42,5.472,29764.506240000002,297645.06240000005,33034.06240000005
9520,26,107,2024-07-08,13,18690.3,311.59,5.472,1705.02048,22165.266239999997,3474.966239999998
7810,9,11,2024-07-08,2,68840.8,7246.24,5.472,39651.42528,79302.85056,10462.050560000003
9738,33,33,2024-07-08,13,82939.75,1325.97,5.472,7255.707840000001,94324.20192,11384.451920000007
8973,39,116,2024-07-08,13,33482.0,502.24,5.472,2748.2572800000003,35727.34464,2245.344640000003
8324,20,35,2024-07-08,14,146373.15,2106.85,5.472,11528.6832,161401.5648,15028.414799999999
9727,22,76,2024-07-08,15,2222973.0,28642.87,5.472,156733.78464,2351006.7695999998,128033.76959999977
9726,35,129,2024-07-08,6,18617.15,661.98,5.472,3622.35456,21734.127360000002,3116.9773600000008
8194,40,144,2024-07-08,15,33212.0,444.87,5.472,2434.32864,36514.9296,3302.929600000003
2196,45,26,2024-07-08,6,103699.0,3378.85,5.472,18489.0672,110934.4032,7235.403200000001
4230,43,142,2024-07-08,10,8264.0,169.88,5.472,929.5833600000001,9295.833600000002,1031.8336000000018
7798,36,110,2024-07-08,2,4741.45,476.03,5.472,2604.83616,5209.67232,468.22231999999985
3890,26,84,2024-07-08,4,173696.0,8456.45,5.472,46273.69440000001,185094.77760000003,11398.77760000003
5168,20,125,2024-07-09,9,30619.0,646.27,5.4387,3514.868649,31633.817841,1014.817841
2808,2,97,2024-07-09,5,642841.25,25607.88,5.4387,139273.576956,696367.88478,53526.634779999964
866,25,138,2024-07-09,11,43713.3,836.88,5.4387,4551.539256,50066.931816,6353.631815999994
9092,24,2,2024-07-09,11,153980.0,2829.74,5.4387,15390.106937999999,169291.17631799998,15311.176317999983
9149,18,115,2024-07-09,10,8306.0,167.9,5.4387,913.15773,9131.5773,825.5773000000008
843,22,92,2024-07-09,14,1181759.15,16239.74,5.4387,88323.073938,1236523.035132,54763.88513200008
5370,18,16,2024-07-09,5,150030.0,5491.48,5.4387,29866.512275999998,149332.56138,0.0
1388,34,124,2024-07-09,2,7540.0,665.23,5.4387,3617.986401,7235.972802,0.0
805,2,135,2024-07-09,12,19734.0,328.1,5.4387,1784.43747,21413.24964,1679.2496400000018
2362,33,12,2024-07-09,5,13631.0,527.97,5.4387,2871.470439,14357.352195000001,726.3521950000013
1858,47,55,2024-07-10,15,1567317.6,22138.68,5.3967,119475.814356,1792137.21534,224819.61534000002
2306,7,11,2024-07-10,1,36232.0,7246.24,5.3967,39105.783407999996,39105.783407999996,2873.7834079999957
8757,45,31,2024-07-10,11,86558.3,1482.91,5.3967,8002.820397,88031.024367,1472.7243670000025
3720,13,80,2024-07-10,2,245525.6,24177.04,5.3967,130476.23176800001,260952.46353600002,15426.863536000019
245,12,55,2024-07-10,7,769910.0,22138.68,5.3967,119475.814356,836330.700492,66420.70049199997
8288,14,124,2024-07-10,9,32232.55,665.23,5.3967,3590.046741,32310.420669,77.8706689999999
3015,17,68,2024-07-10,11,735868.0,13317.89,5.3967,71872.656963,790599.226593,54731.226593
9634,15,37,2024-07-10,6,34585.7,1211.89,5.3967,6540.206763000001,39241.240578000004,4655.540578000007
7844,30,145,2024-07-11,9,37191.55,875.03,5.41,4733.9123,42605.210699999996,5413.660699999993
1433,47,50,2024-07-11,9,96409.8,2378.45,5.41,12867.414499999999,115806.73049999999,19396.930499999988
5955,1,82,2024-07-11,14,686733.15,9770.29,5.41,52857.2689,740001.7646,53268.61459999997
2133,41,43,2024-07-11,8,266736.25,6219.32,5.41,33646.5212,269172.1696,2435.919600000023
4925,28,144,2024-07-11,7,15499.0,444.87,5.41,2406.7467,16847.2269,1348.2269000000015
1680,48,69,2024-07-11,1,45265.0,8620.92,5.41,46639.1772,46639.1772,1374.1771999999983
906,41,138,2024-07-11,5,20915.0,836.88,5.41,4527.5208,22637.604,1722.6039999999994
1997,18,86,2024-07-11,13,1155010.95,17824.79,5.41,96432.11390000001,1253617.4807000002,98606.53070000024
82,33,32,2024-07-11,9,106895.9,2430.64,5.41,13149.7624,118347.8616,11451.96160000001
5291,1,50,2024-07-11,3,32136.6,2378.45,5.41,12867.414499999999,38602.2435,6465.643499999998
1223,9,109,2024-07-11,7,4359.0,123.24,5.41,666.7284,4667.0988,308.09879999999976
1191,45,48,2024-07-11,13,181994.35,2940.57,5.41,15908.4837,206810.2881,24815.9381
9980,45,39,2024-07-11,13,385227.0,5270.87,5.41,28515.4067,370700.2871,0.0
5097,35,93,2024-07-11,8,803816.0,19072.72,5.41,103183.4152,825467.3216,21651.321600000025
7076,49,95,2024-07-12,2,139616.0,12945.63,5.4529,70591.22582699999,141182.45165399997,1566.451653999975
8165,18,4,2024-07-12,13,43964.0,679.13,5.4529,3703.2279769999996,48141.96370099999,4177.963700999993
8452,11,148,2024-07-12,1,4786.0,885.1,5.4529,4826.36179,4826.36179,40.36178999999993
5409,49,60,2024-07-12,5,516567.25,22370.78,5.4529,121985.62626199999,609928.13131,93360.88130999997
6292,27,101,2024-07-12,7,3244.0,82.96,5.4529,452.37258399999996,3166.608088,0.0
3308,35,96,2024-07-12,10,706208.0,14776.4,5.4529,80574.23155999999,805742.3155999999,99534.31559999986
6978,7,15,2024-07-12,12,318057.15,5267.98,5.4529,28725.768141999997,344709.21770399995,26652.06770399993
2046,44,41,2024-07-12,1,10600.0,2005.71,5.4529,10936.936059,10936.936059,336.93605899999966
4454,25,140,2024-07-13,12,35734.25,612.49,5.4529,3339.846721,40078.160652,4343.910651999999
4008,47,94,2024-07-13,1,40751.0,8022.13,5.4529,43743.872677,43743.872677,2992.8726769999994
9244,3,3,2024-07-13,3,27073.0,1753.77,5.4529,9563.132432999999,28689.397298999997,1616.3972989999966
9865,49,58,2024-07-13,11,1197070.0,20157.55,5.4529,109917.10439499999,1209088.1483449999,12018.148344999878
149,7,57,2024-07-13,1,112851.45,23810.02,5.4529,129833.658058,129833.658058,16982.208058000004
9697,46,16,2024-07-13,7,199539.9,5491.48,5.4529,29944.491291999995,209611.43904399997,10071.539043999976
1619,43,140,2024-07-13,8,23823.15,612.49,5.4529,3339.846721,26718.773768,2895.6237679999977
1290,14,36,2024-07-14,10,226014.0,4476.41,5.4529,24409.416089,244094.16089,18080.16089
2658,14,73,2024-07-14,6,858960.0,28694.54,5.4529,156468.457166,938810.742996,79850.74299599999
5233,20,35,2024-07-14,6,62731.35,2106.85,5.4529,11488.442364999999,68930.65419,6199.304190000003
9417,28,134,2024-07-14,12,53780.45,948.15,5.4529,5170.167135,62042.005619999996,8261.55562
8282,20,14,2024-07-14,11,393922.0,6832.87,5.4529,37258.956823,409848.525053,15926.52505300002
4451,45,41,2024-07-14,14,148400.0,2005.71,5.4529,10936.936059,153117.104826,4717.104825999995
126,29,80,2024-07-14,5,613813.05,24177.04,5.4529,131834.981416,659174.90708,45361.85707999999
1993,22,103,2024-07-14,5,8498.7,325.52,5.4529,1775.0280079999998,8875.140039999998,376.4400399999977
5200,36,139,2024-07-14,3,4275.0,246.89,5.4529,1346.2664809999999,4038.799443,0.0
2386,15,97,2024-07-14,13,1671388.2,25607.88,5.4529,139637.208852,1815283.7150760002,143895.51507600024
7675,22,3,2024-07-14,15,135363.0,1753.77,5.4529,9563.132432999999,143446.986495,8083.98649499999
2671,25,131,2024-07-14,10,9636.0,179.69,5.4529,979.831601,9798.31601,162.31601000000046
8103,14,50,2024-07-14,14,149970.8,2378.45,5.4529,12969.450004999999,181572.30007,31601.50007000001
2496,46,46,2024-07-14,6,28407.85,1000.64,5.4529,5456.389856,32738.339136,4330.489136
7937,24,122,2024-07-14,3,3967.0,271.3,5.4529,1479.37177,4438.11531,471.11531000000014
274,40,141,2024-07-14,9,43036.0,972.86,5.4529,5304.908294,47744.174646,4708.1746459999995
7556,11,9,2024-07-14,5,198528.0,7544.56,5.4529,41139.731224,205698.65612,7170.65612
1269,18,52,2024-07-14,2,26037.6,2634.69,5.4529,14366.701100999999,28733.402201999997,2695.802201999999
9963,39,8,2024-07-14,1,4984.0,947.05,5.4529,5164.168944999999,5164.168944999999,180.16894499999944
361,29,9,2024-07-15,15,595582.0,7544.56,5.4563,41165.382728,617480.74092,21898.74092000001
5551,39,80,2024-07-15,15,1938358.0,24177.04,5.4563,131917.183352,1978757.7502799998,40399.750279999804
4607,17,2,2024-07-15,14,195974.0,2829.74,5.4563,15439.910361999999,216158.745068,20184.74506799999
3255,37,75,2024-07-15,7,229379.0,6193.58,5.4563,33794.030554,236558.21387799998,7179.2138779999805
891,11,42,2024-07-15,2,11386.7,1263.57,5.4563,6894.416990999999,13788.833981999998,2402.1339819999976
8620,46,80,2024-07-15,2,245525.6,24177.04,5.4563,131917.183352,263834.366704,18308.76670399998
9350,26,142,2024-07-15,15,11776.2,169.88,5.4563,926.9162439999999,13903.743659999998,2127.5436599999975
1312,48,89,2024-07-15,2,149488.2,14832.32,5.4563,80929.58761599999,161859.17523199998,12370.975231999968
4376,38,72,2024-07-15,3,284044.3,30675.48,5.4563,167374.621524,502123.864572,218079.564572
2631,17,10,2024-07-16,13,416430.0,6547.91,5.4274,35538.126734,461995.647542,45565.64754199999
7956,28,27,2024-07-16,7,115580.0,3051.23,5.4274,16560.245702,115921.719914,341.71991400000115
1546,5,10,2024-07-16,6,182588.1,6547.91,5.4274,35538.126734,213228.760404,30640.660403999995
3627,3,94,2024-07-16,6,244505.0,8022.13,5.4274,43539.308361999996,261235.85017199998,16730.850171999977
9456,20,30,2024-07-16,1,32248.0,6558.44,5.4274,35595.277255999994,35595.277255999994,3347.277255999994
7348,13,104,2024-07-16,1,3713.0,742.54,5.4274,4030.0615959999996,4030.0615959999996,317.06159599999955
5600,30,148,2024-07-16,3,13639.15,885.1,5.4274,4803.79174,14411.375219999998,772.2252199999984
9240,6,14,2024-07-16,11,393922.0,6832.87,5.4274,37084.718638,407931.905018,14009.90501799999
5127,37,8,2024-07-16,9,42614.15,947.05,5.4274,5140.01917,46260.172529999996,3646.0225299999947
7563,49,87,2024-07-16,7,468019.0,13597.7,5.4274,73800.15698,516601.09886,48582.09886000003
3472,23,70,2024-07-16,13,424289.95,6655.06,5.4274,36119.672644,469555.744372,45265.794371999975
6543,38,13,2024-07-16,7,54230.0,1356.5,5.4274,7362.268099999999,51535.87669999999,0.0
6345,47,55,2024-07-16,13,1429834.0,22138.68,5.4274,120155.471832,1562021.1338159998,132187.13381599984
1351,46,148,2024-07-16,9,43070.0,885.1,5.4274,4803.79174,43234.12566,164.12565999999788
4578,39,82,2024-07-16,6,294313.8,9770.29,5.4274,53027.271946,318163.631676,23849.83167600003
2295,1,14,2024-07-16,11,374225.9,6832.87,5.4274,37084.718638,407931.905018,33706.00501799997
4993,45,86,2024-07-16,5,444235.2,17824.79,5.4274,96742.265246,483711.32623,39476.126229999994
2364,49,63,2024-07-16,1,132960.1,27618.14,5.4274,149894.69303599998,149894.69303599998,16934.593035999977
4934,23,103,2024-07-16,11,18696.95,325.52,5.4274,1766.7272479999997,19433.999727999995,737.0497279999945
5055,20,52,2024-07-16,3,41112.0,2634.69,5.4274,14299.516506,42898.549518,1786.5495179999998
244,28,130,2024-07-17,10,41441.0,752.23,5.467,4112.441409999999,41124.414099999995,0.0
8426,5,39,2024-07-17,13,385227.0,5270.87,5.467,28815.846289999998,374606.00177,0.0
9848,17,104,2024-07-17,3,11139.0,742.54,5.467,4059.4661799999994,12178.398539999998,1039.3985399999983
2151,49,135,2024-07-17,2,3124.55,328.1,5.467,1793.7227,3587.4454,462.8953999999999
5391,48,102,2024-07-17,14,11065.6,199.93,5.467,1093.01731,15302.242339999999,4236.6423399999985
7086,27,91,2024-07-17,8,1079088.0,27671.77,5.467,151281.56659,1210252.53272,131164.53272000002
5507,45,122,2024-07-17,8,10580.0,271.3,5.467,1483.1970999999999,11865.576799999999,1285.576799999999
8559,21,3,2024-07-17,8,68584.3,1753.77,5.467,9587.860589999998,76702.88471999999,8118.584719999984
6337,1,3,2024-07-17,4,34292.15,1753.77,5.467,9587.860589999998,38351.442359999994,4059.292359999992
4256,3,130,2024-07-17,12,47242.55,752.23,5.467,4112.441409999999,49349.29691999999,2106.7469199999905
7526,22,129,2024-07-17,12,39195.0,661.98,5.467,3619.04466,43428.53592,4233.535920000002
893,26,24,2024-07-17,13,302018.0,4129.65,5.467,22576.796549999995,293498.35514999996,0.0
5736,15,100,2024-07-17,14,1391182.85,19807.28,5.467,108286.39975999999,1516009.59664,124826.7466399998
6428,14,118,2024-07-18,4,16397.0,893.4,5.5426,4951.75884,19807.03536,3410.0353600000017
6355,6,132,2024-07-18,9,13363.65,314.46,5.5426,1742.925996,15686.333964,2322.683964
9674,36,3,2024-07-18,11,94302.7,1753.77,5.5426,9720.445602,106924.901622,12622.201622000008
4410,22,73,2024-07-18,1,143160.0,28694.54,5.5426,159042.357404,159042.357404,15882.35740400001
5675,29,62,2024-07-18,3,306666.0,20000.78,5.5426,110856.323228,332568.969684,25902.96968400001
6480,9,1,2024-07-18,9,298103.0,6633.66,5.5426,36767.723916,330909.515244,32806.51524400001
1646,8,4,2024-07-18,8,25702.25,679.13,5.5426,3764.145938,30113.167504,4410.917504000001
8650,41,143,2024-07-18,1,4436.0,896.83,5.5426,4970.769958000001,4970.769958000001,534.7699580000008
5293,9,50,2024-07-18,14,157864.0,2378.45,5.5426,13182.79697,184559.15758,26695.15758
1123,3,53,2024-07-19,3,161025.0,9656.73,5.5543,53636.375438999996,160909.126317,0.0
2366,27,108,2024-07-19,6,20073.0,688.83,5.5543,3825.968469,22955.810814,2882.8108140000004
5394,17,103,2024-07-19,3,5099.6,325.52,5.5543,1808.0357359999998,5424.107207999999,324.5072079999991
5745,33,51,2024-07-19,15,962385.0,12243.38,5.5543,68003.40553399999,1020051.0830099998,57666.08300999983
785,43,128,2024-07-19,10,46507.0,853.09,5.5543,4738.317787,47383.17787,876.1778699999995
9647,28,116,2024-07-19,8,20604.0,502.24,5.5543,2789.5916319999997,22316.733055999997,1712.7330559999973
9220,41,93,2024-07-19,14,1336344.1,19072.72,5.5543,105935.608696,1483098.521744,146754.42174399993
4926,14,105,2024-07-19,12,3714.0,57.36,5.5543,318.59464799999995,3823.135775999999,109.13577599999917
1598,9,76,2024-07-19,15,2222973.0,28642.87,5.5543,159091.09284099998,2386366.392615,163393.3926149998
2992,19,81,2024-07-19,14,1624575.05,23685.5,5.5543,131556.37264999998,1841789.2170999995,217214.1670999995
788,4,111,2024-07-19,1,4285.0,860.37,5.5543,4778.753091,4778.753091,493.7530909999996
2649,9,26,2024-07-19,7,114932.9,3378.85,5.5543,18767.146555,131370.025885,16437.125885000016
5851,23,28,2024-07-20,15,203184.1,2776.74,5.5543,15422.846981999997,231342.70472999997,28158.604729999963
1744,5,85,2024-07-20,1,36650.05,7885.27,5.5543,43797.155161,43797.155161,7147.1051609999995
4821,11,134,2024-07-20,7,33023.0,948.15,5.5543,5266.309544999999,36864.166815,3841.166814999997
8575,32,57,2024-07-20,2,237581.0,23810.02,5.5543,132247.994086,264495.988172,26914.988171999983
8293,19,65,2024-07-20,4,97119.45,4996.52,5.5543,27752.171036,111008.684144,13889.234144000002
5929,28,13,2024-07-20,6,44158.85,1356.5,5.5543,7534.40795,45206.4477,1047.5976999999984
4797,29,14,2024-07-20,14,501355.0,6832.87,5.5543,37951.809840999995,531325.3377739999,29970.337773999898
9814,13,112,2024-07-20,8,16575.6,406.44,5.5543,2257.4896919999996,18059.917535999997,1484.3175359999987
6790,42,50,2024-07-20,4,42848.8,2378.45,5.5543,13210.624834999999,52842.499339999995,9993.699339999992
9328,48,40,2024-07-21,5,67374.0,2867.26,5.5543,15925.622218,79628.11109,12254.111090000006
208,37,74,2024-07-21,3,259676.0,17160.36,5.5543,95313.787548,285941.362644,26265.36264399998
7293,28,50,2024-07-21,11,124036.0,2378.45,5.5543,13210.624834999999,145316.87318499997,21280.873184999975
1720,39,11,2024-07-21,8,289855.0,7246.24,5.5543,40247.790832,321982.326656,32127.32665599999
5025,12,65,2024-07-21,4,97119.45,4996.52,5.5543,27752.171036,111008.684144,13889.234144000002
6610,16,57,2024-07-21,8,950325.0,23810.02,5.5543,132247.994086,1057983.952688,107658.95268799993
1645,9,4,2024-07-21,1,3212.9,679.13,5.5543,3772.0917589999995,3772.0917589999995,559.1917589999994
1866,37,78,2024-07-21,11,1339377.0,24425.59,5.5543,135667.054537,1492337.5999069999,152960.59990699985
3589,37,40,2024-07-21,8,113472.0,2867.26,5.5543,15925.622218,127404.977744,13932.977744000003
9753,40,125,2024-07-21,14,45247.55,646.27,5.5543,3589.5774609999994,50254.08445399999,5006.534453999986
6568,49,140,2024-07-21,7,20844.9,612.49,5.5543,3401.9532069999996,23813.672448999998,2968.7724489999964
6838,42,34,2024-07-22,11,51388.35,951.66,5.5598,5291.0392679999995,58201.431948,6813.081947999999
4567,37,21,2024-07-22,5,41489.35,1689.08,5.5598,9390.946984,46954.73492,5465.384920000004
1435,29,41,2024-07-22,15,151050.0,1906.75,5.5598,10601.148650000001,159017.22975000003,7967.229750000028
4248,2,46,2024-07-22,13,64789.0,1000.64,5.5598,5563.358272,72323.657536,7534.657535999999
613,14,21,2024-07-22,14,122284.0,1689.08,5.5598,9390.946984,131473.257776,9189.257776000013
6842,26,77,2024-07-22,15,637041.5,8959.75,5.5598,49814.41805,747216.27075,110174.77075000003
9580,35,137,2024-07-22,14,45027.15,673.98,5.5598,3747.194004,52460.716056,7433.566055999996
9625,5,74,2024-07-22,15,1298378.0,17160.36,5.5598,95408.169528,1431122.54292,132744.54291999992
7303,25,110,2024-07-22,14,34937.0,476.03,5.5598,2646.631594,37052.842316,2115.842316000002
7930,30,79,2024-07-22,15,942592.85,11935.56,5.5598,66359.32648799999,995389.8973199999,52797.047319999896
4229,34,56,2024-07-22,1,42989.0,8087.59,5.5598,44965.382882,44965.382882,1976.382881999998
5240,19,58,2024-07-22,2,217649.0,20157.55,5.5598,112071.94649,224143.89298,6494.892980000004
9743,48,121,2024-07-22,5,17547.45,747.93,5.5598,4158.341214,20791.70607,3244.2560699999995
90,2,72,2024-07-22,3,284044.3,30675.48,5.5598,170549.533704,511648.601112,227604.30111200002
3716,16,84,2024-07-22,4,173696.0,8456.45,5.5598,47016.170710000006,188064.68284000002,14368.682840000023
1409,26,100,2024-07-22,15,1490553.8,19807.28,5.5598,110124.515344,1651867.73016,161313.93016
2407,48,66,2024-07-22,10,119430.2,2297.7,5.5598,12774.75246,127747.5246,8317.324600000007
2481,3,31,2024-07-22,5,41416.0,1482.91,5.5598,8244.683018,41223.415089999995,0.0
6674,39,110,2024-07-22,1,2371.2,476.03,5.5598,2646.631594,2646.631594,275.43159400000013
7424,27,11,2024-07-22,14,507247.0,7246.24,5.5598,40287.645152,564027.0321279999,56780.03212799993
4835,49,60,2024-07-22,14,1446389.25,22370.78,5.5598,124377.06264399999,1741278.877016,294889.627016
846,33,116,2024-07-23,13,33482.0,502.24,5.5807,2802.8507680000002,36437.05998400001,2955.059984000007
453,22,96,2024-07-23,9,603808.6,14776.4,5.5807,82462.65548,742163.89932,138355.29932
4761,12,21,2024-07-23,9,74680.45,1689.08,5.5807,9426.248756,84836.23880400001,10155.78880400001
8609,16,39,2024-07-23,11,325961.0,5270.87,5.5807,29415.144209000002,323566.586299,0.0
6202,14,93,2024-07-23,10,954531.5,19072.72,5.5807,106439.12850400001,1064391.28504,109859.78503999999
1737,37,119,2024-07-23,14,45581.0,669.88,5.5807,3738.399316,52337.590424,6756.590424000002
1281,8,46,2024-07-23,7,33141.7,1000.64,5.5807,5584.271648,39089.901536,5948.2015360000005
2070,9,71,2024-07-23,3,370995.9,27484.92,5.5807,153385.093044,460155.27913200005,89159.37913200003
3807,21,30,2024-07-23,4,128991.0,6558.44,5.5807,36600.686108,146402.744432,17411.744432000007
5859,36,85,2024-07-23,13,501523.0,7885.27,5.5807,44005.326289000004,572069.2417570001,70546.2417570001
690,43,71,2024-07-23,6,781044.0,27484.92,5.5807,153385.093044,920310.5582640001,139266.5582640001
9401,24,101,2024-07-23,10,4402.3,82.96,5.5807,462.974872,4629.74872,227.4487199999994
6524,32,148,2024-07-23,9,40916.5,885.1,5.5807,4939.47757,44455.29813,3538.798130000003
6619,44,66,2024-07-23,15,188574.0,2297.7,5.5807,12822.774389999999,192341.61584999997,3767.615849999973
4610,25,46,2024-07-23,10,49838.0,1000.64,5.5807,5584.271648,55842.71648,6004.716480000003
6038,6,71,2024-07-24,11,1360319.25,27484.92,5.6346,154866.530232,1703531.832552,343212.58255199995
3511,35,128,2024-07-24,14,61854.5,853.09,5.6346,4806.820914,67295.492796,5440.992796000006
1590,30,98,2024-07-24,11,829323.4,15850.04,5.6346,89308.63538400001,982394.9892240001,153071.5892240001
9433,46,6,2024-07-24,2,23640.0,2172.43,5.6346,12240.774077999999,24481.548155999997,841.5481559999971
9624,42,81,2024-07-24,12,1465782.0,23685.5,5.6346,133458.31829999998,1601499.8195999998,135717.8195999998
1027,7,74,2024-07-24,15,1298378.0,17160.36,5.6346,96691.764456,1450376.4668400001,151998.46684000012
7421,44,143,2024-07-24,12,53237.0,896.83,5.6346,5053.278318,60639.33981599999,7402.339815999992
2876,28,52,2024-07-24,1,13704.0,2634.69,5.6346,14845.424273999999,14845.424273999999,1141.424273999999
410,5,22,2024-07-24,12,473434.0,7630.67,5.6346,42995.773182,515949.27818399994,42515.27818399994
1907,1,124,2024-07-24,13,49009.0,665.23,5.6346,3748.304958,48727.964454,0.0
1975,37,140,2024-07-24,13,38712.5,612.49,5.6346,3451.136154,44864.770002,6152.2700019999975
505,25,124,2024-07-24,13,49009.0,665.23,5.6346,3748.304958,48727.964454,0.0
6771,3,51,2024-07-24,15,962385.0,12243.38,5.6346,68986.548948,1034798.23422,72413.23421999998
490,14,73,2024-07-24,10,1431599.0,28694.54,5.6346,161682.255084,1616822.5508400002,185223.55084000016
6334,2,102,2024-07-24,12,9984.0,199.93,5.6346,1126.525578,13518.306936,3534.306936000001
6170,23,56,2024-07-24,4,163357.25,8087.59,5.6346,45570.334614,182281.338456,18924.088455999998
261,11,130,2024-07-24,4,16576.0,752.23,5.6346,4238.515158,16954.060632,378.0606320000006
1394,13,90,2024-07-24,5,395487.0,14571.29,5.6346,82103.390634,410516.95317,15029.953169999993
3714,22,99,2024-07-24,9,965400.0,21330.89,5.6346,120191.032794,1081719.295146,116319.2951460001
2964,28,56,2024-07-25,8,326714.5,8087.59,5.6402,45615.625118,364925.000944,38210.50094400003
7516,21,23,2024-07-25,14,148675.95,2244.66,5.6402,12660.331332,177244.638648,28568.68864799998
6340,17,134,2024-07-25,4,18870.0,948.15,5.6402,5347.75563,21391.02252,2521.0225199999986
4019,6,48,2024-07-25,1,14736.0,2940.57,5.6402,16585.402914000002,16585.402914000002,1849.402914000002
977,5,108,2024-07-25,11,34960.95,688.83,5.6402,3885.1389660000004,42736.52862600001,7775.5786260000095
9967,44,37,2024-07-25,11,66745.0,1211.89,5.6402,6835.301978,75188.321758,8443.321758000006
6634,36,98,2024-07-25,6,452358.65,15850.04,5.6402,89397.395608,536384.3736480001,84025.72364800004
9246,19,53,2024-07-25,14,751450.0,9656.73,5.6402,54465.888546,762522.439644,11072.439644000027
8228,36,113,2024-07-25,12,52740.0,815.5,5.6402,4599.5831,55194.9972,2454.997199999998
4283,42,96,2024-07-25,15,1006347.35,14776.4,5.6402,83341.85128,1250127.7692,243780.4192
2425,43,133,2024-07-25,3,5678.0,381.67,5.6402,2152.695134,6458.085402000001,780.0854020000006
3353,49,101,2024-07-26,9,3962.45,82.96,5.6465,468.4336399999999,4215.902759999999,253.45275999999922
9739,17,26,2024-07-26,8,131351.75,3378.85,5.6465,19078.676525,152629.4122,21277.66219999999
328,38,78,2024-07-26,12,1388082.05,24425.59,5.6465,137919.09393499998,1655029.1272199997,266947.0772199996
7568,12,47,2024-07-26,4,23267.4,1116.66,5.6465,6305.22069,25220.88276,1953.482759999999
658,19,101,2024-07-26,5,2201.15,82.96,5.6465,468.4336399999999,2342.1681999999996,141.01819999999952
2183,16,2,2024-07-26,11,146281.0,2829.74,5.6465,15978.126909999997,175759.39600999997,29478.396009999968
8104,37,128,2024-07-26,2,8835.95,853.09,5.6465,4816.972685,9633.94537,797.9953699999987
375,43,16,2024-07-26,1,30006.0,5491.48,5.6465,31007.641819999997,31007.641819999997,1001.6418199999971
7102,31,67,2024-07-26,1,85789.0,16720.73,5.6465,94413.60194499999,94413.60194499999,8624.601944999988
8937,32,19,2024-07-26,14,218550.35,3358.13,5.6465,18961.681045,265463.53463,46913.18463
7374,16,9,2024-07-27,1,37720.7,7544.56,5.6465,42600.35804,42600.35804,4879.658040000002
5760,33,84,2024-07-27,3,123758.4,8456.45,5.6465,47749.344925,143248.034775,19489.634775000013
9715,33,132,2024-07-27,4,5939.4,314.46,5.6465,1775.5983899999999,7102.3935599999995,1162.99356
5870,42,127,2024-07-27,5,7359.65,296.24,5.6465,1672.7191599999999,8363.5958,1003.9457999999995
3389,49,37,2024-07-27,8,48542.0,1211.89,5.6465,6842.936885,54743.49508,6201.495080000001
364,6,6,2024-07-27,6,70921.0,2172.43,5.6465,12266.625994999999,73599.75597,2678.7559699999983
2278,29,111,2024-07-27,14,59993.0,860.37,5.6465,4858.079205,68013.10887,8020.108869999996
3987,6,14,2024-07-27,7,238144.1,6832.87,5.6465,38581.800455,270072.60318499996,31928.50318499995
8790,12,64,2024-07-27,14,1561078.0,21352.22,5.6465,120565.31023,1687914.3432200002,126836.34322000016
1037,41,52,2024-07-27,15,195283.9,2634.69,5.6465,14876.777085,223151.656275,27867.756274999992
6946,7,79,2024-07-27,1,62839.65,11935.56,5.6465,67394.13953999999,67394.13953999999,4554.489539999988
7275,32,69,2024-07-27,7,316855.0,8620.92,5.6465,48678.02478,340746.17346,23891.17346000002
6402,10,77,2024-07-27,4,178819.0,8959.75,5.6465,50591.228375,202364.9135,23545.913499999995
7572,43,110,2024-07-27,3,7487.0,476.03,5.6465,2687.903395,8063.710185,576.7101849999999
6276,43,2,2024-07-27,9,119683.85,2829.74,5.6465,15978.126909999997,143803.14218999998,24119.29218999998
8820,2,39,2024-07-28,6,168907.15,5270.87,5.6465,29761.967454999998,178571.80472999997,9664.65472999998
9133,5,112,2024-07-28,15,32714.0,406.44,5.6465,2294.96346,34424.4519,1710.4519
6201,35,71,2024-07-28,15,1854980.45,27484.92,5.6465,155193.60077999998,2327904.0116999997,472923.56169999973
5988,48,2,2024-07-28,8,106385.75,2829.74,5.6465,15978.126909999997,127825.01527999998,21439.265279999978
4666,14,91,2024-07-28,5,640708.5,27671.77,5.6465,156248.649305,781243.246525,140534.74652499997
442,44,17,2024-07-28,3,42116.0,2833.14,5.6465,15997.325009999999,47991.975029999994,5875.975029999994
7120,17,15,2024-07-28,8,212038.1,5267.98,5.6465,29745.649069999996,237965.19255999997,25927.09255999996
7057,34,144,2024-07-28,3,6642.0,444.87,5.6465,2511.958455,7535.875365,893.8753649999999
3506,49,13,2024-07-28,12,88316.75,1356.5,5.6465,7659.47725,91913.727,3596.976999999999
1827,36,67,2024-07-28,5,428945.0,16720.73,5.6465,94413.60194499999,472068.00972499995,43123.00972499995
235,29,131,2024-07-28,2,1830.65,179.69,5.6465,1014.6195849999999,2029.2391699999998,198.58916999999974
9964,31,44,2024-07-28,13,140489.0,2159.34,5.6465,12192.71331,158505.27302999998,18016.273029999982
4557,29,54,2024-07-29,6,692748.55,23191.9,5.6479,130985.53201000001,785913.19206,93164.64205999998
1247,10,134,2024-07-29,12,56611.0,948.15,5.6479,5355.056385,64260.67662,7649.676619999998
8131,27,143,2024-07-29,12,53237.0,896.83,5.6479,5065.2061570000005,60782.47388400001,7545.473884000006
4954,45,42,2024-07-29,1,5693.35,1263.57,5.6479,7136.517003,7136.517003,1443.1670029999996
8424,7,140,2024-07-29,14,41689.8,612.49,5.6479,3459.282271,48429.951794,6740.151793999998
12,27,48,2024-07-29,13,191573.0,2940.57,5.6479,16608.045303,215904.58893899998,24331.58893899998
9164,3,87,2024-07-29,12,762203.05,13597.7,5.6479,76798.44983,921581.39796,159378.34795999993
917,28,15,2024-07-29,4,111599.0,5267.98,5.6479,29753.024241999996,119012.09696799998,7413.0969679999835
5546,25,7,2024-07-30,7,129799.45,3678.62,5.6532,20795.974584,145571.822088,15772.37208799999
5383,40,44,2024-07-30,9,92398.9,2159.34,5.6532,12207.180888,109864.62799200001,17465.727992000015
9563,16,137,2024-07-30,5,16927.0,673.98,5.6532,3810.143736,19050.718679999998,2123.718679999998
427,42,63,2024-07-30,14,1861436.65,27618.14,5.6532,156130.869048,2185832.1666719997,324395.5166719998
6861,31,14,2024-07-30,1,34020.45,6832.87,5.6532,38627.580684,38627.580684,4607.130684000003
9637,42,90,2024-07-30,9,711876.0,14571.29,5.6532,82374.416628,741369.749652,29493.749652000028
671,2,66,2024-07-30,5,59715.1,2297.7,5.6532,12989.357639999998,64946.788199999995,5231.688199999997
6608,23,33,2024-07-30,7,47010.0,1325.97,5.6532,7495.973604,52471.815228,5461.8152279999995
8629,42,96,2024-07-30,10,706208.0,14776.4,5.6532,83533.94447999999,835339.4447999999,129131.44479999994
1510,8,38,2024-07-30,2,52922.0,5439.42,5.6532,30750.129144,61500.258288,8578.258287999997
3435,30,130,2024-07-30,14,55116.15,752.23,5.6532,4252.506636,59535.092904000005,4418.942904000003
9651,15,143,2024-07-30,5,21072.9,896.83,5.6532,5069.959356,25349.79678,4276.896779999999
5119,24,76,2024-07-30,13,1830248.15,26304.27,5.6532,148703.299164,1933142.889132,102894.73913200013
5107,39,81,2024-07-30,2,244297.0,23685.5,5.6532,133898.8686,267797.7372,23500.737199999974
2075,14,74,2024-07-31,12,986767.85,17160.36,5.6621,97163.674356,1165964.092272,179196.24227199994
8577,36,132,2024-07-31,5,7424.25,314.46,5.6621,1780.5039659999998,8902.51983,1478.2698299999993
7440,25,116,2024-07-31,8,20604.0,502.24,5.6621,2843.733104,22749.864832,2145.8648319999993
3574,14,139,2024-07-31,7,9974.0,246.89,5.6621,1397.915869,9785.411082999999,0.0
2188,2,131,2024-07-31,1,964.0,179.69,5.6621,1017.422749,1017.422749,53.42274899999995
1509,42,129,2024-07-31,12,37235.25,661.98,5.6621,3748.196958,44978.363496,7743.113495999998
7318,2,51,2024-07-31,14,853314.7,12243.38,5.6621,69323.241898,970525.3865719999,117210.68657199992
7387,24,33,2024-07-31,10,63800.1,1325.97,5.6621,7507.774737,75077.74737,11277.647369999999
458,41,13,2024-07-31,3,23241.0,1356.5,5.6621,7680.63865,23041.91595,0.0
9212,29,119,2024-07-31,1,3093.2,669.88,5.6621,3792.9275479999997,3792.9275479999997,699.7275479999998
8892,48,54,2024-07-31,10,1215348.0,23191.9,5.6621,131314.85699,1313148.5699,97800.5699
3946,25,9,2024-07-31,6,226321.35,7544.56,5.6621,42718.053176,256308.319056,29986.969056
2633,19,94,2024-08-01,14,541986.4,8022.13,5.6681,45470.235053,636583.290742,94596.89074199996
3646,23,145,2024-08-01,6,26099.0,875.03,5.6681,4959.757543,29758.545258,3659.5452579999983
1188,42,142,2024-08-01,8,6611.0,169.88,5.6681,962.8968279999999,7703.174623999999,1092.1746239999993
8524,48,121,2024-08-01,8,29554.0,747.93,5.6681,4239.342033,33914.736264,4360.736263999999
7470,42,1,2024-08-01,12,377596.5,6633.66,5.6681,37600.248245999996,451202.9789519999,73606.47895199992
2886,21,147,2024-08-01,6,18180.0,592.19,5.6681,3356.5921390000003,20139.552834000002,1959.552834000002
2787,28,44,2024-08-01,2,21614.0,2159.34,5.6681,12239.355054000001,24478.710108000003,2864.710108000003
2317,20,107,2024-08-01,15,22701.0,311.59,5.6681,1766.123279,26491.849185,3790.849184999999
3482,14,63,2024-08-01,4,559831.0,27618.14,5.6681,156542.379334,626169.517336,66338.51733599999
2782,35,65,2024-08-01,2,51115.0,4996.52,5.6681,28320.775012000002,56641.550024000004,5526.550024000004
6708,13,106,2024-08-01,2,8770.0,918.37,5.6681,5205.412997,10410.825994,1640.8259940000007
3771,27,70,2024-08-02,13,424289.95,6083.51,5.7366,34898.663466000005,453682.6250580001,29392.67505800008
4647,3,70,2024-08-02,1,34355.0,6083.51,5.7366,34898.663466000005,34898.663466000005,543.6634660000054
6335,5,87,2024-08-02,10,668599.0,13597.7,5.7366,78004.56582,780045.6582000001,111446.65820000006
9895,18,135,2024-08-02,10,16445.0,328.1,5.7366,1882.17846,18821.7846,2376.784599999999
3055,21,94,2024-08-02,6,232279.75,8022.13,5.7366,46019.750958000004,276118.505748,43838.755747999996
5192,11,54,2024-08-02,13,1579953.0,23191.9,5.7366,133042.65354,1729554.49602,149601.49601999996
6569,25,25,2024-08-02,13,149761.8,2430.59,5.7366,13943.322594000001,181263.19372200003,31501.393722000037
5855,19,50,2024-08-02,5,53561.0,2378.45,5.7366,13644.216269999999,68221.08135,14660.081349999993
8771,45,79,2024-08-03,4,251357.65,11935.56,5.7366,68469.533496,273878.133984,22520.48398400002
9509,42,140,2024-08-03,10,29778.7,612.49,5.7366,3513.610134,35136.10134,5357.40134
3533,38,42,2024-08-03,12,68318.3,1263.57,5.7366,7248.595662,86983.147944,18664.847943999994
7938,38,80,2024-08-03,7,859338.65,24177.04,5.7366,138694.007664,970858.053648,111519.40364799998
4626,40,14,2024-08-03,2,71622.0,6832.87,5.7366,39197.442042,78394.884084,6772.884084000005
7026,3,90,2024-08-03,5,375712.65,14571.29,5.7366,83589.66221400001,417948.31107000005,42235.66107000003
8188,4,130,2024-08-03,2,8288.0,752.23,5.7366,4315.242618,8630.485236,342.48523600000044
9832,43,129,2024-08-03,10,31028.9,661.98,5.7366,3797.5144680000003,37975.144680000005,6946.244680000003
7191,17,5,2024-08-03,10,236690.0,4752.24,5.7366,27261.699984,272616.99984,35926.999840000004
7197,41,117,2024-08-03,12,46774.2,823.4,5.7366,4723.51644,56682.19728000001,9907.99728000001
9248,14,145,2024-08-03,11,47848.0,875.03,5.7366,5019.697098,55216.668077999995,7368.668077999995
4689,30,113,2024-08-03,4,16701.0,815.5,5.7366,4678.1973,18712.7892,2011.7891999999993
2358,34,67,2024-08-03,9,733495.95,16720.73,5.7366,95920.139718,863281.257462,129785.30746200006
1655,34,63,2024-08-04,9,1196638.05,27618.14,5.7366,158434.221924,1425907.997316,229269.947316
9861,1,138,2024-08-04,9,37647.0,836.88,5.7366,4800.845808,43207.612272,5560.6122719999985
9057,34,14,2024-08-04,14,476287.25,6832.87,5.7366,39197.442042,548764.188588,72476.93858800002
3084,19,41,2024-08-04,8,80560.0,1906.75,5.7366,10938.262050000001,87506.09640000001,6946.096400000009
5590,31,48,2024-08-04,10,139995.8,2940.57,5.7366,16868.873862,168688.73862000002,28692.93862000003
9931,8,76,2024-08-04,8,1185586.0,26304.27,5.7366,150897.075282,1207176.602256,21590.602256000042
9951,25,50,2024-08-04,10,112760.0,2378.45,5.7366,13644.216269999999,136442.1627,23682.162699999986
230,14,78,2024-08-04,5,578367.6,24425.59,5.7366,140119.839594,700599.19797,122231.59797
1794,26,68,2024-08-04,3,190656.45,13317.89,5.7366,76399.40777399999,229198.22332199998,38541.773321999965
9939,47,10,2024-08-04,1,30431.35,6547.91,5.7366,37562.740506,37562.740506,7131.390506000003
645,22,97,2024-08-04,9,1218016.0,25607.88,5.7366,146902.164408,1322119.479672,104103.47967200004
302,44,74,2024-08-04,11,904536.8,17160.36,5.7366,98442.121176,1082863.332936,178326.53293600003
5596,3,109,2024-08-04,15,9340.0,123.24,5.7366,706.978584,10604.678759999999,1264.6787599999989
9669,8,41,2024-08-05,7,74200.0,1906.75,5.7646,10991.651049999999,76941.55734999999,2741.557349999988
300,19,62,2024-08-05,1,102222.0,20000.78,5.7646,115296.49638799999,115296.49638799999,13074.496387999985
6192,36,66,2024-08-05,6,75430.0,2297.7,5.7646,13245.321419999998,79471.92851999999,4041.9285199999867
9013,3,77,2024-08-05,11,491751.0,8959.75,5.7646,51649.37485,568143.12335,76392.12335000001
9623,41,71,2024-08-05,13,1692263.0,27484.92,5.7646,158439.56983199998,2059714.4078159998,367451.4078159998
1385,5,26,2024-08-06,11,180609.25,3378.85,5.6528,19099.96328,210099.59608,29490.34607999999
4124,44,101,2024-08-06,3,1390.0,82.96,5.6528,468.956288,1406.868864,16.86886400000003
4810,2,143,2024-08-06,9,39928.0,896.83,5.6528,5069.600624000001,45626.405616000004,5698.405616000004
1207,45,89,2024-08-06,5,393390.0,14832.32,5.6528,83844.138496,419220.69247999997,25830.69247999997
853,35,86,2024-08-06,4,374093.0,17824.79,5.6528,100759.97291200001,403039.89164800005,28946.891648000048
5952,8,72,2024-08-06,9,896982.0,30675.48,5.6528,173402.353344,1560621.180096,663639.180096
6432,14,82,2024-08-06,7,361438.0,9770.29,5.6528,55229.49531200001,386606.46718400007,25168.467184000066
374,6,22,2024-08-06,15,562203.35,7630.67,5.6528,43134.651376,647019.77064,84816.42064000003
1453,43,42,2024-08-06,3,17080.05,1263.57,5.6528,7142.708495999999,21428.125487999998,4348.075487999999
5783,27,97,2024-08-06,1,135335.0,25607.88,5.6528,144756.224064,144756.224064,9421.22406400001
3583,28,47,2024-08-06,12,73476.0,1116.66,5.6528,6312.255648,75747.06777600001,2271.067776000011
790,3,30,2024-08-06,8,257983.0,6558.44,5.6528,37073.549631999995,296588.39705599996,38605.39705599996
3269,44,135,2024-08-06,11,18090.0,328.1,5.6528,1854.68368,20401.52048,2311.520479999999
6475,43,88,2024-08-06,2,96673.0,9896.1,5.6528,55940.674080000004,111881.34816000001,15208.348160000009
9188,47,64,2024-08-07,13,1377093.4,21352.22,5.6093,119771.00764600001,1557023.0993980002,179929.69939800026
8057,37,120,2024-08-07,5,15622.0,635.45,5.6093,3564.4296850000005,17822.148425000003,2200.148425000003
5923,12,72,2024-08-07,6,568088.6,30675.48,5.6093,172067.969964,1032407.8197839999,464319.21978399996
4726,27,14,2024-08-07,8,272164.55,6832.87,5.6093,38327.617691,306620.941528,34456.39152800001
5623,37,70,2024-08-07,4,130550.9,6083.51,5.6093,34124.232643,136496.930572,5946.030572000018
1786,31,149,2024-08-07,9,10473.0,225.94,5.6093,1267.365242,11406.287178,933.2871780000005
3740,37,86,2024-08-07,14,1243857.8,17824.79,5.6093,99984.59454700002,1399784.3236580002,155926.52365800017
5904,39,141,2024-08-07,2,9564.0,972.86,5.6093,5457.063598000001,10914.127196000001,1350.1271960000013
6298,35,65,2024-08-07,5,127788.0,4996.52,5.6093,28026.979636000004,140134.89818000002,12346.898180000018
7326,2,39,2024-08-07,1,29633.0,5270.87,5.6093,29565.891091,29565.891091,0.0
9815,4,141,2024-08-07,6,27256.45,972.86,5.6093,5457.063598000001,32742.381588000004,5485.931588000003
7154,23,6,2024-08-07,7,78603.95,2172.43,5.6093,12185.811598999999,85300.681193,6696.731193
9102,22,5,2024-08-07,15,355035.0,4752.24,5.6093,26656.739832,399851.09748,44816.09748
7863,23,31,2024-08-07,2,16566.0,1482.91,5.6093,8318.087063,16636.174126,70.1741260000017
4281,5,143,2024-08-08,8,33716.45,896.83,5.6172,5037.673476000001,40301.38780800001,6584.93780800001
9622,33,100,2024-08-08,4,418401.0,19807.28,5.6172,111261.453216,445045.812864,26644.812863999978
641,37,134,2024-08-08,6,26890.7,948.15,5.6172,5325.94818,31955.689080000004,5064.989080000003
4704,28,40,2024-08-08,2,28368.0,2867.26,5.6172,16105.972872000002,32211.945744000004,3843.945744000004
513,18,47,2024-08-08,3,17450.55,1116.66,5.6172,6272.502552000001,18817.507656,1366.9576560000023
7300,22,132,2024-08-08,13,19303.05,314.46,5.6172,1766.384712,22963.001256,3659.9512560000003
1803,2,75,2024-08-08,12,393221.0,6193.58,5.6172,34790.577576,417486.930912,24265.93091200001
8480,8,17,2024-08-08,12,160041.75,2833.14,5.6172,15914.314008000001,190971.768096,30930.018096000014
8183,11,61,2024-08-08,9,239559.6,5396.92,5.6172,30315.579024000002,272840.211216,33280.61121600002
5133,28,60,2024-08-08,10,1087511.0,22370.78,5.6172,125661.145416,1256611.45416,169100.45415999996
595,21,49,2024-08-08,5,63004.95,2627.0,5.6172,14756.3844,73781.922,10776.972000000009
4807,3,108,2024-08-08,9,30110.0,688.83,5.6172,3869.2958760000006,34823.662884000005,4713.662884000005
7820,43,143,2024-08-08,5,22182.0,896.83,5.6172,5037.673476000001,25188.367380000003,3006.3673800000033
684,1,63,2024-08-08,12,1679492.0,27618.14,5.6172,155136.616008,1861639.3920960003,182147.39209600026
4964,32,87,2024-08-08,4,267440.0,13597.7,5.6172,76381.00044,305524.00176,38084.001760000014
3847,49,53,2024-08-08,10,536750.0,9496.3,5.6172,53342.61636,533426.1636,0.0
6782,3,149,2024-08-09,3,3491.0,225.94,5.5115,1245.26831,3735.80493,244.80492999999979
7562,14,131,2024-08-09,3,2746.45,179.69,5.5115,990.3614349999999,2971.084305,224.63430500000004
216,9,55,2024-08-09,3,313463.9,22138.68,5.5115,122017.33482,366052.00446,52588.10446
1359,16,141,2024-08-09,4,19127.0,972.86,5.5115,5361.91789,21447.67156,2320.671559999999
1054,17,138,2024-08-09,2,8366.0,836.88,5.5115,4612.46412,9224.92824,858.9282399999993
5108,21,55,2024-08-09,4,417951.55,22138.68,5.5115,122017.33482,488069.33928,70117.78928000003
9817,38,73,2024-08-09,5,715800.0,28694.54,5.5115,158149.95721,790749.78605,74949.78605
6169,47,30,2024-08-09,10,306355.05,6558.44,5.5115,36146.842059999995,361468.42059999995,55113.370599999966
6047,31,58,2024-08-09,4,435298.0,19252.13,5.5115,106108.114495,424432.45798,0.0
6692,27,99,2024-08-09,7,713323.65,18977.86,5.5115,104596.47539,732175.32773,18851.677729999996
1147,14,120,2024-08-09,15,44523.65,635.45,5.5115,3502.282675,52534.240125,8010.590124999995
3688,48,115,2024-08-09,11,9136.0,167.9,5.5115,925.38085,10179.18935,1043.1893500000006
2125,3,78,2024-08-09,12,1388082.05,24425.59,5.5115,134621.63928499998,1615459.6714199998,227377.62141999975
5617,21,127,2024-08-09,1,1549.0,296.24,5.5115,1632.72676,1632.72676,83.72676000000001
7780,34,30,2024-08-09,15,459532.1,6558.44,5.5115,36146.842059999995,542202.6309,82670.53090000001
7131,31,1,2024-08-09,9,283197.85,5774.5,5.5115,31826.15675,286435.41075,3237.560750000004
1782,12,3,2024-08-09,4,34292.15,1753.77,5.5115,9665.903355,38663.61342,4371.46342
7220,37,25,2024-08-09,6,69121.05,2430.59,5.5115,13396.196785,80377.18071,11256.130709999998
2608,11,93,2024-08-09,9,904293.0,19072.72,5.5115,105119.29628000001,946073.6665200001,41780.666520000086
72,16,48,2024-08-10,2,29473.0,2940.57,5.5115,16206.951555,32413.90311,2940.9031099999993
6840,13,23,2024-08-10,15,159295.05,2244.66,5.5115,12371.443589999999,185571.65384999997,26276.603849999985
6181,31,11,2024-08-10,12,434783.0,7246.24,5.5115,39937.65176,479251.82112,44468.82111999998
8446,39,127,2024-08-10,8,11775.25,296.24,5.5115,1632.72676,13061.81408,1286.56408
8743,10,129,2024-08-10,10,32662.0,661.98,5.5115,3648.50277,36485.0277,3823.0276999999987
7865,17,16,2024-08-10,1,30006.0,5491.48,5.5115,30266.292019999997,30266.292019999997,260.29201999999714
4636,45,111,2024-08-10,7,28497.15,860.37,5.5115,4741.929255,33193.504785,4696.354784999996
1032,2,35,2024-08-10,4,44022.0,2106.85,5.5115,11611.903774999999,46447.615099999995,2425.6150999999954
5012,7,105,2024-08-10,3,882.55,57.36,5.5115,316.13964,948.41892,65.86892
107,38,98,2024-08-10,8,634889.0,15850.04,5.5115,87357.49546,698859.96368,63970.963680000044
288,23,138,2024-08-10,2,7947.7,836.88,5.5115,4612.46412,9224.92824,1277.2282399999995
5716,43,5,2024-08-10,7,157398.85,4752.24,5.5115,26191.970759999997,183343.79531999998,25944.94531999997
7466,44,114,2024-08-10,8,6394.0,152.46,5.5115,840.28329,6722.26632,328.2663199999997
282,30,130,2024-08-10,1,4144.0,752.23,5.5115,4145.915645,4145.915645,1.9156450000000405
8120,1,56,2024-08-10,13,530911.3,8087.59,5.5115,44574.752285,579471.779705,48560.47970499995
2011,33,47,2024-08-10,1,6123.0,1116.66,5.5115,6154.47159,6154.47159,31.471590000000106
4719,9,100,2024-08-11,4,418401.0,19807.28,5.5115,109167.82371999999,436671.29487999994,18270.294879999943
4552,12,116,2024-08-11,9,22021.0,502.24,5.5115,2768.09576,24912.86184,2891.8618400000014
1614,5,142,2024-08-11,1,784.7,169.88,5.5115,936.2936199999999,936.2936199999999,151.59361999999987
5195,30,80,2024-08-11,13,1595914.5,24177.04,5.5115,133251.75596,1732272.8274800002,136358.3274800002
7676,23,138,2024-08-11,3,12549.0,836.88,5.5115,4612.46412,13837.392359999998,1288.392359999998
2941,29,34,2024-08-11,4,18686.5,951.66,5.5115,5245.07409,20980.29636,2293.7963600000003
9551,45,133,2024-08-11,9,16182.3,381.67,5.5115,2103.574205,18932.167845,2749.8678450000007
313,27,12,2024-08-11,1,2589.7,481.53,5.5115,2653.9525949999997,2653.9525949999997,64.25259499999993
6045,14,132,2024-08-11,8,12504.0,314.46,5.5115,1733.14629,13865.17032,1361.1703199999993
5709,30,135,2024-08-11,5,7811.85,328.1,5.5115,1808.3231500000002,9041.61575,1229.7657500000005
7434,15,45,2024-08-11,7,69326.0,1881.33,5.5115,10368.950294999999,72582.65206499999,3256.6520649999875
5460,1,11,2024-08-11,6,217391.0,7246.24,5.5115,39937.65176,239625.91056,22234.91055999999
532,41,59,2024-08-11,6,496847.15,17522.59,5.5115,96575.754785,579454.52871,82607.37870999996
1102,4,1,2024-08-11,14,463715.0,5774.5,5.5115,31826.15675,445566.1945,0.0
557,44,43,2024-08-11,4,140387.0,6219.32,5.5115,34277.782179999995,137111.12871999998,0.0
8894,44,76,2024-08-11,14,2074775.0,26304.27,5.5115,144975.984105,2029663.77747,0.0
5174,23,127,2024-08-12,11,17043.0,296.24,5.4911,1626.6834640000002,17893.518104000002,850.5181040000025
5719,22,120,2024-08-12,10,29682.75,635.45,5.4911,3489.3194950000006,34893.194950000005,5210.444950000005
3940,9,16,2024-08-12,8,228045.6,5491.48,5.4911,30154.265828,241234.126624,13188.526623999991
2455,35,111,2024-08-12,13,52922.6,860.37,5.4911,4724.377707000001,61416.91019100001,8494.310191000011
9850,24,133,2024-08-12,5,9464.0,381.67,5.4911,2095.788137,10478.940685,1014.9406849999996
3677,7,66,2024-08-12,15,179145.3,2297.7,5.4911,12616.90047,189253.50705000001,10108.207050000026
1810,9,48,2024-08-12,8,117891.0,2940.57,5.4911,16146.963927000003,129175.71141600002,11284.71141600002
6892,48,26,2024-08-12,2,32837.7,3378.85,5.4911,18553.603235000002,37107.206470000005,4269.5064700000075
9136,15,133,2024-08-12,5,8990.8,381.67,5.4911,2095.788137,10478.940685,1488.1406850000003
8570,43,126,2024-08-12,11,27975.6,467.05,5.4911,2564.6182550000003,28210.800805000003,235.20080500000404
3310,41,34,2024-08-12,6,28029.75,951.66,5.4911,5225.660226,31353.961356,3324.211356
4302,17,5,2024-08-12,8,189352.0,4752.24,5.4911,26095.025064,208760.200512,19408.20051200001
7931,41,104,2024-08-12,15,52910.25,742.54,5.4911,4077.361394,61160.42091,8250.17091
6235,16,41,2024-08-12,15,159000.0,1906.75,5.4911,10470.154925,157052.323875,0.0
3059,4,29,2024-08-12,13,450902.3,7689.63,5.4911,42224.52729300001,548918.854809,98016.55480900005
6426,36,95,2024-08-12,5,331588.0,12945.63,5.4911,71085.748893,355428.744465,23840.744464999996
6026,7,77,2024-08-12,13,552102.95,8959.75,5.4911,49198.883225000005,639585.4819250001,87482.53192500013
7673,47,78,2024-08-13,5,608808.0,24425.59,5.4875,134035.425125,670177.1256250001,61369.1256250001
78,43,105,2024-08-13,7,2167.0,57.36,5.4875,314.763,2203.341,36.340999999999894
8148,25,40,2024-08-13,1,13474.8,2867.26,5.4875,15734.08925,15734.08925,2259.2892500000016
4664,30,127,2024-08-13,2,2944.05,296.24,5.4875,1625.617,3251.234,307.18399999999974
3872,8,96,2024-08-13,10,670897.6,14776.4,5.4875,81085.495,810854.95,139957.34999999998
3300,15,53,2024-08-13,11,590425.0,9496.3,5.4875,52110.94624999999,573220.40875,0.0
3013,36,146,2024-08-13,4,1884.8,87.83,5.4875,481.96712499999995,1927.8684999999998,43.06849999999986
4746,45,31,2024-08-13,11,91114.0,1482.91,5.4875,8137.468625,89512.15487500001,0.0
325,30,130,2024-08-13,8,31495.35,752.23,5.4875,4127.862125,33022.897,1527.5469999999987
2,25,139,2024-08-13,7,9475.3,246.89,5.4875,1354.808875,9483.662124999999,8.36212499999965
7077,11,4,2024-08-13,13,43964.0,679.13,5.4875,3726.7258749999996,48447.436375,4483.4363749999975
6185,10,39,2024-08-13,2,56302.7,5270.87,5.4875,28923.899125,57847.79825,1545.0982500000027
5157,21,147,2024-08-13,3,9090.0,592.19,5.4875,3249.6426250000004,9748.927875000001,658.9278750000012
2819,3,12,2024-08-13,4,10905.0,481.53,5.4875,2642.3958749999997,10569.583499999999,0.0
7685,11,98,2024-08-13,12,952334.0,15850.04,5.4875,86977.0945,1043725.1340000001,91391.13400000008
8981,30,113,2024-08-13,6,25051.5,777.57,5.4875,4266.9153750000005,25601.492250000003,549.992250000003
1602,5,45,2024-08-14,15,141128.2,1881.33,5.4502,10253.624765999999,153804.37149,12676.171489999979
6889,13,97,2024-08-14,3,385704.75,25607.88,5.4502,139568.067576,418704.202728,32999.452728000004
8938,26,54,2024-08-14,14,1616412.65,23191.9,5.4502,126400.49338,1769606.90732,153194.2573200001
8732,18,149,2024-08-14,11,12800.0,225.94,5.4502,1231.4181879999999,13545.600067999998,745.6000679999979
2267,19,12,2024-08-14,3,7770.05,481.53,5.4502,2624.4348059999998,7873.304418,103.25441799999953
6438,14,48,2024-08-14,4,58945.0,2940.57,5.4502,16026.694614,64106.778456,5161.778456
5948,9,90,2024-08-14,1,75142.15,14571.29,5.4502,79416.444758,79416.444758,4274.294758000004
9837,37,57,2024-08-14,15,1781859.0,23810.02,5.4502,129769.371004,1946540.56506,164681.56505999994
6313,24,134,2024-08-14,12,53780.45,948.15,5.4502,5167.607129999999,62011.28555999999,8230.835559999992
8508,12,23,2024-08-14,1,10620.05,2244.66,5.4502,12233.845931999998,12233.845931999998,1613.795931999999
1873,17,66,2024-08-15,10,125716.0,2297.7,5.4651,12557.160269999998,125571.60269999999,0.0
1923,24,24,2024-08-15,15,348483.0,4113.86,5.4651,22482.656285999998,337239.84429,0.0
6671,10,115,2024-08-15,7,5814.0,167.9,5.4651,917.59029,6423.13203,609.1320299999998
1168,45,25,2024-08-15,6,69121.05,2430.59,5.4651,13283.417409,79700.504454,10579.454453999992
8380,46,79,2024-08-15,15,942592.85,11935.56,5.4651,65229.028955999995,978435.4343399999,35842.58433999994
5403,16,137,2024-08-15,13,41810.45,673.98,5.4651,3683.368098,47883.785274,6073.335274000005
5951,7,50,2024-08-15,14,149970.8,2378.45,5.4651,12998.467094999998,181978.53932999997,32007.739329999982
8048,47,4,2024-08-15,11,35340.95,679.13,5.4651,3711.5133629999996,40826.646992999995,5485.696992999998
3949,9,93,2024-08-15,13,1240890.95,19072.72,5.4651,104234.322072,1355046.186936,114155.23693599994
2587,20,105,2024-08-15,11,3405.0,57.36,5.4651,313.47813599999995,3448.2594959999997,43.25949599999967
7933,37,129,2024-08-15,2,6532.0,661.98,5.4651,3617.786898,7235.573796,703.5737959999997
8399,40,115,2024-08-15,12,9967.0,167.9,5.4651,917.59029,11011.08348,1044.0834799999993
902,47,146,2024-08-15,7,3472.0,87.83,5.4651,479.99973299999994,3359.9981309999994,0.0
967,46,15,2024-08-15,8,223198.0,5267.98,5.4651,28790.037497999994,230320.29998399995,7122.299983999954
6306,13,128,2024-08-15,11,51158.0,853.09,5.4651,4662.222159,51284.443749,126.4437489999982
5410,14,97,2024-08-15,12,1542819.95,25607.88,5.4651,139949.624988,1679395.4998559998,136575.54985599988
1802,9,111,2024-08-15,7,29997.0,860.37,5.4651,4702.008086999999,32914.05660899999,2917.056608999992
2353,2,68,2024-08-15,13,826178.9,13317.89,5.4651,72783.600639,946186.808307,120007.90830699995
9481,40,65,2024-08-15,14,357808.0,4996.52,5.4651,27306.481452,382290.740328,24482.740327999985
7694,46,78,2024-08-15,4,487046.0,24425.59,5.4651,133488.291909,533953.167636,46907.16763599997
9132,41,61,2024-08-15,6,168112.0,5396.92,5.4651,29494.707491999998,176968.24495199998,8856.24495199998
9385,44,31,2024-08-15,2,15737.7,1482.91,5.4651,8104.251441,16208.502882,470.80288199999995
2677,4,104,2024-08-16,1,3527.35,742.54,5.4632,4056.6445279999994,4056.6445279999994,529.2945279999994
1920,24,69,2024-08-16,12,543180.0,8620.92,5.4632,47097.810143999995,565173.721728,21993.721727999975
5665,47,94,2024-08-16,1,38713.45,8022.13,5.4632,43826.500616,43826.500616,5113.050616
7627,12,5,2024-08-16,15,337283.25,4752.24,5.4632,25962.437567999998,389436.56351999997,52153.31351999997
2800,37,126,2024-08-16,5,12715.75,467.05,5.4632,2551.58756,12757.9378,42.1877999999997
4936,16,133,2024-08-16,1,1893.0,381.67,5.4632,2085.139544,2085.139544,192.13954400000011
9673,9,82,2024-08-16,10,490523.0,9770.29,5.4632,53377.048328000004,533770.48328,43247.483280000044
6577,7,34,2024-08-16,11,51388.35,951.66,5.4632,5199.108912,57190.198032,5801.848032000002
4937,12,63,2024-08-16,7,930718.8,27618.14,5.4632,150883.422448,1056183.957136,125465.157136
1041,33,6,2024-08-16,2,23640.0,2172.43,5.4632,11868.419575999998,23736.839151999997,96.83915199999683
8019,13,56,2024-08-16,12,490071.75,8087.59,5.4632,44184.121688,530209.460256,40137.71025600005
4718,32,110,2024-08-16,5,11854.1,476.03,5.4632,2600.6470959999997,13003.23548,1149.135479999999
2468,32,39,2024-08-17,4,118531.0,5270.87,5.4632,28795.816983999997,115183.26793599999,0.0
1427,33,134,2024-08-17,7,33023.0,948.15,5.4632,5179.93308,36259.531559999996,3236.531559999996
1912,21,5,2024-08-17,5,112427.75,4752.24,5.4632,25962.437567999998,129812.18783999998,17384.437839999984
4651,22,71,2024-08-17,14,1822437.0,27484.92,5.4632,150155.61494399997,2102178.6092159995,279741.6092159995
589,42,93,2024-08-17,14,1406678.0,19072.72,5.4632,104198.083904,1458773.174656,52095.17465599999
7722,33,103,2024-08-17,1,1699.55,325.52,5.4632,1778.3808639999997,1778.3808639999997,78.83086399999979
234,46,22,2024-08-17,2,74960.7,7630.67,5.4632,41687.876344,83375.752688,8415.052687999996
4743,13,142,2024-08-17,13,10205.85,169.88,5.4632,928.0884159999999,12065.149408,1859.299407999999
9388,34,35,2024-08-17,8,88044.0,2106.85,5.4632,11510.142919999998,92081.14335999999,4037.1433599999873
9169,48,150,2024-08-17,7,10944.0,332.26,5.4632,1815.2028319999997,12706.419823999999,1762.4198239999987
7105,39,108,2024-08-17,14,44496.1,688.83,5.4632,3763.2160559999998,52685.024783999994,8188.924783999995
1059,15,150,2024-08-17,4,6583.0,332.26,5.4632,1815.2028319999997,7260.811327999999,677.8113279999989
7185,48,125,2024-08-17,11,37423.0,646.27,5.4632,3530.7022639999996,38837.724903999995,1414.7249039999951
8049,14,127,2024-08-17,4,6197.0,296.24,5.4632,1618.4183679999999,6473.6734719999995,276.6734719999995
7402,23,101,2024-08-18,15,6951.0,82.96,5.4632,453.2270719999999,6798.406079999999,0.0
8530,48,72,2024-08-18,7,662769.4,30675.48,5.4632,167586.28233599997,1173103.976352,510334.5763519999
2933,26,14,2024-08-18,8,286489.0,6832.87,5.4632,37329.335384,298634.683072,12145.683071999985
9586,16,19,2024-08-18,1,16432.0,3358.13,5.4632,18346.135815999998,18346.135815999998,1914.1358159999982
543,3,6,2024-08-18,2,23640.0,2172.43,5.4632,11868.419575999998,23736.839151999997,96.83915199999683
7648,6,81,2024-08-18,2,232082.15,23685.5,5.4632,129398.62359999999,258797.24719999998,26715.09719999999
4667,25,23,2024-08-18,10,111786.0,2244.66,5.4632,12263.026511999999,122630.26511999998,10844.265119999982
5833,16,45,2024-08-18,13,122310.6,1881.33,5.4632,10278.082056,133615.066728,11304.466728
3970,22,2,2024-08-18,6,79789.55,2829.74,5.4632,15459.435567999997,92756.61340799998,12967.063407999973
7544,38,111,2024-08-18,11,47138.0,860.37,5.4632,4700.3733839999995,51704.10722399999,4566.107223999992
4990,27,2,2024-08-18,2,26596.2,2829.74,5.4632,15459.435567999997,30918.871135999994,4322.671135999994
9523,30,139,2024-08-18,3,4275.0,246.89,5.4632,1348.8094479999997,4046.428343999999,0.0
1355,39,20,2024-08-18,5,146458.65,5689.04,5.4632,31080.363327999996,155401.81663999998,8943.166639999981
715,30,40,2024-08-19,5,70920.0,2867.26,5.4237,15551.158062000002,77755.79031000001,6835.790310000011
7619,30,65,2024-08-19,5,127788.0,4996.52,5.4237,27099.625524000003,135498.12762,7710.127620000014
9688,26,23,2024-08-19,2,21239.15,2244.66,5.4237,12174.362442,24348.724884,3109.574883999998
7602,30,66,2024-08-19,1,12572.0,2297.7,5.4237,12462.03549,12462.03549,0.0
1010,44,116,2024-08-19,5,12234.1,502.24,5.4237,2723.999088,13619.99544,1385.8954400000002
3006,20,122,2024-08-19,2,2645.0,271.3,5.4237,1471.44981,2942.89962,297.89962000000014
7608,10,11,2024-08-19,13,447464.25,7246.24,5.4237,39301.431888,510918.614544,63454.36454400001
648,24,106,2024-08-19,10,43849.0,918.37,5.4237,4980.963369,49809.63369,5960.633690000002
954,48,62,2024-08-19,10,1022220.0,20000.78,5.4237,108478.230486,1084782.30486,62562.30486000003
4411,35,49,2024-08-19,12,151212.45,2627.0,5.4237,14248.0599,170976.7188,19764.26879999999
9075,25,32,2024-08-19,7,87517.0,2240.54,5.4237,12152.016798,85064.11758600001,0.0
4365,44,40,2024-08-19,4,53899.2,2867.26,5.4237,15551.158062000002,62204.63224800001,8305.432248000012
6959,7,81,2024-08-19,3,348122.75,23685.5,5.4237,128463.04635,385389.13905,37266.38905
5917,26,108,2024-08-19,3,9535.15,688.83,5.4237,3736.0072710000004,11208.021813000001,1672.8718130000016
6039,32,118,2024-08-19,6,24596.45,893.4,5.4237,4845.53358,29073.201480000003,4476.751480000003
5738,13,148,2024-08-20,1,4786.0,885.1,5.4547,4827.95497,4827.95497,41.954969999999776
9981,48,43,2024-08-20,2,70194.0,6219.32,5.4547,33924.524804,67849.049608,0.0
7811,4,65,2024-08-20,1,25558.0,4996.52,5.4547,27254.517644000003,27254.517644000003,1696.5176440000032
6928,7,10,2024-08-20,13,416430.0,6547.91,5.4547,35716.884677,464319.50080100005,47889.500801000046
3613,31,148,2024-08-20,7,31824.05,885.1,5.4547,4827.95497,33795.68479,1971.63479
9983,10,115,2024-08-20,8,6645.0,167.9,5.4547,915.8441300000001,7326.7530400000005,681.7530400000005
363,49,130,2024-08-20,8,33153.0,752.23,5.4547,4103.188981,32825.511848,0.0
837,44,117,2024-08-20,14,54569.9,823.4,5.4547,4491.39998,62879.59972,8309.699719999997
4639,6,33,2024-08-20,2,13432.0,1325.97,5.4547,7232.768559,14465.537118,1033.5371180000002
3973,32,6,2024-08-20,11,123520.9,2172.43,5.4547,11849.953920999998,130349.49313099998,6828.593130999987
1635,15,107,2024-08-20,8,12107.0,311.59,5.4547,1699.6299729999998,13597.039783999999,1490.0397839999987
5447,41,75,2024-08-20,6,186779.5,6193.58,5.4547,33784.120826,202704.724956,15925.224955999991
8978,43,149,2024-08-20,4,4421.3,225.94,5.4547,1232.434918,4929.739672,508.4396719999995
1895,12,104,2024-08-20,8,29704.0,742.54,5.4547,4050.3329379999996,32402.663503999996,2698.6635039999965
4513,31,142,2024-08-20,13,10205.85,169.88,5.4547,926.6444359999999,12046.377668,1840.5276679999988
3274,31,16,2024-08-21,13,370574.1,5491.48,5.4707,30042.239636,390549.115268,19975.015268000017
3572,2,112,2024-08-21,11,23990.0,406.44,5.4707,2223.511308,24458.624388,468.6243880000002
3801,30,122,2024-08-21,9,11306.9,271.3,5.4707,1484.20091,13357.80819,2050.90819
9641,1,118,2024-08-21,9,36894.2,893.4,5.4707,4887.52338,43987.710419999996,7093.510419999999
1748,3,83,2024-08-21,3,404412.0,35839.7,5.4707,196068.24678999998,588204.7403699999,183792.7403699999
6502,40,85,2024-08-21,13,476446.85,7885.27,5.4707,43137.946589,560793.305657,84346.45565700007
8916,32,122,2024-08-21,9,11902.0,271.3,5.4707,1484.20091,13357.80819,1455.8081899999997
1452,19,75,2024-08-21,11,342429.4,6193.58,5.4707,33883.218106,372715.399166,30285.999165999994
8144,13,111,2024-08-21,13,52922.6,860.37,5.4707,4706.826159,61188.740067000006,8266.140067000008
1326,11,139,2024-08-21,6,8121.55,246.89,5.4707,1350.6611229999999,8103.966737999999,0.0
9471,22,114,2024-08-21,5,3796.2,152.46,5.4707,834.0629220000001,4170.31461,374.11461000000054
2028,21,102,2024-08-21,11,8694.4,199.93,5.4707,1093.757051,12031.327561,3336.9275610000004
5087,20,21,2024-08-21,12,104815.0,1584.96,5.4707,8670.840672,104050.08806400001,0.0
9773,32,46,2024-08-22,1,4734.8,1000.64,5.5524,5555.953535999999,5555.953535999999,821.1535359999989
739,38,65,2024-08-22,4,97119.45,4996.52,5.5524,27742.677648,110970.710592,13851.260592000006
8492,15,110,2024-08-22,7,17469.0,476.03,5.5524,2643.1089719999995,18501.762803999998,1032.7628039999981
167,19,122,2024-08-22,11,13819.65,271.3,5.5524,1506.36612,16570.027319999997,2750.377319999998
2803,39,122,2024-08-22,1,1255.9,271.3,5.5524,1506.36612,1506.36612,250.46611999999982
1244,16,140,2024-08-22,13,38712.5,612.49,5.5524,3400.789476,44210.263188,5497.763187999997
590,12,82,2024-08-22,1,49052.3,9770.29,5.5524,54248.558196,54248.558196,5196.258195999995
3028,35,14,2024-08-22,10,358111.0,6832.87,5.5524,37938.827388,379388.27388,21277.273879999993
58,46,45,2024-08-22,2,19807.0,1881.33,5.5524,10445.896691999998,20891.793383999997,1084.7933839999969
5341,8,56,2024-08-22,5,214944.0,8087.59,5.5524,44905.534715999995,224527.67357999997,9583.673579999973
9193,2,15,2024-08-22,15,397571.2,5267.98,5.5524,29249.932151999994,438748.9822799999,41177.78227999987
4113,2,72,2024-08-22,15,1494970.0,30675.48,5.5524,170322.535152,2554838.02728,1059868.02728
125,44,112,2024-08-23,11,23990.0,406.44,5.5263,2246.109372,24707.203092,717.2030919999997
7357,5,56,2024-08-23,9,386899.0,8087.59,5.5263,44694.448617,402250.03755300003,15351.037553000031
4148,28,69,2024-08-23,8,362120.0,8620.92,5.5263,47641.790196,381134.321568,19014.321568000014
942,28,147,2024-08-23,10,30301.0,592.19,5.5263,3272.6195970000003,32726.195970000004,2425.1959700000043
8402,15,58,2024-08-23,8,870597.0,19694.26,5.5263,108836.389038,870691.112304,94.11230399995111
4053,9,33,2024-08-23,1,6716.0,1325.97,5.5263,7327.708011,7327.708011,611.7080109999997
6710,19,22,2024-08-23,12,449762.3,7630.67,5.5263,42169.371621,506032.459452,56270.15945199999
2731,10,54,2024-08-23,3,346373.8,23191.9,5.5263,128165.39697,384496.19091,38122.39091000002
5014,19,138,2024-08-23,6,25098.0,836.88,5.5263,4624.849944,27749.099663999998,2651.0996639999976
754,9,24,2024-08-23,13,286917.1,4113.86,5.5263,22734.424518,295547.518734,8630.418734000006
751,15,89,2024-08-23,11,865459.0,14832.32,5.5263,81967.850016,901646.3501759999,36187.35017599992
9128,2,44,2024-08-23,10,108068.0,2159.34,5.5263,11933.160642,119331.60642000001,11263.606420000011
9961,11,59,2024-08-23,1,82807.7,17522.59,5.5263,96835.089117,96835.089117,14027.389116999999
4002,11,71,2024-08-23,15,1854980.45,27484.92,5.5263,151889.913396,2278348.70094,423368.25093999994
2033,9,64,2024-08-24,4,423720.9,21352.22,5.5263,117998.773386,471995.093544,48274.19354399998
743,47,20,2024-08-24,8,234334.6,5689.04,5.5263,31439.341752,251514.734016,17180.134015999996
6776,46,80,2024-08-24,9,1163015.0,24177.04,5.5263,133609.576152,1202486.185368,39471.185368000064
4078,29,20,2024-08-24,3,92500.0,5689.04,5.5263,31439.341752,94318.025256,1818.0252559999935
5887,31,68,2024-08-24,7,444866.0,13317.89,5.5263,73598.655507,515190.58854900004,70324.58854900004
6950,1,86,2024-08-24,12,1066164.1,17824.79,5.5263,98505.136977,1182061.643724,115897.54372399999
407,23,59,2024-08-24,15,1307492.0,17522.59,5.5263,96835.089117,1452526.336755,145034.33675500005
2921,26,139,2024-08-24,12,16244.05,246.89,5.5263,1364.388207,16372.658484,128.60848400000032
3870,17,40,2024-08-24,4,53899.2,2867.26,5.5263,15845.338938,63381.355752,9482.155752000006
3186,6,127,2024-08-24,14,20606.45,296.24,5.5263,1637.111112,22919.555568,2313.105567999999
7768,24,150,2024-08-24,8,12506.75,332.26,5.5263,1836.168438,14689.347504,2182.5975039999994
5744,12,29,2024-08-24,2,73021.0,7689.63,5.5263,42495.202269,84990.404538,11969.404538000003
1673,31,143,2024-08-24,6,26619.0,896.83,5.5263,4956.151629,29736.909774,3117.9097739999997
5013,25,51,2024-08-24,9,577431.0,12243.38,5.5263,67660.590894,608945.318046,31514.31804599997
2801,48,101,2024-08-24,8,3521.65,82.96,5.5263,458.461848,3667.694784,146.0447839999997
204,22,138,2024-08-24,8,31790.8,836.88,5.5263,4624.849944,36998.799552,5207.9995519999975
4758,3,88,2024-08-24,8,386692.0,9896.1,5.5263,54688.81743,437510.53944,50818.53944000002
9857,12,44,2024-08-24,2,20533.3,2159.34,5.5263,11933.160642,23866.321284,3333.021284000002
3287,15,27,2024-08-24,10,156858.3,3051.23,5.5263,16862.012349,168620.12349,11761.82349000001
4237,39,125,2024-08-24,11,37423.0,646.27,5.5263,3571.481901,39286.300911,1863.3009109999985
9744,10,80,2024-08-24,13,1679910.0,24177.04,5.5263,133609.576152,1736924.489976,57014.48997600004
10,31,143,2024-08-25,3,12643.55,896.83,5.5263,4956.151629,14868.454887,2224.9048870000006
6161,11,28,2024-08-25,1,14259.0,2776.74,5.5263,15345.098262,15345.098262,1086.0982619999995
1149,21,60,2024-08-25,5,516567.25,22370.78,5.5263,123627.64151399999,618138.20757,101570.95756999997
4026,42,62,2024-08-25,3,291332.7,20000.78,5.5263,110530.310514,331590.931542,40258.231541999965
2431,9,62,2024-08-25,8,817776.0,20000.78,5.5263,110530.310514,884242.484112,66466.48411199998
7617,47,144,2024-08-25,4,8857.0,444.87,5.5263,2458.485081,9833.940324,976.9403239999992
646,44,15,2024-08-25,2,55800.0,5267.98,5.5263,29112.437874,58224.875748,2424.8757479999986
1777,42,27,2024-08-25,8,125487.4,3051.23,5.5263,16862.012349,134896.098792,9408.69879200001
6490,12,20,2024-08-25,6,185001.0,5689.04,5.5263,31439.341752,188636.050512,3635.050511999987
7401,17,100,2024-08-25,14,1464403.0,19807.28,5.5263,109460.97146399999,1532453.600496,68050.60049599991
7870,15,27,2024-08-25,7,109801.0,3051.23,5.5263,16862.012349,118034.08644300001,8233.086443000007
1608,31,15,2024-08-25,9,251098.0,5267.98,5.5263,29112.437874,262011.940866,10913.94086599999
5920,29,45,2024-08-25,5,47043.05,1881.33,5.5263,10396.793979,51983.969895,4940.919894999999
7405,47,68,2024-08-25,12,802765.0,13317.89,5.5263,73598.655507,883183.8660840001,80418.8660840001
8454,34,38,2024-08-25,9,238150.0,4851.61,5.5263,26811.452342999997,241303.07108699996,3153.0710869999602
4603,45,98,2024-08-25,1,75392.95,15850.04,5.5263,87592.076052,87592.076052,12199.126052000007
5749,34,40,2024-08-25,3,40424.4,2867.26,5.5263,15845.338938,47536.016814,7111.616814000001
7692,1,13,2024-08-25,5,36799.2,1356.5,5.5263,7496.42595,37482.12975,682.929750000003
5886,4,19,2024-08-26,1,15610.4,3358.13,5.4921,18443.185773,18443.185773,2832.7857730000014
7578,11,67,2024-08-26,12,1029469.0,16720.73,5.4921,91831.92123299999,1101983.0547959998,72514.05479599978
9741,25,121,2024-08-26,6,22166.0,747.93,5.4921,4107.706353,24646.238117999997,2480.2381179999975
4364,7,3,2024-08-26,11,94302.7,1753.77,5.4921,9631.880217,105950.682387,11647.982386999996
2111,33,143,2024-08-26,7,31055.0,896.83,5.4921,4925.480043,34478.36030099999,3423.3603009999933
2361,13,29,2024-08-26,4,146041.0,7689.63,5.4921,42232.216923,168928.867692,22887.867692
483,41,123,2024-08-26,10,27771.0,535.37,5.4921,2940.305577,29403.05577,1632.055769999999
5430,19,138,2024-08-26,4,16732.0,836.88,5.4921,4596.228647999999,18384.914591999997,1652.9145919999974
1258,45,38,2024-08-26,2,50275.9,4851.61,5.4921,26645.527281,53291.054562,3015.154561999996
8069,4,126,2024-08-26,11,29448.0,467.05,5.4921,2565.085305,28215.938355000002,0.0
8946,3,21,2024-08-26,6,52407.0,1584.96,5.4921,8704.758816,52228.552895999994,0.0
2212,35,42,2024-08-26,1,5693.35,1263.57,5.4921,6939.652797,6939.652797,1246.3027969999994
1757,11,47,2024-08-26,12,73476.0,1116.66,5.4921,6132.808386000001,73593.70063200001,117.70063200000732
3563,7,29,2024-08-26,1,36510.0,7689.63,5.4921,42232.216923,42232.216923,5722.216923
9860,15,45,2024-08-26,14,131719.4,1881.33,5.4921,10332.452492999999,144654.33490199997,12934.934901999979
9470,36,44,2024-08-27,4,41065.65,2159.34,5.4969,11869.676046,47478.704184,6413.0541840000005
8130,23,148,2024-08-27,9,40916.5,885.1,5.4969,4865.30619,43787.755710000005,2871.255710000005
8669,9,128,2024-08-27,10,46507.0,853.09,5.4969,4689.350421,46893.50421,386.50420999999915
909,26,26,2024-08-27,8,131351.75,3378.85,5.4969,18573.200565,148585.60452,17233.854519999993
9106,25,34,2024-08-27,14,68845.0,951.66,5.4969,5231.179854,73236.517956,4391.517955999996
4391,8,80,2024-08-27,10,1227626.1,24177.04,5.4969,132898.771176,1328987.71176,101361.61176
3101,31,145,2024-08-27,12,49588.1,875.03,5.4969,4809.952407,57719.42888399999,8131.328883999995
616,31,52,2024-08-27,1,13018.8,2426.66,5.4969,13339.107354,13339.107354,320.3073540000005
8333,28,82,2024-08-27,3,154902.0,9770.29,5.4969,53706.307101000006,161118.921303,6216.92130300001
8960,35,116,2024-08-27,2,5151.0,502.24,5.4969,2760.7630560000002,5521.5261120000005,370.52611200000047
3687,44,104,2024-08-28,3,10582.05,742.54,5.5315,4107.36001,12322.080030000001,1740.0300300000017
3290,40,8,2024-08-28,4,18940.15,947.05,5.5315,5238.607075,20954.4283,2014.2782999999981
2653,25,83,2024-08-28,13,1664827.5,35839.7,5.5315,198247.30054999999,2577214.90715,912387.4071499999
8306,21,2,2024-08-28,7,97987.0,2829.74,5.5315,15652.70681,109568.94767,11581.947669999994
9379,43,5,2024-08-28,4,94676.0,4752.24,5.5315,26287.01556,105148.06224,10472.06224
9285,27,141,2024-08-28,3,14345.0,972.86,5.5315,5381.3750900000005,16144.12527,1799.1252700000005
9525,40,48,2024-08-28,2,29473.0,2940.57,5.5315,16265.762955000002,32531.525910000004,3058.525910000004
5871,22,86,2024-08-28,2,177693.7,17824.79,5.5315,98597.82588500001,197195.65177000003,19501.951770000014
1489,30,26,2024-08-28,6,103699.0,3378.85,5.5315,18690.108775,112140.65265,8441.652650000004
9713,5,10,2024-08-28,13,416430.0,6547.91,5.5315,36219.764165,470856.934145,54426.93414500001
51,2,52,2024-08-28,4,54816.0,2426.66,5.5315,13423.06979,53692.27916,0.0
4188,11,77,2024-08-28,3,134114.0,8959.75,5.5315,49560.857125,148682.571375,14568.571375
642,33,84,2024-08-28,5,206263.05,8456.45,5.5315,46776.853175000004,233884.265875,27621.215875000024
9793,3,67,2024-08-28,5,407497.75,16720.73,5.5315,92490.717995,462453.589975,54955.83997500001
6421,12,109,2024-08-29,5,2958.3,123.24,5.6358,694.555992,3472.77996,514.4799599999997
5594,8,81,2024-08-29,15,1832227.0,23685.5,5.6358,133486.7409,2002301.1135,170074.11349999998
7126,32,17,2024-08-29,14,196543.0,2833.14,5.6358,15967.010411999998,223538.14576799996,26995.14576799996
2960,37,143,2024-08-29,1,4214.2,896.83,5.6358,5054.354514,5054.354514,840.1545139999998
4100,35,74,2024-08-29,9,779027.0,17160.36,5.6358,96712.356888,870411.211992,91384.211992
8793,27,10,2024-08-29,13,395608.5,6547.91,5.6358,36902.711178,479735.24531399994,84126.74531399994
2404,3,123,2024-08-29,8,22217.0,535.37,5.6358,3017.238246,24137.905968,1920.9059679999991
994,5,103,2024-08-29,11,19681.0,325.52,5.6358,1834.5656159999999,20180.221776,499.2217759999985
220,29,23,2024-08-29,14,148675.95,2244.66,5.6358,12650.454827999998,177106.36759199997,28430.417591999954
9906,49,85,2024-08-29,5,183249.3,7885.27,5.6358,44439.804666,222199.02333000003,38949.72333000004
8791,20,67,2024-08-29,11,896496.0,16720.73,5.6358,94234.69013399999,1036581.5914739999,140085.5914739999
49,14,74,2024-08-29,7,575614.5,17160.36,5.6358,96712.356888,676986.4982159999,101371.99821599992
5894,17,91,2024-08-29,14,1793983.8,27671.77,5.6358,155952.56136599998,2183335.8591239997,389352.0591239997
7123,46,62,2024-08-30,14,1359552.6,20000.78,5.6562,113128.411836,1583797.765704,224245.1657039998
2556,14,89,2024-08-30,4,298976.4,14832.32,5.6562,83894.568384,335578.273536,36601.87353599997
6530,7,70,2024-08-30,11,377910.0,6083.51,5.6562,34409.549262,378505.041882,595.0418819999904
1072,17,110,2024-08-30,9,21337.0,476.03,5.6562,2692.520886,24232.687973999997,2895.6879739999968
206,9,124,2024-08-30,8,28651.05,665.23,5.6562,3762.6739260000004,30101.391408000003,1450.3414080000039
792,26,92,2024-08-30,8,710833.0,16239.74,5.6562,91855.217388,734841.739104,24008.739104000037
5351,31,41,2024-08-30,10,100700.0,1906.75,5.6562,10784.959350000001,107849.59350000002,7149.593500000017
7732,2,148,2024-08-30,6,28713.0,885.1,5.6562,5006.30262,30037.815720000002,1324.8157200000023
2372,20,69,2024-08-30,2,90530.0,8620.92,5.6562,48761.647704,97523.295408,6993.295408000005
9863,44,81,2024-08-30,8,977188.0,23685.5,5.6562,133969.9251,1071759.4008,94571.40079999994
6902,15,143,2024-08-30,9,39928.0,896.83,5.6562,5072.649846,45653.848614,5725.848614000002
4825,35,51,2024-08-31,15,914265.75,12243.38,5.6562,69251.005956,1038765.08934,124499.33933999995
2796,6,11,2024-08-31,13,471015.0,7246.24,5.6562,40986.182688,532820.374944,61805.37494400004
5357,15,75,2024-08-31,11,342429.4,5924.6,5.6562,33510.72252,368617.94772000005,26188.54772000003
7948,17,126,2024-08-31,3,8031.0,467.05,5.6562,2641.72821,7925.184630000001,0.0
3068,35,10,2024-08-31,8,243450.8,6547.91,5.6562,37036.288542,296290.308336,52839.50833600003
3522,48,4,2024-08-31,7,23673.0,679.13,5.6562,3841.295106,26889.065742,3216.065741999999
5020,42,14,2024-08-31,1,35811.0,6832.87,5.6562,38648.079294,38648.079294,2837.079294000003
5035,2,2,2024-08-31,14,186175.3,2829.74,5.6562,16005.575388,224078.055432,37902.755432000005
312,46,101,2024-08-31,12,5282.95,82.96,5.6562,469.23835199999996,5630.860224,347.9102240000002
8983,26,26,2024-08-31,4,65676.35,3378.85,5.6562,19111.45137,76445.80548,10769.45547999999
858,45,53,2024-08-31,4,214700.0,9496.3,5.6562,53712.97206,214851.88824,151.88824000000022
3140,16,85,2024-08-31,5,183249.3,7885.27,5.6562,44600.664174000005,223003.32087000003,39754.02087000004
6224,12,119,2024-08-31,4,12371.85,669.88,5.6562,3788.975256,15155.901024,2784.0510240000003
2869,4,110,2024-08-31,7,16595.55,476.03,5.6562,2692.520886,18847.646202,2252.0962020000006
8299,11,137,2024-08-31,3,10156.0,673.98,5.6562,3812.165676,11436.497028,1280.4970279999998
386,33,73,2024-08-31,10,1431599.0,26171.36,5.6562,148030.446432,1480304.46432,48705.46432000003
7713,36,57,2024-08-31,14,1663068.0,23810.02,5.6562,134674.235124,1885439.291736,222371.29173599998
7605,33,97,2024-08-31,3,406005.0,25607.88,5.6562,144843.290856,434529.872568,28524.87256799999
1309,27,14,2024-08-31,15,510307.7,6832.87,5.6562,38648.079294,579721.18941,69413.48940999998
4472,31,107,2024-08-31,11,15814.65,311.59,5.6562,1762.415358,19386.568938,3571.9189380000007
6618,22,8,2024-08-31,9,42614.15,947.05,5.6562,5356.70421,48210.337889999995,5596.187889999994
187,44,80,2024-09-01,2,245525.6,24177.04,5.6562,136750.173648,273500.347296,27974.747295999987
2578,36,20,2024-09-01,2,61667.0,5689.04,5.6562,32178.348048,64356.696096,2689.6960959999997
6576,22,135,2024-09-01,6,9373.65,328.1,5.6562,1855.79922,11134.795320000001,1761.1453200000014
5993,9,73,2024-09-01,5,715800.0,26171.36,5.6562,148030.446432,740152.23216,24352.232160000014
4826,20,102,2024-09-01,3,2496.0,199.93,5.6562,1130.844066,3392.5321980000003,896.5321980000003
4143,2,141,2024-09-01,11,52600.0,972.86,5.6562,5502.690732,60529.598052,7929.598052000001
798,23,45,2024-09-01,15,148556.0,1881.33,5.6562,10641.178746,159617.68119,11061.681190000003
3992,24,9,2024-09-01,5,188601.6,7258.64,5.6562,41056.319568000006,205281.59784000003,16679.997840000025
7747,36,17,2024-09-01,3,42116.0,2833.14,5.6562,16024.806467999999,48074.419404,5958.419404
9321,33,113,2024-09-01,10,43950.0,777.57,5.6562,4398.091434,43980.91434,30.914340000002994
5203,19,141,2024-09-01,4,18170.65,972.86,5.6562,5502.690732,22010.762928,3840.1129279999986
3544,27,7,2024-09-01,3,58556.0,3678.62,5.6562,20807.010444,62421.031332,3865.0313319999987
2368,23,58,2024-09-02,2,206766.55,19694.26,5.623,110740.82398,221481.64796,14715.097960000014
4598,23,38,2024-09-02,11,276519.35,4851.61,5.623,27280.60303,300086.63333,23567.283330000006
1166,14,118,2024-09-02,13,56096.0,893.4,5.623,5023.5882,65306.6466,9210.6466
5998,36,115,2024-09-02,9,7475.0,167.9,5.623,944.1017,8496.9153,1021.9153000000006
5982,39,85,2024-09-02,12,439796.8,7885.27,5.623,44338.873210000005,532066.4785200001,92269.67852000013
564,13,139,2024-09-02,11,15674.0,246.89,5.623,1388.26247,15270.887169999998,0.0
4009,7,150,2024-09-02,13,21394.0,292.03,5.623,1642.08469,21347.10097,0.0
1353,48,28,2024-09-02,12,171103.0,2776.74,5.623,15613.60902,187363.30823999998,16260.308239999984
8200,41,106,2024-09-02,10,43849.0,918.37,5.623,5163.99451,51639.945100000004,7790.9451000000045
3757,33,61,2024-09-02,14,392261.0,5102.18,5.623,28689.55814,401653.81396,9392.81396
3030,6,133,2024-09-03,15,28391.0,381.67,5.6224,2145.901408,32188.52112,3797.5211200000012
4491,14,60,2024-09-03,5,543755.0,19786.24,5.6224,111246.155776,556230.77888,12475.778879999998
9218,22,74,2024-09-03,12,986767.85,17160.36,5.6224,96482.408064,1157788.896768,171021.046768
9875,22,30,2024-09-03,2,61271.2,6558.44,5.6224,36874.173056,73748.346112,12477.146112000002
5498,7,55,2024-09-03,11,1209859.0,22138.68,5.6224,124472.514432,1369197.658752,159338.65875199996
2874,33,75,2024-09-03,14,435819.15,5924.6,5.6224,33310.471040000004,466346.59456000006,30527.444560000033
9593,47,70,2024-09-03,2,65275.45,6083.51,5.6224,34203.926624,68407.853248,3132.4032480000023
1413,43,143,2024-09-03,7,31055.0,896.83,5.6224,5042.3369920000005,35296.35894400001,4241.358944000007
6835,41,135,2024-09-03,7,11512.0,328.1,5.6224,1844.70944,12912.96608,1400.9660800000001
7680,25,143,2024-09-03,14,62110.0,896.83,5.6224,5042.3369920000005,70592.71788800001,8482.717888000014
9933,5,100,2024-09-03,4,418401.0,19807.28,5.6224,111364.451072,445457.804288,27056.804287999985
5428,14,147,2024-09-03,2,6060.0,592.19,5.6224,3329.5290560000003,6659.058112000001,599.0581120000006
3878,36,116,2024-09-03,5,12234.1,502.24,5.6224,2823.794176,14118.970879999999,1884.8708799999986
9365,44,106,2024-09-03,10,41656.55,918.37,5.6224,5163.443488,51634.43488,9977.884879999998
7337,18,136,2024-09-03,13,25656.0,390.62,5.6224,2196.221888,28550.884544,2894.8845440000005
3253,18,94,2024-09-03,13,503272.95,8022.13,5.6224,45103.623712,586347.108256,83074.15825599997
1117,41,60,2024-09-04,7,723195.1,19786.24,5.6359,111513.27001600001,780592.890112,57397.790112000075
5249,2,32,2024-09-04,11,130650.65,2240.54,5.6359,12627.459386,138902.053246,8251.403246000002
1418,16,33,2024-09-04,10,63800.1,1325.97,5.6359,7473.034323000001,74730.34323000001,10930.243230000015
630,18,67,2024-09-04,13,1059495.1,16720.73,5.6359,94236.362207,1225072.708691,165577.6086909999
2042,15,31,2024-09-04,11,91114.0,1482.91,5.6359,8357.532469000002,91932.85715900002,818.857159000021
5350,38,123,2024-09-04,8,21106.15,535.37,5.6359,3017.291783,24138.334264,3032.1842639999995
3159,10,141,2024-09-04,3,13627.75,972.86,5.6359,5482.941674000001,16448.825022,2821.075022000001
391,29,69,2024-09-04,2,90530.0,8620.92,5.6359,48586.643028000006,97173.28605600001,6643.286056000012
797,3,150,2024-09-04,7,10944.0,292.03,5.6359,1645.851877,11520.963139,576.9631389999995
7095,17,2,2024-09-04,15,199473.4,2829.74,5.6359,15948.131666,239221.97499,39748.574989999994
5227,25,132,2024-09-04,9,14067.0,314.46,5.6359,1772.265114,15950.386026,1883.3860260000001
351,41,6,2024-09-04,14,157208.85,2172.43,5.6359,12243.598237,171410.375318,14201.525318
8001,14,5,2024-09-04,10,224855.5,4752.24,5.6359,26783.149416,267831.49416,42975.99416
3513,35,52,2024-09-04,5,65094.0,2426.66,5.6359,13676.413094,68382.06547,3288.0654700000014
5032,48,88,2024-09-04,9,435028.0,9896.1,5.6359,55773.429990000004,501960.86991,66932.86991000001
2233,48,19,2024-09-04,14,218550.35,3358.13,5.6359,18926.084867,264965.188138,46414.83813800002
1156,21,17,2024-09-04,12,168465.0,2833.14,5.6359,15967.293726,191607.52471199998,23142.524711999984
9081,21,116,2024-09-04,10,25755.0,502.24,5.6359,2830.5744160000004,28305.744160000002,2550.744160000002
4153,5,104,2024-09-05,7,24691.45,742.54,5.6049,4161.862445999999,29133.037121999994,4441.5871219999935
85,18,80,2024-09-05,7,904567.0,24177.04,5.6049,135509.891496,948569.240472,44002.240471999976
61,28,56,2024-09-05,8,326714.5,8087.59,5.6049,45330.133191,362641.065528,35926.56552800001
3071,38,102,2024-09-05,5,3952.0,199.93,5.6049,1120.587657,5602.938285,1650.9382850000002
9506,40,143,2024-09-05,12,53237.0,896.83,5.6049,5026.642467,60319.709603999996,7082.709603999996
3498,21,49,2024-09-05,13,163813.25,2627.0,5.6049,14724.0723,191412.9399,27599.689899999998
2321,24,9,2024-09-05,3,113160.2,7258.64,5.6049,40683.951336,122051.854008,8891.654007999998
5644,17,87,2024-09-05,11,698686.05,13597.7,5.6049,76213.74873,838351.23603,139665.18602999998
7028,10,4,2024-09-05,10,32128.05,679.13,5.6049,3806.4557369999998,38064.557369999995,5936.507369999996
1440,39,23,2024-09-05,13,138055.9,2244.66,5.6049,12581.094834,163554.232842,25498.332842000003
1121,38,122,2024-09-05,4,5025.5,271.3,5.6049,1520.60937,6082.43748,1056.9374799999996
3665,36,127,2024-09-06,14,21691.0,296.24,5.5702,1650.116048,23101.624672,1410.6246720000017
7750,15,42,2024-09-06,4,23971.0,1263.57,5.5702,7038.337613999999,28153.350455999996,4182.3504559999965
148,13,111,2024-09-06,15,61064.1,860.37,5.5702,4792.432974,71886.49461000001,10822.39461000001
5309,27,99,2024-09-06,9,917130.0,18977.86,5.5702,105710.475772,951394.2819480001,34264.281948000076
9275,37,131,2024-09-06,6,5492.9,175.62,5.5702,978.238524,5869.431144,376.5311440000005
6651,8,4,2024-09-06,9,30437.0,679.13,5.5702,3782.889926,34046.009334,3609.009334000002
7000,23,122,2024-09-06,5,6281.4,271.3,5.5702,1511.19526,7555.9763,1274.5763000000006
3717,34,89,2024-09-06,7,523208.7,14832.32,5.5702,82618.988864,578332.922048,55124.222048000025
5897,42,34,2024-09-06,11,54093.0,951.66,5.5702,5300.936532,58310.301852,4217.301851999997
5083,6,34,2024-09-06,3,14753.0,951.66,5.5702,5300.936532,15902.809596,1149.8095959999991
7037,37,83,2024-09-06,10,1348039.0,35839.7,5.5702,199634.29693999997,1996342.9693999998,648303.9693999998
9583,23,35,2024-09-06,3,33017.0,2106.85,5.5702,11735.575869999999,35206.727609999994,2189.7276099999945
3968,24,123,2024-09-06,11,30548.0,535.37,5.5702,2982.117974,32803.297714,2255.2977140000003
6536,9,58,2024-09-06,2,217649.0,19694.26,5.5702,109700.96705199999,219401.93410399999,1752.9341039999854
9500,46,125,2024-09-06,10,32319.95,646.27,5.5702,3599.853154,35998.531539999996,3678.5815399999956
6691,43,67,2024-09-06,7,600523.0,16720.73,5.5702,93137.810246,651964.671722,51441.671722
1078,48,145,2024-09-06,14,60898.0,875.03,5.5702,4874.092106,68237.28948400001,7339.289484000008
6813,32,12,2024-09-06,10,25898.9,481.53,5.5702,2682.218406,26822.18406,923.2840599999981
5024,21,21,2024-09-06,15,124467.1,1584.96,5.5702,8828.544192,132428.16288,7961.062879999983
8437,33,9,2024-09-06,4,150880.9,7258.64,5.5702,40432.076528,161728.306112,10847.406111999997
6437,34,59,2024-09-06,7,579654.85,15467.88,5.5702,86159.185176,603114.296232,23459.446232000017
3204,16,76,2024-09-07,11,1548671.95,26819.81,5.5702,149391.705662,1643308.762282,94636.81228199997
5171,34,38,2024-09-07,7,185228.0,4851.61,5.5702,27024.438022,189171.066154,3943.066154
5001,10,41,2024-09-07,11,110770.0,1906.75,5.5702,10620.97885,116830.76735,6060.767349999995
1252,47,10,2024-09-07,4,128132.0,6547.91,5.5702,36473.168282,145892.673128,17760.673127999995
1057,30,41,2024-09-07,5,53000.0,1906.75,5.5702,10620.97885,53104.89425,104.89424999999756
8279,45,70,2024-09-07,4,130550.9,6083.51,5.5702,33886.367402,135545.469608,4994.56960800002
1211,17,17,2024-09-07,4,56155.0,2833.14,5.5702,15781.156427999998,63124.625711999994,6969.625711999994
5584,42,86,2024-09-07,7,621928.9,17824.79,5.5702,99287.645258,695013.516806,73084.616806
9198,10,133,2024-09-07,5,8990.8,381.67,5.5702,2125.978234,10629.89117,1639.0911700000015
8102,36,95,2024-09-07,6,397905.6,12945.63,5.5702,72109.748226,432658.489356,34752.889356
4453,22,118,2024-09-08,5,21576.0,893.4,5.5702,4976.416679999999,24882.083399999996,3306.083399999996
7171,1,39,2024-09-08,4,112604.45,5270.87,5.5702,29359.800074,117439.200296,4834.750295999998
587,28,113,2024-09-08,7,30765.0,777.57,5.5702,4331.220414,30318.542898000003,0.0
1641,25,147,2024-09-08,4,11514.0,592.19,5.5702,3298.616738,13194.466952,1680.4669520000007
4553,29,42,2024-09-08,11,65921.0,1263.57,5.5702,7038.337613999999,77421.713754,11500.713753999997
6695,38,2,2024-09-08,4,53193.35,2829.74,5.5702,15762.217748,63048.870992,9855.520991999998
7385,19,29,2024-09-08,7,242793.4,7689.63,5.5702,42832.777025999996,299829.439182,57036.03918200001
3897,26,36,2024-09-08,10,226014.0,4476.41,5.5702,24934.498981999997,249344.98981999996,23330.98981999996
2211,5,37,2024-09-08,1,5764.6,1211.89,5.5702,6750.469678,6750.469678,985.869678
7893,15,37,2024-09-08,15,91016.0,1211.89,5.5702,6750.469678,101257.04517000001,10241.045170000012
7262,5,103,2024-09-08,13,22096.05,325.52,5.5702,1813.2115039999999,23571.749551999997,1475.6995519999982
8799,40,30,2024-09-08,1,30635.6,6558.44,5.5702,36531.822488,36531.822488,5896.222487999999
5423,43,105,2024-09-08,12,3714.0,57.36,5.5702,319.506672,3834.0800639999998,120.08006399999977
8772,10,34,2024-09-08,13,63928.0,951.66,5.5702,5300.936532,68912.17491599999,4984.174915999989
8226,24,4,2024-09-08,11,35340.95,679.13,5.5702,3782.889926,41611.789185999995,6270.839185999997
7160,18,97,2024-09-09,15,2030026.0,25607.88,5.6097,143652.524436,2154787.8665400003,124761.86654000031
161,19,126,2024-09-09,8,21416.0,467.05,5.6097,2620.010385,20960.08308,0.0
7238,1,144,2024-09-09,10,22141.0,444.87,5.6097,2495.587239,24955.87239,2814.8723900000005
3141,19,100,2024-09-09,4,397480.95,19807.28,5.6097,111112.89861599999,444451.59446399997,46970.64446399995
693,18,87,2024-09-09,8,534879.0,13597.7,5.6097,76279.01769000001,610232.1415200001,75353.14152000006
4897,26,85,2024-09-09,8,293198.5,7885.27,5.6097,44233.999119,353871.992952,60673.492952
9268,21,1,2024-09-09,6,198735.0,5774.5,5.6097,32393.21265,194359.2759,0.0
3000,18,32,2024-09-09,4,47509.5,2240.54,5.6097,12568.757238,50275.028952,2765.5289520000006
2348,5,18,2024-09-09,12,302925.55,5265.1,5.6097,29535.631470000004,354427.57764000003,51502.027640000044
5836,5,99,2024-09-09,13,1324743.65,18977.86,5.6097,106460.101242,1383981.316146,59237.66614600015
2467,13,64,2024-09-09,8,847441.8,21352.22,5.6097,119779.54853400002,958236.3882720001,110794.58827200008
6670,6,3,2024-09-09,1,8572.8,1753.77,5.6097,9838.123569,9838.123569,1265.3235690000001
4137,27,92,2024-09-09,1,88854.0,16239.74,5.6097,91100.069478,91100.069478,2246.069478000005
8112,37,134,2024-09-09,11,51894.0,948.15,5.6097,5318.837055,58507.207605,6613.207605000003
9991,14,64,2024-09-10,12,1271163.65,21352.22,5.6254,120114.778388,1441377.3406560002,170213.69065600028
6321,2,143,2024-09-10,13,57674.0,896.83,5.6254,5045.027482,65585.357266,7911.357266000006
7944,24,119,2024-09-10,15,46395.15,669.88,5.6254,3768.342952,56525.14428,10129.994279999999
682,20,18,2024-09-10,2,53145.0,5265.1,5.6254,29618.293540000002,59236.587080000005,6091.587080000005
8133,46,11,2024-09-10,2,72464.0,7246.24,5.6254,40762.998496,81525.996992,9061.996992
6520,13,95,2024-09-10,13,862129.75,12945.63,5.6254,72824.347002,946716.5110259999,84586.7610259999
9160,4,125,2024-09-10,3,10206.0,646.27,5.6254,3635.527258,10906.581774,700.5817740000002
6478,14,69,2024-09-10,6,271590.0,8620.92,5.6254,48496.123368,290976.740208,19386.740208000003
4514,8,102,2024-09-10,14,11065.6,199.93,5.6254,1124.686222,15745.607108,4680.007108
360,33,63,2024-09-10,3,419873.0,27618.14,5.6254,155363.084756,466089.254268,46216.25426800002
7571,43,51,2024-09-10,14,898226.0,12243.38,5.6254,68873.909852,964234.7379279999,66008.73792799993
6633,27,126,2024-09-10,11,27975.6,467.05,5.6254,2627.34307,28900.77377,925.1737700000012
2909,16,61,2024-09-11,13,346029.9,5102.18,5.6387,28769.662366,374005.610758,27975.710757999972
7552,41,80,2024-09-11,4,516895.0,24177.04,5.6387,136327.07544800002,545308.3017920001,28413.30179200007
6896,39,65,2024-09-11,7,169958.8,4996.52,5.6387,28173.877324,197217.141268,27258.34126800002
9078,4,1,2024-09-11,8,251731.0,5774.5,5.6387,32560.67315,260485.3852,8754.38519999999
6167,15,108,2024-09-11,7,22248.05,688.83,5.6387,3884.1057210000004,27188.740047000003,4940.690047000004
5819,27,6,2024-09-11,3,35461.0,2172.43,5.6387,12249.681041,36749.043122999996,1288.0431229999958
1484,16,104,2024-09-11,3,10582.05,742.54,5.6387,4186.960298,12560.880894,1978.8308940000006
209,38,15,2024-09-11,10,278998.0,5267.98,5.6387,29704.558825999997,297045.58826,18047.58825999999
2770,20,139,2024-09-11,13,17596.85,246.89,5.6387,1392.138643,18097.802359,500.9523590000026
9795,10,99,2024-09-11,11,1179933.0,18977.86,5.6387,107010.459182,1177115.051002,0.0
9176,4,132,2024-09-11,15,23445.0,314.46,5.6387,1773.1456019999998,26597.184029999997,3152.1840299999967
2747,23,33,2024-09-12,11,73873.0,1325.97,5.6554,7498.890738,82487.798118,8614.798118000006
8323,9,106,2024-09-12,5,20827.8,918.37,5.6554,5193.7496980000005,25968.74849,5140.9484900000025
3341,16,34,2024-09-12,11,51388.35,951.66,5.6554,5382.017964,59202.19760399999,7813.847603999995
4240,37,113,2024-09-12,2,8790.0,777.57,5.6554,4397.469378000001,8794.938756000001,4.938756000001376
3331,5,133,2024-09-12,14,26498.0,381.67,5.6554,2158.4965180000004,30218.951252000006,3720.951252000006
4751,37,66,2024-09-12,9,107487.75,2297.7,5.6554,12994.41258,116949.71322,9461.963220000005
657,19,121,2024-09-12,13,45624.7,747.93,5.6554,4229.843322,54987.96318599999,9363.263185999996
1947,39,140,2024-09-12,11,32756.0,612.49,5.6554,3463.875946,38102.635406,5346.635406000001
3708,10,68,2024-09-12,14,936559.0,13317.89,5.6554,75317.995106,1054451.931484,117892.93148400006
5258,35,145,2024-09-12,7,30449.0,875.03,5.6554,4948.644662,34640.512634,4191.512633999999
2788,6,96,2024-09-12,12,847450.0,14776.4,5.6554,83566.45256,1002797.4307200001,155347.43072000006
258,49,7,2024-09-12,3,55628.2,3678.62,5.6554,20804.067548,62412.202644,6784.002644
6969,19,63,2024-09-12,8,1119661.0,27618.14,5.6554,156191.628956,1249533.031648,129872.031648
45,22,149,2024-09-12,11,12160.0,225.94,5.6554,1277.781076,14055.591836,1895.5918359999996
9958,2,144,2024-09-12,12,25241.5,444.87,5.6554,2515.917798,30191.013575999998,4949.513575999998
9431,35,22,2024-09-13,2,74960.7,7630.67,5.5717,42515.804039,85031.608078,10070.908078000008
3218,4,11,2024-09-13,9,309782.65,7246.24,5.5717,40373.875408,363364.878672,53582.228672
6491,38,125,2024-09-13,15,51031.0,646.27,5.5717,3600.8225589999997,54012.338384999995,2981.3383849999955
5754,14,52,2024-09-13,10,137041.0,2426.66,5.5717,13520.621522,135206.21521999998,0.0
6852,14,147,2024-09-13,13,37421.45,592.19,5.5717,3299.505023,42893.565299,5472.115299000005
4846,40,19,2024-09-13,6,93664.3,3358.13,5.5717,18710.492921,112262.95752600001,18598.65752600001
4426,16,60,2024-09-13,14,1522515.0,19786.24,5.5717,110242.99340800001,1543401.9077120002,20886.90771200019
9327,24,7,2024-09-13,7,129799.45,3678.62,5.5717,20496.167053999998,143473.169378,13673.719377999994
7710,4,61,2024-09-13,13,364242.0,5102.18,5.5717,28427.816306,369561.61197800003,5319.61197800003
908,42,98,2024-09-13,13,1031695.0,15850.04,5.5717,88311.667868,1148051.682284,116356.6822840001
3830,28,18,2024-09-13,7,186007.0,5265.1,5.5717,29335.557670000002,205348.90369,19341.903690000006
5473,7,67,2024-09-13,13,1115258.0,16720.73,5.5717,93162.891341,1211117.5874329999,95859.58743299986
9621,11,144,2024-09-14,12,25241.5,444.87,5.5717,2478.682179,29744.186148,4502.686148000001
3924,35,24,2024-09-14,7,162625.0,4113.86,5.5717,22921.193762,160448.35633399998,0.0
1455,14,130,2024-09-14,5,20720.0,752.23,5.5717,4191.199891,20955.999455,235.99945500000103
1164,4,62,2024-09-14,7,679776.3,20000.78,5.5717,111438.345926,780068.4214819999,100292.12148199987
7454,40,117,2024-09-14,3,12309.0,823.4,5.5717,4587.7377799999995,13763.213339999998,1454.2133399999984
9478,8,60,2024-09-14,6,652507.0,19786.24,5.5717,110242.99340800001,661457.9604480001,8950.960448000114
6555,23,79,2024-09-14,6,396881.0,11873.21,5.5717,66153.964157,396923.78494199994,42.7849419999402
9016,17,15,2024-09-14,9,238543.1,5267.98,5.5717,29351.604165999997,264164.43749399995,25621.33749399995
6574,27,8,2024-09-14,8,39873.0,947.05,5.5717,5276.6784849999995,42213.427879999996,2340.4278799999956
2738,48,140,2024-09-14,13,38712.5,612.49,5.5717,3412.610533,44363.936929,5651.436929000003
6873,42,124,2024-09-14,12,45239.0,665.23,5.5717,3706.461991,44477.543892,0.0
2891,38,89,2024-09-14,14,1046418.35,14122.53,5.5717,78686.500401,1101611.005614,55192.65561399993
226,18,144,2024-09-14,13,27344.8,444.87,5.5717,2478.682179,32222.868327,4878.068327000001
7141,34,35,2024-09-14,7,77039.0,2106.85,5.5717,11738.736144999999,82171.15301499999,5132.153014999989
5535,2,99,2024-09-14,12,1222840.0,18977.86,5.5717,105738.942562,1268867.310744,46027.3107439999
2962,33,148,2024-09-14,10,45463.2,885.1,5.5717,4931.51167,49315.1167,3851.9167000000016
986,36,119,2024-09-15,1,3256.0,669.88,5.5717,3732.370396,3732.370396,476.3703959999998
1,3,136,2024-09-15,9,16873.9,390.62,5.5717,2176.417454,19587.757085999998,2713.8570859999963
5269,25,60,2024-09-15,5,543755.0,19786.24,5.5717,110242.99340800001,551214.96704,7459.967040000018
9170,8,48,2024-09-15,12,176836.0,2605.99,5.5717,14519.794482999998,174237.53379599997,0.0
2209,25,121,2024-09-15,7,24567.0,747.93,5.5717,4167.241580999999,29170.691066999996,4603.691066999996
5213,47,66,2024-09-15,5,62858.0,2297.7,5.5717,12802.095089999999,64010.47545,1152.475449999998
8619,28,92,2024-09-16,8,710833.0,16239.74,5.5207,89654.732618,717237.860944,6404.860943999956
3752,6,45,2024-09-16,14,131719.4,1881.33,5.5207,10386.258531,145407.619434,13688.219433999999
296,38,89,2024-09-16,15,1180171.0,14122.53,5.5207,77966.251371,1169493.7705650001,0.0
4183,46,46,2024-09-16,12,59805.0,1000.64,5.5207,5524.233248,66290.79897599999,6485.798975999991
8901,13,127,2024-09-16,11,17043.0,296.24,5.5207,1635.452168,17989.973848,946.9738480000015
2365,22,115,2024-09-16,3,2367.4,167.9,5.5207,926.92553,2780.77659,413.37658999999985
8976,38,57,2024-09-16,11,1241361.2,23810.02,5.5207,131447.977414,1445927.751554,204566.551554
1185,33,92,2024-09-16,7,590880.05,16239.74,5.5207,89654.732618,627583.128326,36703.0783259999
3240,6,134,2024-09-16,9,40335.1,948.15,5.5207,5234.4517049999995,47110.065344999995,6774.965344999997
7414,3,71,2024-09-16,15,1854980.45,23100.17,5.5207,127529.10851899999,1912936.6277849998,57956.17778499983
1429,47,17,2024-09-16,6,80021.35,2833.14,5.5207,15640.915997999999,93845.495988,13824.14598799999
1139,48,83,2024-09-16,3,384191.4,35839.7,5.5207,197860.23178999996,593580.6953699999,209389.29536999983
270,2,119,2024-09-16,12,39070.0,669.88,5.5207,3698.2065159999997,44378.478191999995,5308.478191999995
4891,1,19,2024-09-16,11,180756.0,3358.13,5.5207,18539.228291,203931.511201,23175.511200999987
7879,8,137,2024-09-16,14,47397.0,673.98,5.5207,3720.841386,52091.779404,4694.779404000001
7598,5,76,2024-09-17,2,281576.2,26819.81,5.501,147535.77481,295071.54962,13495.349619999994
1234,47,129,2024-09-17,1,3102.7,661.98,5.501,3641.55198,3641.55198,538.8519800000004
8588,24,120,2024-09-17,9,26714.0,635.45,5.501,3495.6104500000006,31460.494050000005,4746.494050000005
6745,5,47,2024-09-17,6,34901.1,1116.66,5.501,6142.746660000001,36856.479960000004,1955.3799600000057
5221,7,93,2024-09-17,9,904293.0,19072.72,5.501,104919.03272000002,944271.2944800002,39978.29448000016
2610,6,89,2024-09-17,11,822186.05,14122.53,5.501,77688.03753,854568.41283,32382.36283
3521,3,85,2024-09-17,9,347208.0,7885.27,5.501,43376.87027000001,390391.83243000007,43183.83243000007
7091,3,32,2024-09-17,4,50010.0,2240.54,5.501,12325.21054,49300.84216,0.0
3852,21,129,2024-09-17,15,46543.35,661.98,5.501,3641.55198,54623.2797,8079.929700000001
7653,18,97,2024-09-17,7,899977.75,25607.88,5.501,140868.94788000002,986082.6351600002,86104.88516000018
3875,10,11,2024-09-17,15,516305.05,7246.24,5.501,39861.56624,597923.4936,81618.44360000006
6797,23,5,2024-09-17,11,260359.0,4752.24,5.501,26142.07224,287562.79464000004,27203.794640000036
9281,35,118,2024-09-17,6,24596.45,893.4,5.501,4914.5934,29487.5604,4891.110399999998
952,18,56,2024-09-17,14,601843.0,8087.59,5.501,44489.832590000005,622857.6562600001,21014.656260000076
2332,33,109,2024-09-17,12,7472.0,123.24,5.501,677.9432400000001,8135.318880000001,663.3188800000007
2879,5,115,2024-09-17,8,6312.75,167.9,5.501,923.6179000000001,7388.943200000001,1076.1932000000006
3695,38,6,2024-09-17,1,11820.0,2172.43,5.501,11950.53743,11950.53743,130.5374300000003
6585,14,31,2024-09-17,13,107680.0,1482.91,5.501,8157.487910000001,106047.34283000001,0.0
6002,13,79,2024-09-17,1,66147.0,11873.21,5.501,65314.52821,65314.52821,0.0
8147,48,118,2024-09-17,15,61490.65,893.4,5.501,4914.5934,73718.901,12228.250999999997
2680,15,92,2024-09-18,7,590880.05,16239.74,5.4767,88940.184058,622581.288406,31701.23840599996
2434,11,5,2024-09-18,5,112427.75,4752.24,5.4767,26026.592807999998,130132.96403999999,17705.21403999999
97,25,48,2024-09-18,2,29473.0,2605.99,5.4767,14272.225433,28544.450866,0.0
6653,35,45,2024-09-18,12,118845.0,1881.33,5.4767,10303.480011,123641.760132,4796.760131999996
7432,34,31,2024-09-18,3,23606.55,1482.91,5.4767,8121.453197000001,24364.359591,757.8095910000011
3181,11,132,2024-09-18,7,10941.0,314.46,5.4767,1722.203082,12055.421574,1114.421574
8375,28,24,2024-09-18,14,325251.0,4113.86,5.4767,22530.377062,315425.278868,0.0
857,8,47,2024-09-18,3,17450.55,1116.66,5.4767,6115.611822000001,18346.835466000004,896.2854660000048
1711,4,115,2024-09-18,5,3945.35,167.9,5.4767,919.5379300000001,4597.68965,652.3396500000003
2206,11,146,2024-09-18,9,4464.0,87.83,5.4767,481.018561,4329.167049,0.0
109,39,96,2024-09-18,7,494346.0,14776.4,5.4767,80925.90988,566481.36916,72135.36916
804,2,63,2024-09-18,3,398879.35,27618.14,5.4767,151256.267338,453768.802014,54889.45201400004
6538,11,33,2024-09-18,11,73873.0,1325.97,5.4767,7261.939899,79881.338889,6008.338889000006
3360,13,82,2024-09-18,10,516340.0,9770.29,5.4767,53508.94724300001,535089.4724300001,18749.47243000008
5720,6,38,2024-09-19,11,276519.35,4851.61,5.4189,26290.389429,289194.283719,12674.933719000022
9756,32,84,2024-09-19,7,288768.65,8456.45,5.4189,45824.656905,320772.59833500005,32003.948335000023
4531,4,118,2024-09-19,6,25891.0,893.4,5.4189,4841.24526,29047.471559999998,3156.471559999998
1302,30,6,2024-09-19,11,123520.9,2172.43,5.4189,11772.180927,129493.99019699999,5973.090196999998
4037,33,40,2024-09-19,14,188648.15,2867.26,5.4189,15537.395214,217523.532996,28875.382996
366,18,16,2024-09-19,14,399079.8,5491.48,5.4189,29757.780971999997,416608.93360799993,17529.133607999946
1683,13,32,2024-09-19,2,25005.0,2240.54,5.4189,12141.262206,24282.524412,0.0
508,36,109,2024-09-19,13,7690.25,123.24,5.4189,667.8252359999999,8681.728067999999,991.4780679999985
5963,49,7,2024-09-19,7,136631.0,3678.62,5.4189,19934.073918,139538.51742599998,2907.5174259999767
523,9,130,2024-09-19,7,27558.55,752.23,5.4189,4076.2591469999998,28533.814028999997,975.2640289999981
3448,27,142,2024-09-19,6,4958.0,149.71,5.4189,811.263519,4867.581114,0.0
2207,45,79,2024-09-19,4,264587.0,11873.21,5.4189,64339.737668999995,257358.95067599998,0.0
4724,23,116,2024-09-19,8,20604.0,502.24,5.4189,2721.588336,21772.706688,1168.7066879999984
5728,5,10,2024-09-19,10,304313.5,6547.91,5.4189,35482.469499,354824.69499,50511.19498999999
678,3,107,2024-09-20,10,14377.3,311.59,5.4775,1706.734225,17067.342249999998,2690.0422499999986
9972,25,116,2024-09-20,2,5151.0,502.24,5.4775,2751.0196,5502.0392,351.03920000000016
6317,6,54,2024-09-20,3,364604.0,23191.9,5.4775,127033.63225000001,381100.89675,16496.896750000014
9427,20,66,2024-09-20,9,113145.0,2297.7,5.4775,12585.651749999999,113270.86575,125.8657499999972
4236,21,109,2024-09-20,2,1182.75,123.24,5.4775,675.0471,1350.0942,167.3442
6762,39,30,2024-09-20,12,367625.3,6558.44,5.4775,35923.8551,431086.2612,63460.96120000002
1103,38,12,2024-09-20,9,24536.0,481.53,5.4775,2637.580575,23738.225175,0.0
7378,23,77,2024-09-20,3,134114.0,8959.75,5.4775,49077.030625,147231.09187499998,13117.091874999984
9039,6,63,2024-09-20,3,398879.35,27618.14,5.4775,151278.36185,453835.08554999996,54955.73554999998
887,10,40,2024-09-21,10,134748.0,2867.26,5.4775,15705.416650000001,157054.16650000002,22306.16650000002
75,38,91,2024-09-21,10,1348860.0,27671.77,5.4775,151572.120175,1515721.20175,166861.20175
5674,3,111,2024-09-21,6,24425.45,860.37,5.4775,4712.676675,28276.06005,3850.6100499999993
1870,4,122,2024-09-21,14,17589.25,271.3,5.4775,1486.04575,20804.6405,3215.3905000000013
8712,43,31,2024-09-21,12,94427.15,1482.91,5.4775,8122.6395250000005,97471.67430000001,3044.524300000019
3250,30,109,2024-09-21,3,1774.6,123.24,5.4775,675.0471,2025.1413,250.5413000000001
1425,36,137,2024-09-21,14,45027.15,673.98,5.4775,3691.72545,51684.1563,6657.006300000001
3730,33,104,2024-09-21,9,33417.0,742.54,5.4775,4067.2628499999996,36605.36565,3188.3656499999997
9901,39,144,2024-09-21,9,18930.65,402.54,5.4775,2204.91285,19844.215650000002,913.5656500000005
5143,21,55,2024-09-21,11,1209859.0,22138.68,5.4775,121264.6197,1333910.8166999999,124051.81669999985
7521,4,139,2024-09-21,1,1353.75,246.89,5.4775,1352.3399749999999,1352.3399749999999,0.0
1716,16,48,2024-09-21,15,221045.0,2605.99,5.4775,14274.310225,214114.653375,0.0
7520,19,63,2024-09-22,1,132960.1,27618.14,5.4775,151278.36185,151278.36185,18318.26184999998
2821,34,128,2024-09-22,2,8835.95,853.09,5.4775,4672.800475,9345.60095,509.6509499999993
6743,4,33,2024-09-22,4,26863.0,1325.97,5.4775,7263.000675,29052.0027,2189.002700000001
621,18,107,2024-09-22,8,11501.65,311.59,5.4775,1706.734225,13653.8738,2152.2237999999998
7207,11,26,2024-09-22,15,246285.6,3378.85,5.4775,18507.650875,277614.763125,31329.163124999992
1753,42,27,2024-09-22,13,203916.55,3051.23,5.4775,16713.112325000002,217270.46022500002,13353.910225000029
8138,30,107,2024-09-22,3,4540.0,311.59,5.4775,1706.734225,5120.2026749999995,580.2026749999995
6379,31,6,2024-09-22,10,118202.0,2172.43,5.4775,11899.485325,118994.85325,792.8532500000001
7871,13,87,2024-09-22,11,698686.05,13597.7,5.4775,74481.40175,819295.41925,120609.36924999999
9301,42,85,2024-09-22,7,270051.0,7885.27,5.4775,43191.566425000005,302340.964975,32289.96497500001
6642,35,5,2024-09-22,7,157398.85,4752.24,5.4775,26030.3946,182212.7622,24813.91219999999
8918,8,91,2024-09-22,2,269772.0,27671.77,5.4775,151572.120175,303144.24035,33372.24034999998
7511,2,134,2024-09-22,14,62744.65,948.15,5.4775,5193.491625,72708.88274999999,9964.232749999988
544,28,134,2024-09-22,6,28306.0,948.15,5.4775,5193.491625,31160.94975,2854.9497499999998
2251,29,102,2024-09-22,2,1580.8,199.93,5.4775,1095.116575,2190.23315,609.4331500000001
5866,23,31,2024-09-22,8,62951.75,1482.91,5.4775,8122.6395250000005,64981.116200000004,2029.366200000004
2564,29,42,2024-09-23,5,28465.8,1263.57,5.5446,7005.990221999999,35029.951109999995,6564.151109999995
3799,13,21,2024-09-23,11,91276.0,1584.96,5.5446,8787.969216,96667.66137599999,5391.661375999989
4275,46,54,2024-09-23,13,1500955.35,23191.9,5.5446,128589.80874000001,1671667.51362,170712.16362
8489,48,116,2024-09-23,6,14680.35,502.24,5.5446,2784.719904,16708.319424,2027.9694240000008
5598,46,50,2024-09-23,6,67656.0,2378.45,5.5446,13187.55387,79125.32321999999,11469.323219999991
7299,3,138,2024-09-23,7,29281.0,836.88,5.5446,4640.164848,32481.153936000002,3200.1539360000024
757,37,36,2024-09-23,12,271217.0,4476.41,5.5446,24819.902886,297838.834632,26621.834632000013
3600,34,62,2024-09-23,6,613332.0,20000.78,5.5446,110896.324788,665377.948728,52045.94872800005
5091,15,28,2024-09-23,10,135456.7,2776.74,5.5446,15395.912604,153959.12604,18502.42603999999
6660,42,25,2024-09-23,10,121265.0,2430.59,5.5446,13476.649314,134766.49314,13501.493140000006
4518,25,59,2024-09-23,6,496847.15,15467.88,5.5446,85763.207448,514579.244688,17732.094687999983
6234,38,34,2024-09-23,1,4918.0,951.66,5.5446,5276.574036,5276.574036,358.574036
6363,17,147,2024-09-23,9,27271.0,592.19,5.5446,3283.4566740000005,29551.110066000005,2280.1100660000047
6114,41,19,2024-09-23,2,31221.75,3358.13,5.5446,18619.487598,37238.975196,6017.225195999999
3868,20,118,2024-09-23,12,49191.95,787.87,5.5446,4368.424002,52421.088024,3229.138024
4848,39,53,2024-09-23,11,560903.75,9496.3,5.5446,52653.18498,579185.03478,18281.284779999987
4021,42,29,2024-09-24,8,277478.85,7689.63,5.4702,42063.814026,336510.512208,59031.66220800002
7099,7,71,2024-09-24,10,1301741.0,23100.17,5.4702,126362.549934,1263625.4993399999,0.0
6374,47,28,2024-09-24,2,28517.0,2776.74,5.4702,15189.323148,30378.646296,1861.646295999999
4709,8,112,2024-09-24,15,32714.0,406.44,5.4702,2223.308088,33349.621320000006,635.6213200000057
1709,9,14,2024-09-24,11,374225.9,6832.87,5.4702,37377.165474,411148.820214,36922.92021399998
8372,41,35,2024-09-24,8,83641.8,2106.85,5.4702,11524.89087,92199.12696,8557.326959999991
3036,18,21,2024-09-24,13,113549.0,1584.96,5.4702,8670.048192,112710.626496,0.0
8325,5,44,2024-09-24,15,153997.85,2159.34,5.4702,11812.021668000001,177180.32502000002,23182.475020000013
5530,29,37,2024-09-24,9,51878.55,1211.89,5.4702,6629.280678000001,59663.52610200001,7784.976102000008
2123,11,145,2024-09-24,12,49588.1,875.03,5.4702,4786.589106,57439.06927200001,7850.969272000009
3027,5,53,2024-09-24,6,305947.5,9496.3,5.4702,51946.66026,311679.96155999997,5732.461559999967
74,45,54,2024-09-25,11,1270038.85,23191.9,5.4736,126943.18384000001,1396375.02224,126336.17223999999
7288,47,43,2024-09-25,7,245678.0,6219.32,5.4736,34042.069952,238294.489664,0.0
3733,41,87,2024-09-25,3,190551.0,13597.7,5.4736,74428.37072,223285.11216000002,32734.11216000002
8516,10,136,2024-09-25,6,11841.0,390.62,5.4736,2138.097632,12828.585792,987.5857919999999
512,14,12,2024-09-25,14,36258.65,481.53,5.4736,2635.702608,36899.836512,641.1865120000002
2687,22,52,2024-09-25,12,156226.55,2426.66,5.4736,13282.566176,159390.794112,3164.244112000015
3135,33,6,2024-09-25,14,157208.85,2172.43,5.4736,11891.012848,166474.179872,9265.329872000002
1270,2,87,2024-09-25,11,698686.05,13597.7,5.4736,74428.37072,818712.0779200001,120026.02792000002
1564,16,72,2024-09-25,15,1420221.5,30675.48,5.4736,167905.307328,2518579.6099199997,1098358.1099199997
1918,25,22,2024-09-25,12,473434.0,7630.67,5.4736,41767.235312000004,501206.82374400005,27772.823744000052
2681,38,36,2024-09-25,9,193242.35,4476.41,5.4736,24502.077776000002,220518.699984,27276.349984
4347,44,145,2024-09-25,13,53720.6,875.03,5.4736,4789.564208,62264.33470399999,8543.734703999995
5142,6,51,2024-09-26,2,128318.0,12243.38,5.4412,66618.679256,133237.358512,4919.358512000006
4543,28,59,2024-09-26,14,1159309.7,15467.88,5.4412,84163.828656,1178293.601184,18983.901184000075
5125,46,65,2024-09-26,8,194238.9,4996.52,5.4412,27187.064624000002,217496.51699200002,23257.616992000025
452,28,134,2024-09-26,2,8963.25,948.15,5.4412,5159.07378,10318.14756,1354.8975599999994
135,14,22,2024-09-26,11,433981.0,7630.67,5.4412,41520.001604000005,456720.01764400007,22739.017644000065
2961,9,63,2024-09-26,3,419873.0,27618.14,5.4412,150275.823368,450827.47010400007,30954.470104000065
9582,31,88,2024-09-26,6,275518.05,9896.1,5.4412,53846.659320000006,323079.95592000004,47561.90592000005
9306,43,48,2024-09-26,11,153995.0,2605.99,5.4412,14179.712787999999,155976.840668,1981.8406679999898
5313,29,89,2024-09-26,15,1121162.45,14122.53,5.4412,76843.510236,1152652.65354,31490.203540000133
1534,18,84,2024-09-26,4,165011.2,8456.45,5.4412,46013.235740000004,184052.94296000001,19041.742960000003
6573,48,79,2024-09-26,10,628394.6,11873.21,5.4412,64604.510252,646045.10252,17650.50251999998
6763,32,46,2024-09-26,10,47346.1,1000.64,5.4412,5444.682368,54446.82368,7100.723680000003
6447,13,4,2024-09-26,13,43964.0,679.13,5.4412,3695.282156,48038.668028,4074.668028
6261,20,2,2024-09-26,10,139982.0,2829.74,5.4412,15397.181288,153971.81287999998,13989.812879999983
2515,23,133,2024-09-26,5,8990.8,381.67,5.4412,2076.742804,10383.71402,1392.9140200000002
5496,41,144,2024-09-26,10,21033.95,402.54,5.4412,2190.3006480000004,21903.006480000004,869.0564800000029
2197,15,77,2024-09-26,10,424694.65,8959.75,5.4412,48751.7917,487517.917,62823.26699999999
6702,42,87,2024-09-26,5,317585.0,13597.7,5.4412,73987.80524,369939.0262,52354.02620000002
8364,29,62,2024-09-27,13,1328886.0,20000.78,5.4431,108866.245618,1415261.193034,86375.193034
7670,18,38,2024-09-27,3,75413.85,4851.61,5.4431,26407.798391,79223.395173,3809.5451729999913
3991,26,102,2024-09-27,1,790.4,199.93,5.4431,1088.2389830000002,1088.2389830000002,297.8389830000002
9948,44,73,2024-09-27,1,136002.0,26171.36,5.4431,142453.329616,142453.329616,6451.329616000003
4490,15,52,2024-09-27,15,205562.0,2426.66,5.4431,13208.553045999999,198128.29569,0.0
712,29,44,2024-09-27,6,61598.95,2159.34,5.4431,11753.503554,70521.021324,8922.071324000004
3105,39,120,2024-09-27,6,18747.0,635.45,5.4431,3458.8178950000006,20752.907370000004,2005.9073700000044
179,41,76,2024-09-27,14,1971036.25,26819.81,5.4431,145982.907811,2043760.7093540002,72724.45935400017
3306,46,99,2024-09-27,9,965400.0,18977.86,5.4431,103298.38976600001,929685.507894,0.0
3107,25,11,2024-09-27,14,481884.65,7246.24,5.4431,39442.008944,552188.125216,70303.47521599999
6385,47,69,2024-09-27,4,172007.0,8620.92,5.4431,46924.529652000005,187698.11860800002,15691.118608000019
8792,27,114,2024-09-27,7,5315.25,152.46,5.4431,829.8550260000001,5808.985182,493.73518200000035
8268,4,36,2024-09-27,13,279127.1,4476.41,5.4431,24365.547271,316752.11452299997,37625.01452299999
5327,28,76,2024-09-27,12,1778379.0,26819.81,5.4431,145982.907811,1751794.8937320001,0.0
6690,33,43,2024-09-28,1,35097.0,6219.32,5.4431,33852.380692,33852.380692,0.0
5090,48,140,2024-09-28,14,43884.0,612.49,5.4431,3333.8443190000003,46673.820466000005,2789.8204660000047
2290,44,83,2024-09-28,8,1024509.45,35839.7,5.4431,195079.07107,1560632.56856,536123.1185600001
7823,25,78,2024-09-28,6,694040.55,24425.59,5.4431,132950.92892900002,797705.573574,103665.02357399999
6881,25,18,2024-09-28,6,151463.25,5265.1,5.4431,28658.465810000005,171950.79486000002,20487.544860000024
1370,29,93,2024-09-28,5,502385.0,19072.72,5.4431,103814.72223200001,519073.6111600001,16688.611160000088
4823,30,42,2024-09-28,8,45545.85,1263.57,5.4431,6877.737867,55021.902936,9476.052936
7834,24,54,2024-09-28,7,808206.8,23191.9,5.4431,126235.83089000001,883650.8162300001,75444.01623000007
2642,36,49,2024-09-28,8,106114.0,2352.61,5.4431,12805.491491,102443.931928,0.0
939,47,34,2024-09-28,1,4918.0,951.66,5.4431,5179.980546,5179.980546,261.9805459999998
4749,29,101,2024-09-29,5,2201.15,82.96,5.4431,451.559576,2257.79788,56.64787999999999
9514,23,76,2024-09-29,3,444595.0,26819.81,5.4431,145982.907811,437948.72343300004,0.0
9286,3,52,2024-09-29,14,182264.15,2426.66,5.4431,13208.553045999999,184919.74264399998,2655.5926439999894
7547,42,73,2024-09-29,6,858960.0,26171.36,5.4431,142453.329616,854719.977696,0.0
353,6,88,2024-09-29,5,229597.9,9896.1,5.4431,53865.461910000005,269327.30955,39729.40955000001
7264,9,108,2024-09-29,8,25425.8,688.83,5.4431,3749.3705730000006,29994.964584000005,4569.164584000006
7029,18,34,2024-09-29,13,60731.6,951.66,5.4431,5179.980546,67339.74709799999,6608.147097999994
3581,39,113,2024-09-29,5,21975.0,777.57,5.4431,4232.391267000001,21161.956335000003,0.0
8234,18,63,2024-09-29,4,531839.45,27618.14,5.4431,150328.297834,601313.191336,69473.74133600004
434,46,98,2024-09-29,13,980110.25,15850.04,5.4431,86273.35272400001,1121553.585412,141443.33541200007
7990,38,61,2024-09-30,8,212941.55,5102.18,5.4481,27797.186858,222377.494864,9435.94486400002
4409,25,88,2024-09-30,6,290019.0,9896.1,5.4481,53914.94241,323489.65446,33470.65445999999
54,27,144,2024-09-30,4,8857.0,402.54,5.4481,2193.078174,8772.312696,0.0
2743,40,130,2024-09-30,4,16576.0,752.23,5.4481,4098.224263,16392.897052,0.0
4503,26,34,2024-09-30,12,56059.5,951.66,5.4481,5184.738846,62216.866152,6157.366152000002
9272,42,70,2024-09-30,10,343554.0,6083.51,5.4481,33143.570831000005,331435.70831,0.0
8475,25,43,2024-09-30,15,500130.35,6219.32,5.4481,33883.477291999996,508252.15937999997,8121.8093799999915
4602,47,131,2024-09-30,13,12527.0,175.62,5.4481,956.795322,12438.339186000001,0.0
6828,24,8,2024-09-30,8,39873.0,947.05,5.4481,5159.623105,41276.98484,1403.9848399999973
2666,16,15,2024-09-30,3,83699.0,5097.71,5.4481,27772.833851,83318.501553,0.0
9789,2,86,2024-09-30,14,1243857.8,17824.79,5.4481,97111.23839900001,1359557.337586,115699.53758600005
2768,7,62,2024-09-30,9,873998.1,20000.78,5.4481,108966.249518,980696.245662,106698.14566200005
3559,11,8,2024-09-30,1,4984.0,947.05,5.4481,5159.623105,5159.623105,175.62310499999967
5472,22,146,2024-09-30,3,1413.6,87.83,5.4481,478.506623,1435.519869,21.919869000000062
321,42,8,2024-10-01,7,34889.0,947.05,5.4521,5163.411305,36143.879134999996,1254.8791349999956
2721,32,54,2024-10-01,10,1215348.0,23191.9,5.4521,126444.55799,1264445.5799,49097.57990000001
3547,28,80,2024-10-01,8,982101.45,24177.04,5.4521,131815.639784,1054525.118272,72423.66827200004
8654,34,109,2024-10-01,10,6227.0,123.24,5.4521,671.916804,6719.16804,492.16803999999956
5606,12,131,2024-10-01,4,3854.0,175.62,5.4521,957.497802,3829.991208,0.0
2737,22,82,2024-10-01,10,516340.0,9770.29,5.4521,53268.598109,532685.98109,16345.981090000016
6243,28,117,2024-10-01,15,61545.0,823.4,5.4521,4489.259139999999,67338.88709999999,5793.887099999993
9426,19,84,2024-10-01,15,651358.0,8456.45,5.4521,46105.411045,691581.165675,40223.165675000055
6609,29,124,2024-10-01,9,32232.55,665.23,5.4521,3626.900483,32642.104347,409.55434700000114
8851,45,86,2024-10-01,6,561139.0,17824.79,5.4521,97182.537559,583095.225354,21956.225353999995
1884,5,117,2024-10-01,14,54569.9,823.4,5.4521,4489.259139999999,62849.62795999999,8279.72795999999
1459,5,133,2024-10-01,4,7571.0,381.67,5.4521,2080.903007,8323.612028,752.6120279999996
1420,45,24,2024-10-02,12,264846.7,4113.86,5.4305,22340.31673,268083.80076,3237.100760000001
4847,17,15,2024-10-02,9,238543.1,5097.71,5.4305,27683.114155000003,249148.02739500004,10604.927395000035
1513,24,91,2024-10-02,10,1281417.0,27671.77,5.4305,150271.54698500002,1502715.4698500002,221298.46985000023
8985,5,60,2024-10-02,11,1136448.9,19786.24,5.4305,107449.17632000001,1181940.9395200002,45492.03952000034
8056,17,28,2024-10-02,7,99810.0,2776.74,5.4305,15079.08657,105553.60599,5743.605989999996
6318,45,13,2024-10-02,2,15494.0,1356.5,5.4305,7366.47325,14732.9465,0.0
5478,7,114,2024-10-02,7,5315.25,152.46,5.4305,827.9340300000001,5795.538210000001,480.2882100000006
7062,3,24,2024-10-02,11,255554.0,4113.86,5.4305,22340.31673,245743.48403,0.0
4073,28,33,2024-10-02,2,13432.0,1325.97,5.4305,7200.680085000001,14401.360170000002,969.3601700000017
2520,4,88,2024-10-02,10,483365.0,9896.1,5.4305,53740.77105,537407.7105,54042.710500000045
898,1,6,2024-10-02,7,78603.95,2172.43,5.4305,11797.381115,82581.667805,3977.7178050000075
7149,4,55,2024-10-02,4,439949.0,22138.68,5.4305,120224.10174000001,480896.40696000005,40947.40696000005
7705,9,94,2024-10-02,2,77426.9,8022.13,5.4305,43564.176965000006,87128.35393000001,9701.453930000018
8033,39,39,2024-10-02,11,309662.95,5270.87,5.4305,28623.459535,314858.054885,5195.104884999979
7509,41,14,2024-10-02,5,170102.25,6832.87,5.4305,37105.900535,185529.502675,15427.252674999996
8405,48,73,2024-10-02,4,572640.0,26171.36,5.4305,142123.57048000002,568494.2819200001,0.0
9059,2,26,2024-10-02,12,207398.0,3378.85,5.4305,18348.844925,220186.13910000003,12788.13910000003
9035,12,38,2024-10-02,3,75413.85,4851.61,5.4305,26346.668105,79040.004315,3626.1543149999925
3917,43,84,2024-10-02,9,371274.25,8456.45,5.4305,45922.75172500001,413304.76552500005,42030.51552500005
2846,16,26,2024-10-03,4,65676.35,3378.85,5.485,18532.99225,74131.969,8455.618999999992
5794,25,38,2024-10-03,6,150828.65,4851.61,5.485,26611.08085,159666.4851,8837.835099999997
5614,31,93,2024-10-03,2,190906.3,19072.72,5.485,104613.86920000002,209227.73840000003,18321.438400000043
6299,30,111,2024-10-03,3,12856.0,860.37,5.485,4719.12945,14157.388350000001,1301.388350000001
3630,16,30,2024-10-03,13,398260.9,6558.44,5.485,35973.0434,467649.5642,69388.6642
8195,11,133,2024-10-03,1,1893.0,381.67,5.485,2093.4599500000004,2093.4599500000004,200.4599500000004
2405,42,57,2024-10-03,15,1692766.05,23810.02,5.485,130597.9597,1958969.3955,266203.34550000005
5149,35,69,2024-10-03,5,215008.75,8620.92,5.485,47285.7462,236428.731,21419.981
6183,10,69,2024-10-04,9,407385.0,8620.92,5.4686,47144.36311200001,424299.26800800004,16914.268008000043
9356,21,49,2024-10-04,7,88207.5,2352.61,5.4686,12865.483046000001,90058.381322,1850.881322000001
7087,38,19,2024-10-04,12,187328.6,3358.13,5.4686,18364.269718000003,220371.23661600004,33042.63661600003
1568,7,115,2024-10-04,14,11628.0,167.9,5.4686,918.17794,12854.491160000001,1226.4911600000014
7624,10,56,2024-10-04,5,204196.8,8087.59,5.4686,44227.794674000004,221138.97337000002,16942.173370000033
9554,14,117,2024-10-04,6,23387.1,823.4,5.4686,4502.845240000001,27017.071440000003,3629.971440000005
5510,31,35,2024-10-04,4,44022.0,2106.85,5.4686,11521.51991,46086.07964,2064.0796400000036
7999,43,43,2024-10-04,8,266736.25,6219.32,5.4686,34010.973352,272087.786816,5351.536816000007
2058,7,113,2024-10-04,10,43950.0,777.57,5.4686,4252.219302,42522.193020000006,0.0
3593,22,68,2024-10-04,7,444866.0,13317.89,5.4686,72830.213254,509811.492778,64945.492778000014
3755,10,119,2024-10-04,8,24744.65,669.88,5.4686,3663.305768,29306.446144,4561.796144
1956,42,22,2024-10-04,2,74960.7,7630.67,5.4686,41729.081962000004,83458.16392400001,8497.46392400001
8653,33,100,2024-10-04,9,894331.9,19807.28,5.4686,108318.09140800001,974862.822672,80530.92267200002
1959,33,28,2024-10-04,15,213878.0,2776.74,5.4686,15184.880364,227773.20546,13895.205459999997
869,3,84,2024-10-04,5,217119.0,8456.45,5.4686,46244.94247000001,231224.71235000005,14105.712350000045
3902,43,18,2024-10-05,15,398587.0,5265.1,5.4686,28792.725860000002,431890.88790000003,33303.88790000003
777,41,79,2024-10-05,11,727615.0,11873.21,5.4686,64929.836206,714228.198266,0.0
168,48,7,2024-10-05,6,111257.35,3678.62,5.4686,20116.901332,120701.40799200001,9444.057992000002
6373,19,23,2024-10-05,1,10620.05,2244.66,5.4686,12275.147676,12275.147676,1655.0976760000012
6350,1,3,2024-10-05,3,27073.0,1753.77,5.4686,9590.666622,28771.999866000002,1698.999866000002
5821,1,107,2024-10-05,12,18161.0,311.59,5.4686,1703.961074,20447.532888,2286.5328880000015
6677,28,125,2024-10-05,4,13608.0,646.27,5.4686,3534.192122,14136.768488,528.7684879999997
4330,22,103,2024-10-05,11,19681.0,326.91,5.4686,1787.7400260000002,19665.140286,0.0
4544,6,51,2024-10-05,3,182853.15,11769.05,5.4686,64360.22683,193080.68049,10227.530490000005
4523,31,75,2024-10-05,13,404689.55,5924.6,5.4686,32399.267560000004,421190.47828000004,16500.92828000005
3625,18,141,2024-10-05,6,28691.0,972.86,5.4686,5320.182196000001,31921.093176000002,3230.093176000002
5684,36,143,2024-10-05,12,50575.15,896.83,5.4686,4904.404538000001,58852.85445600001,8277.704456000007
5925,4,50,2024-10-05,9,101484.0,2378.45,5.4686,13006.79167,117061.12503000001,15577.12503000001
7210,43,3,2024-10-05,15,128594.85,1753.77,5.4686,9590.666622,143859.99933000002,15265.149330000015
1640,18,58,2024-10-05,3,310150.3,19694.26,5.4686,107700.03023599999,323100.090708,12949.790708000015
2219,43,135,2024-10-05,6,9373.65,328.1,5.4686,1794.2476600000002,10765.485960000002,1391.8359600000022
2639,20,40,2024-10-05,1,13474.8,2867.26,5.4686,15679.898036000002,15679.898036000002,2205.098036000003
7224,38,79,2024-10-06,9,595322.0,11873.21,5.4686,64929.836206,584368.525854,0.0
1028,39,146,2024-10-06,5,2356.0,87.83,5.4686,480.307138,2401.53569,45.53569000000016
2150,14,23,2024-10-06,12,134144.0,2244.66,5.4686,12275.147676,147301.772112,13157.772112000006
1823,38,131,2024-10-06,6,5492.9,175.62,5.4686,960.3955320000001,5762.373192000001,269.4731920000013
7435,26,11,2024-10-06,2,72464.0,7246.24,5.4686,39626.788064,79253.576128,6789.576128000001
9402,35,21,2024-10-06,7,61142.0,1584.96,5.4686,8667.512256,60672.585792,0.0
4170,34,97,2024-10-06,9,1218016.0,25607.88,5.4686,140039.25256800003,1260353.2731120002,42337.2731120002
681,32,76,2024-10-06,3,422365.25,26819.81,5.4686,146666.81296600003,440000.43889800005,17635.18889800005
4306,19,11,2024-10-06,12,413043.85,7246.24,5.4686,39626.788064,475521.45676800003,62477.606768000056
999,1,56,2024-10-06,7,300921.0,8087.59,5.4686,44227.794674000004,309594.56271800003,8673.56271800003
6118,23,97,2024-10-06,5,676675.0,25607.88,5.4686,140039.25256800003,700196.2628400001,23521.262840000098
1931,32,94,2024-10-06,15,580699.85,8022.13,5.4686,43869.820118,658047.30177,77347.45177000004
8007,17,127,2024-10-06,8,11775.25,296.24,5.4686,1620.018064,12960.144512,1184.8945120000008
317,15,73,2024-10-06,12,1717919.0,26171.36,5.4686,143120.699296,1717448.391552,0.0
4708,3,69,2024-10-07,8,344014.0,8620.92,5.4626,47092.637592,376741.100736,32727.100735999993
16,39,45,2024-10-07,2,18816.65,1881.33,5.4626,10276.953258,20553.906516,1737.2565159999976
9495,42,108,2024-10-07,1,3346.0,688.83,5.4626,3762.8027580000003,3762.8027580000003,416.80275800000027
3707,25,119,2024-10-07,6,19535.0,669.88,5.4626,3659.286488,21955.718928000002,2420.718928000002
9704,6,128,2024-10-07,13,60459.0,853.09,5.4626,4660.089434,60581.162642,122.16264200000296
2398,2,46,2024-10-07,9,42611.3,1000.64,5.4626,5466.096064,49194.864576,6583.564575999997
2314,45,49,2024-10-07,4,50404.15,2352.61,5.4626,12851.367386000002,51405.46954400001,1001.3195440000054
4756,36,121,2024-10-07,7,24567.0,677.66,5.4626,3701.785516,25912.498612,1345.4986119999994
499,39,101,2024-10-07,15,6951.0,82.96,5.4626,453.17729599999996,6797.659439999999,0.0
1294,7,122,2024-10-07,11,13819.65,271.3,5.4626,1482.00338,16302.037180000001,2482.3871800000015
9644,18,145,2024-10-07,11,45455.6,875.03,5.4626,4779.938878,52579.327658,7123.727658000003
2105,33,105,2024-10-07,8,2476.0,57.36,5.4626,313.334736,2506.677888,30.677888000000166
3404,28,127,2024-10-07,10,14719.3,296.24,5.4626,1618.240624,16182.40624,1463.106240000001
8504,29,118,2024-10-07,3,12297.75,787.87,5.4626,4303.818662,12911.455985999999,613.705985999999
5519,4,30,2024-10-07,9,290231.0,6558.44,5.4626,35826.134344,322435.209096,32204.209096000006
6229,14,1,2024-10-07,4,125865.5,5774.5,5.4626,31543.7837,126175.1348,309.6347999999998
5379,35,53,2024-10-07,1,53675.0,9496.3,5.4626,51874.488379999995,51874.488379999995,0.0
2604,47,113,2024-10-07,3,13185.0,777.57,5.4626,4247.553882,12742.661646,0.0
8616,28,116,2024-10-07,7,17127.55,502.24,5.4626,2743.536224,19204.753568,2077.203568000001
1048,15,89,2024-10-07,12,944137.0,14122.53,5.4626,77145.732378,925748.7885360001,0.0
7984,13,79,2024-10-08,9,595322.0,11873.21,5.5197,65536.557237,589829.015133,0.0
3275,44,77,2024-10-08,9,382224.9,8959.75,5.5197,49455.132075,445096.188675,62871.28867499996
5104,18,43,2024-10-08,12,421162.0,6219.32,5.5197,34328.780604,411945.367248,0.0
5770,16,92,2024-10-08,13,1097347.85,16239.74,5.5197,89638.492878,1165300.407414,67952.55741399992
8338,7,116,2024-10-08,12,29360.7,502.24,5.5197,2772.214128,33266.569536,3905.869536000002
912,18,72,2024-10-08,9,852132.9,30675.48,5.5197,169319.446956,1523875.022604,671742.122604
5384,1,42,2024-10-08,8,47943.0,1263.57,5.5197,6974.527329,55796.218632,7853.218631999996
6736,7,6,2024-10-08,4,44916.95,2172.43,5.5197,11991.161871,47964.647484,3047.697484000004
8255,42,26,2024-10-08,5,86416.0,3378.85,5.5197,18650.238345,93251.19172500001,6835.1917250000115
8522,4,80,2024-10-08,10,1292238.0,24177.04,5.5197,133450.007688,1334500.07688,42262.076880000066
8326,40,113,2024-10-08,11,48345.0,777.57,5.5197,4291.953129,47211.48441900001,0.0
4234,9,132,2024-10-09,12,17818.2,314.46,5.5737,1752.7057019999997,21032.468424,3214.268423999998
7650,20,89,2024-10-09,9,708102.0,14122.53,5.5737,78714.745461,708432.709149,330.70914900000207
2949,41,38,2024-10-09,8,201104.55,4851.61,5.5737,27041.418656999995,216331.34925599996,15226.79925599997
2494,24,74,2024-10-09,13,1068997.95,17160.36,5.5737,95646.698532,1243407.0809159998,174409.13091599988
769,29,59,2024-10-09,14,1220326.0,15467.88,5.5737,86213.322756,1206986.518584,0.0
9735,20,34,2024-10-09,4,18686.5,951.66,5.5737,5304.267341999999,21217.069367999997,2530.5693679999968
9734,15,41,2024-10-09,12,120840.0,1944.42,5.5737,10837.613754,130051.365048,9211.365048000007
3380,38,132,2024-10-09,7,10941.0,314.46,5.5737,1752.7057019999997,12268.939913999999,1327.9399139999987
5306,46,83,2024-10-09,10,1348039.0,35839.7,5.5737,199759.73588999998,1997597.3588999999,649558.3588999999
5461,14,36,2024-10-10,4,85885.7,4476.41,5.5819,24986.872979,99947.491916,14061.791916000002
3950,17,109,2024-10-10,7,4359.0,123.24,5.5819,687.913356,4815.393492,456.39349200000015
2593,4,109,2024-10-10,10,6227.0,123.24,5.5819,687.913356,6879.13356,652.1335600000002
2645,25,89,2024-10-10,1,78678.0,14122.53,5.5819,78830.55020700001,78830.55020700001,152.5502070000075
5532,7,84,2024-10-10,7,303967.0,8456.45,5.5819,47203.058255,330421.40778500005,26454.407785000047
2027,47,95,2024-10-10,1,66317.6,12945.63,5.5819,72261.212097,72261.212097,5943.61209699999
2679,25,29,2024-10-10,12,416217.8,7689.63,5.5819,42922.745697,515072.94836399995,98855.14836399996
549,27,9,2024-10-10,10,397055.0,7258.64,5.5819,40517.002616000005,405170.02616000007,8115.026160000067
9177,25,18,2024-10-10,9,239152.0,5265.1,5.5819,29389.261690000003,264503.35521,25351.35521000001
5990,23,138,2024-10-10,4,15895.4,836.88,5.5819,4671.380472,18685.521888,2790.1218879999997
7060,32,100,2024-10-10,13,1291812.85,19807.28,5.5819,110562.256232,1437309.331016,145496.4810159998
3517,10,18,2024-10-10,8,212580.0,5265.1,5.5819,29389.261690000003,235114.09352000002,22534.093520000024
4703,9,36,2024-10-10,2,42942.85,4476.41,5.5819,24986.872979,49973.745958,7030.895958000001
750,4,91,2024-10-11,2,256283.4,27671.77,5.6263,155689.67955099998,311379.35910199996,55095.959101999964
9614,23,135,2024-10-11,2,3289.0,328.1,5.6263,1845.98903,3691.97806,402.9780599999999
6097,39,11,2024-10-11,15,543479.0,7246.24,5.6263,40769.520112,611542.80168,68063.80168000003
5339,12,53,2024-10-11,12,611895.0,9496.3,5.6263,53429.03268999999,641148.3922799999,29253.392279999913
4243,13,84,2024-10-11,2,82505.6,8456.45,5.6263,47578.524635,95157.04927,12651.449269999997
1609,7,108,2024-10-11,8,25425.8,688.83,5.6263,3875.564229,31004.513832,5578.713832000001
7499,5,131,2024-10-11,2,1830.65,175.62,5.6263,988.0908059999999,1976.1816119999999,145.53161199999977
918,11,43,2024-10-11,1,33342.15,6219.32,5.6263,34991.760116,34991.760116,1649.6101159999962
2328,19,30,2024-10-11,6,193487.0,6558.44,5.6263,36899.750971999994,221398.50583199997,27911.505831999966
5033,47,131,2024-10-11,11,10599.0,175.62,5.6263,988.0908059999999,10868.998866,269.9988659999999
6404,19,22,2024-10-11,9,337322.2,7630.67,5.6263,42932.438621,386391.947589,49069.74758899998
1242,27,99,2024-10-11,7,750867.0,18977.86,5.6263,106775.133718,747425.936026,0.0
4843,18,25,2024-10-11,5,60632.0,2430.59,5.6263,13675.228517,68376.142585,7744.142584999994
5822,9,59,2024-10-11,9,745270.25,15467.88,5.6263,87026.93324399999,783242.3991959998,37972.14919599984
2060,40,135,2024-10-11,10,16445.0,328.1,5.6263,1845.98903,18459.8903,2014.8902999999991
4203,10,104,2024-10-11,1,3527.35,742.54,5.6263,4177.752802,4177.752802,650.4028020000001
6778,17,48,2024-10-12,6,83997.1,2605.99,5.6263,14662.081536999998,87972.48922199999,3975.3892219999834
4334,24,13,2024-10-12,15,110395.7,1356.5,5.6263,7632.0759499999995,114481.13925,4085.439249999996
6310,10,112,2024-10-12,9,19629.0,406.44,5.6263,2286.7533719999997,20580.780347999997,951.7803479999966
8644,34,105,2024-10-12,1,294.5,57.36,5.6263,322.724568,322.724568,28.224567999999977
2945,4,56,2024-10-12,13,558854.0,8087.59,5.6263,45503.207617,591541.699021,32687.69902099995
252,15,70,2024-10-12,1,34355.0,6083.51,5.6263,34227.652313,34227.652313,0.0
3424,5,78,2024-10-12,9,1095854.0,24425.59,5.6263,137425.697017,1236831.273153,140977.27315300005
66,33,114,2024-10-12,9,7194.0,152.46,5.6263,857.785698,7720.071282,526.0712819999999
5624,36,28,2024-10-12,15,213878.0,2776.74,5.6263,15622.772261999999,234341.58392999996,20463.583929999964
5079,1,41,2024-10-12,8,84800.0,1944.42,5.6263,10939.890245999999,87519.12196799999,2719.121967999992
4195,24,137,2024-10-12,12,40626.0,673.98,5.6263,3792.013674,45504.164088,4878.164087999998
8766,8,94,2024-10-12,8,309706.65,8022.13,5.6263,45134.910018999995,361079.28015199996,51372.63015199994
3711,19,123,2024-10-12,6,15828.9,535.37,5.6263,3012.152231,18072.913386,2244.0133860000005
3436,36,75,2024-10-12,2,65537.0,5924.6,5.6263,33333.57698,66667.15396,1130.153959999996
9032,36,26,2024-10-13,2,34566.0,3378.85,5.6263,19010.423755,38020.84751,3454.8475099999996
8788,46,81,2024-10-13,6,696246.45,23685.5,5.6263,133261.72865,799570.3719,103323.92190000007
9965,5,136,2024-10-13,6,11248.95,390.62,5.6263,2197.745306,13186.471835999999,1937.521835999998
5891,13,147,2024-10-13,13,37421.45,592.19,5.6263,3331.838597,43313.901761,5892.451761000004
8051,32,65,2024-10-13,8,194238.9,4996.52,5.6263,28111.920476,224895.363808,30656.463808
6071,48,54,2024-10-13,15,1823022.0,23191.9,5.6263,130484.58697,1957268.80455,134246.80455
3696,41,127,2024-10-13,3,4415.6,296.24,5.6263,1666.7351119999998,5000.205335999999,584.6053359999987
7346,34,124,2024-10-13,11,41469.0,665.23,5.6263,3742.7835489999998,41170.619039,0.0
8531,8,23,2024-10-13,6,67072.0,2244.66,5.6263,12629.130557999999,75774.783348,8702.783347999997
957,32,54,2024-10-13,3,346373.8,23191.9,5.6263,130484.58697,391453.76091,45079.96091000002
8265,30,44,2024-10-13,7,75648.0,2159.34,5.6263,12149.094642,85043.662494,9395.662494000004
1538,16,35,2024-10-13,9,99050.0,2106.85,5.6263,11853.770154999998,106683.93139499999,7633.931394999992
894,36,124,2024-10-14,8,30159.0,665.23,5.6045,3728.281535,29826.25228,0.0
4128,15,119,2024-10-14,12,37116.5,669.88,5.6045,3754.34246,45052.10952,7935.609519999998
7244,17,119,2024-10-14,9,29302.0,669.88,5.6045,3754.34246,33789.08214,4487.082139999999
764,1,28,2024-10-14,10,135456.7,2776.74,5.6045,15562.239329999999,155622.3933,20165.693299999984
3187,12,122,2024-10-14,5,6612.0,271.3,5.6045,1520.50085,7602.50425,990.50425
7441,40,51,2024-10-14,1,60951.05,11769.05,5.6045,65959.64072499999,65959.64072499999,5008.590724999987
1396,16,24,2024-10-14,2,44140.8,4113.86,5.6045,23056.12837,46112.25674,1971.4567399999942
7024,21,16,2024-10-14,14,399079.8,5491.48,5.6045,30776.999659999998,430877.99523999996,31798.19523999997
1960,33,87,2024-10-14,7,468019.0,13597.7,5.6045,76208.30965,533458.16755,65439.16755000001
65,21,4,2024-10-14,7,22489.35,679.13,5.6045,3806.184085,26643.288594999998,4153.938595
8707,48,134,2024-10-14,7,31371.85,948.15,5.6045,5313.906674999999,37197.346724999996,5825.496724999997
4207,5,88,2024-10-14,5,241682.0,9896.1,5.6045,55462.69245,277313.46225,35631.46224999998
6556,46,102,2024-10-14,4,3328.0,199.93,5.6045,1120.507685,4482.03074,1154.0307400000002
2013,19,40,2024-10-14,14,188648.15,2867.26,5.6045,16069.55867,224973.82138,36325.671380000014
1633,12,92,2024-10-14,4,337645.2,16239.74,5.6045,91015.62283,364062.49132,26417.29131999996
6424,46,134,2024-10-14,11,51894.0,948.15,5.6045,5313.906674999999,58452.97342499999,6558.973424999989
8411,19,20,2024-10-14,14,410084.6,5689.04,5.6045,31884.22468,446379.14552,36294.54552000004
9405,22,95,2024-10-15,15,1047121.0,12945.63,5.6378,72984.872814,1094773.09221,47652.092209999915
8349,41,61,2024-10-15,11,292794.75,5102.18,5.6378,28765.070404000002,316415.77444400004,23621.02444400004
6215,23,145,2024-10-15,4,16529.05,875.03,5.6378,4933.2441340000005,19732.976536000002,3203.9265360000027
973,25,19,2024-10-15,13,213621.0,3358.13,5.6378,18932.465314,246122.049082,32501.049082000012
6028,34,39,2024-10-15,4,118531.0,5270.87,5.6378,29716.110886000002,118864.44354400001,333.44354400000884
8152,43,18,2024-10-15,4,100975.5,5265.1,5.6378,29683.580780000004,118734.32312000002,17758.823120000015
740,46,139,2024-10-15,11,15674.0,246.89,5.6378,1391.916442,15311.080861999999,0.0
6709,35,149,2024-10-15,10,11054.2,225.94,5.6378,1273.804532,12738.045320000001,1683.8453200000004
7397,9,8,2024-10-15,13,61554.3,947.05,5.6378,5339.27849,69410.62036999999,7856.320369999987
3761,21,27,2024-10-15,6,99069.0,3051.23,5.6378,17202.224494000002,103213.34696400001,4144.346964000011
7518,20,111,2024-10-15,13,52922.6,860.37,5.6378,4850.593986000001,63057.72181800001,10135.121818000014
1751,36,115,2024-10-15,5,3945.35,167.9,5.6378,946.58662,4732.9331,787.5831000000003
2582,35,132,2024-10-15,1,1484.85,314.46,5.6378,1772.862588,1772.862588,288.01258800000005
8746,25,101,2024-10-15,13,6024.0,82.96,5.6378,467.711888,6080.254543999999,56.25454399999944
5235,26,31,2024-10-15,10,82831.0,1482.91,5.6378,8360.349998000002,83603.49998000002,772.4999800000223
7217,33,77,2024-10-15,9,382224.9,8959.75,5.6378,50513.27855,454619.50695,72394.60694999999
132,3,5,2024-10-15,12,284028.0,4327.37,5.6378,24396.846586,292762.159032,8734.159031999996
4088,29,38,2024-10-15,13,326795.25,4851.61,5.6378,27352.406858,355581.289154,28786.039154
3180,49,56,2024-10-16,3,122517.7,8087.59,5.6749,45896.264491,137688.793473,15171.093473
8758,24,84,2024-10-16,3,123758.4,8456.45,5.6749,47989.50810500001,143968.52431500002,20210.124315000023
1965,20,33,2024-10-16,6,38280.25,1325.97,5.6749,7524.747153,45148.482918,6868.2329180000015
2965,10,36,2024-10-16,13,293818.0,4476.41,5.6749,25403.179109,330241.328417,36423.32841700001
6187,46,47,2024-10-16,4,24492.0,1116.66,5.6749,6336.933834,25347.735336,855.7353360000016
8786,29,36,2024-10-16,9,193242.35,4476.41,5.6749,25403.179109,228628.611981,35386.26198099999
4992,43,104,2024-10-16,1,3527.35,742.54,5.6749,4213.840246,4213.840246,686.4902459999998
39,13,71,2024-10-16,8,989322.4,23100.17,5.6749,131091.154733,1048729.237864,59406.837864
9806,32,98,2024-10-16,5,376965.7,15850.04,5.6749,89947.391996,449736.95998000004,72771.25998000003
6430,40,86,2024-10-16,14,1243857.8,17824.79,5.6749,101153.900771,1416154.610794,172296.81079400005
2634,35,47,2024-10-16,3,17450.55,1116.66,5.6749,6336.933834,19010.801502000002,1560.2515020000028
8337,10,37,2024-10-16,13,78880.0,1211.89,5.6749,6877.354561000001,89405.60929300002,10525.609293000016
8216,39,114,2024-10-17,1,759.05,152.46,5.6758,865.332468,865.332468,106.282468
5069,27,23,2024-10-17,10,111786.0,2244.66,5.6758,12740.241227999999,127402.41227999999,15616.41227999999
9257,7,148,2024-10-17,11,50008.95,885.1,5.6758,5023.6505799999995,55260.15637999999,5251.206379999996
2728,10,89,2024-10-17,13,1022815.0,14122.53,5.6758,80156.655774,1042036.525062,19221.52506200003
2759,8,28,2024-10-17,10,142586.0,2776.74,5.6758,15760.220891999998,157602.20891999998,15016.208919999975
9799,44,145,2024-10-17,4,17399.0,875.03,5.6758,4966.495274,19865.981096,2466.9810959999995
376,33,88,2024-10-17,15,725047.0,9896.1,5.6758,56168.28438,842524.2657,117477.26569999999
997,10,95,2024-10-17,15,1047121.0,12945.63,5.6758,73476.80675399999,1102152.1013099998,55031.10130999982
7782,18,97,2024-10-17,3,385704.75,25607.88,5.6758,145345.205304,436035.615912,50330.86591200001
3297,10,32,2024-10-17,3,35631.65,2288.99,5.6758,12991.849441999999,38975.548326,3343.898325999995
8485,31,36,2024-10-17,10,226014.0,4476.41,5.6758,25407.207877999997,254072.07877999998,28058.07877999998
8864,23,45,2024-10-17,4,39615.0,1881.33,5.6758,10678.052813999999,42712.211255999995,3097.211255999995
9357,3,74,2024-10-18,6,493383.45,17160.36,5.6672,97251.192192,583507.153152,90123.70315200003
5381,41,23,2024-10-18,3,31859.2,2244.66,5.6672,12720.937152,38162.811456,6303.611456000002
7703,11,33,2024-10-18,12,76559.55,1325.97,5.6672,7514.537184000001,90174.44620800001,13614.896208000006
3743,12,64,2024-10-18,1,105930.7,21352.22,5.6672,121007.30118400001,121007.30118400001,15076.601184000014
8832,2,22,2024-10-18,12,449762.3,7630.67,5.6672,43244.533024000004,518934.39628800005,69172.09628800006
6232,10,77,2024-10-18,3,134114.0,8959.75,5.6672,50776.6952,152330.0856,18216.08559999999
7757,12,121,2024-10-18,12,44331.0,677.66,5.6672,3840.434752,46085.217024,1754.2170239999978
7338,31,58,2024-10-18,12,1305895.0,19694.26,5.6672,111611.310272,1339335.723264,33440.72326399991
8612,38,58,2024-10-18,8,870597.0,19694.26,5.6672,111611.310272,892890.482176,22293.48217600002
1040,43,145,2024-10-18,4,16529.05,875.03,5.6672,4958.970016,19835.880064,3306.8300640000016
9898,10,84,2024-10-18,11,453779.85,8456.45,5.6672,47924.39344000001,527168.32784,73388.47784000007
6958,34,41,2024-10-18,7,74200.0,1944.42,5.6672,11019.417024,77135.91916800001,2935.9191680000076
7663,30,137,2024-10-18,15,48242.9,673.98,5.6672,3819.5794560000004,57293.69184000001,9050.791840000005
4162,11,92,2024-10-18,6,533125.0,16239.74,5.6672,92033.854528,552203.127168,19078.127167999977
3232,26,51,2024-10-18,13,792363.65,11769.05,5.6672,66697.56016,867068.2820799999,74704.6320799999
7922,19,115,2024-10-18,5,3945.35,167.9,5.6672,951.5228800000001,4757.6144,812.2644000000005
4001,22,34,2024-10-18,14,65402.75,951.66,5.6672,5393.247552,75505.465728,10102.715727999996
379,25,26,2024-10-18,14,241965.0,3378.85,5.6672,19148.61872,268080.66208,26115.66207999998
465,17,96,2024-10-18,7,469628.7,14776.4,5.6672,83740.81408,586185.6985599999,116556.99855999992
8568,1,63,2024-10-18,14,1959407.0,27618.14,5.6672,156517.523008,2191245.3221119996,231838.32211199962
4852,24,92,2024-10-18,5,444270.0,16239.74,5.6672,92033.854528,460169.27264,15899.272639999981
7530,15,94,2024-10-18,1,40751.0,8022.13,5.6672,45463.015136,45463.015136,4712.015136000002
2109,10,54,2024-10-19,13,1579953.0,23191.9,5.6672,131433.13568,1708630.7638400001,128677.76384000015
6923,9,71,2024-10-19,5,618326.5,23100.17,5.6672,130913.283424,654566.41712,36239.91712
6145,46,52,2024-10-19,11,143207.75,2426.66,5.6672,13752.367552,151276.043072,8068.293072
1137,48,10,2024-10-19,7,213019.45,5864.71,5.6672,33236.484512,232655.39158400003,19635.941584000015
6977,42,64,2024-10-19,3,317791.15,21352.22,5.6672,121007.30118400001,363021.90355200006,45230.75355200004
7015,18,19,2024-10-19,14,218550.35,3358.13,5.6672,19031.194336,266436.720704,47886.37070399997
6136,48,65,2024-10-19,4,97119.45,4996.52,5.6672,28316.278144000004,113265.11257600001,16145.662576000017
8942,37,116,2024-10-19,5,12234.1,502.24,5.6672,2846.2945280000004,14231.472640000002,1997.3726400000014
9664,17,59,2024-10-19,2,165615.4,15361.57,5.6672,87057.089504,174114.179008,8498.779008000012
4750,20,23,2024-10-19,5,53098.35,2244.66,5.6672,12720.937152,63604.68576,10506.335760000002
9459,32,44,2024-10-19,12,123197.9,2159.34,5.6672,12237.411648000001,146848.939776,23651.03977600002
6296,44,68,2024-10-19,12,762626.75,13317.89,5.6672,75475.146208,905701.754496,143075.004496
9411,12,14,2024-10-19,12,429733.0,6832.87,5.6672,38723.240864,464678.890368,34945.89036800002
4774,25,1,2024-10-19,1,31466.85,5774.5,5.6672,32725.2464,32725.2464,1258.3964000000014
4216,45,116,2024-10-19,5,12878.0,502.24,5.6672,2846.2945280000004,14231.472640000002,1353.4726400000018
8866,12,132,2024-10-20,8,12504.0,314.46,5.6672,1782.107712,14256.861696,1752.861696
8582,7,71,2024-10-20,2,260348.0,23100.17,5.6672,130913.283424,261826.566848,1478.5668479999877
3228,31,149,2024-10-20,6,6632.9,225.94,5.6672,1280.4471680000001,7682.683008000001,1049.7830080000012
4342,19,28,2024-10-20,6,81273.45,2776.74,5.6672,15736.340928,94418.045568,13144.595568000004
6756,28,134,2024-10-20,5,23588.0,948.15,5.6672,5373.35568,26866.7784,3278.7783999999992
2539,31,17,2024-10-20,14,186715.85,2833.14,5.6672,16055.971008,224783.59411200002,38067.744112000015
8341,20,5,2024-10-20,5,118345.0,4327.37,5.6672,24524.071264000002,122620.35632,4275.356320000006
7789,9,68,2024-10-20,4,267588.0,13317.89,5.6672,75475.146208,301900.584832,34312.58483200002
2691,6,103,2024-10-20,2,3399.1,326.91,5.6672,1852.6643520000002,3705.3287040000005,306.22870400000056
4398,40,108,2024-10-20,4,13382.0,688.83,5.6672,3903.7373760000005,15614.949504000002,2232.949504000002
4434,19,103,2024-10-20,2,3578.0,326.91,5.6672,1852.6643520000002,3705.3287040000005,127.32870400000047
8468,37,94,2024-10-20,11,425846.05,8022.13,5.6672,45463.015136,500093.166496,74247.11649600003
7495,24,68,2024-10-20,5,334486.0,13317.89,5.6672,75475.146208,377375.73104000004,42889.73104000004
6980,36,77,2024-10-20,11,467163.45,8959.75,5.6672,50776.6952,558543.6472,91380.1972
4539,48,88,2024-10-20,1,45919.2,9896.1,5.6672,56083.17792,56083.17792,10163.977920000005
6654,4,33,2024-10-21,6,40295.0,1325.97,5.7068,7567.045596000001,45402.27357600001,5107.273576000007
6995,39,120,2024-10-21,15,46867.0,635.45,5.7068,3626.3860600000003,54395.79090000001,7528.790900000007
345,36,89,2024-10-21,3,236034.0,14122.53,5.7068,80594.45420400001,241783.36261200003,5749.362612000026
3974,38,58,2024-10-21,6,620300.6,19694.26,5.7068,112391.202968,674347.217808,54046.61780800007
9101,24,2,2024-10-21,7,93087.65,2829.74,5.7068,16148.760232,113041.321624,19953.67162400001
3637,26,57,2024-10-21,8,950325.0,23810.02,5.7068,135879.022136,1087032.177088,136707.1770880001
2311,10,14,2024-10-21,6,214866.0,6832.87,5.7068,38993.822516,233962.935096,19096.935096
4425,34,67,2024-10-21,9,733495.95,16720.73,5.7068,95421.861964,858796.757676,125300.80767600005
7634,26,150,2024-10-21,14,21887.05,300.96,5.7068,1717.518528,24045.259392,2158.2093920000007
8310,1,73,2024-10-21,10,1360019.05,25649.93,5.7068,146379.02052400002,1463790.2052400003,103771.15524000023
707,36,62,2024-10-21,11,1068219.9,20000.78,5.7068,114140.451304,1255544.964344,187325.06434400007
8920,28,81,2024-10-21,8,977188.0,23685.5,5.7068,135168.4114,1081347.2912,104159.2912000001
6663,24,109,2024-10-21,3,1868.0,123.24,5.7068,703.306032,2109.918096,241.91809599999988
9874,16,49,2024-10-22,12,159171.0,2352.61,5.6958,13399.996038000001,160799.95245600003,1628.9524560000282
5983,33,72,2024-10-22,4,378726.05,30675.48,5.6958,174721.398984,698885.595936,320159.545936
6446,9,124,2024-10-22,4,15080.0,665.23,5.6958,3789.0170340000004,15156.068136000002,76.06813600000169
535,5,112,2024-10-22,11,23990.0,406.44,5.6958,2315.000952,25465.010471999998,1475.0104719999981
7426,19,145,2024-10-22,1,4350.0,875.03,5.6958,4983.995874,4983.995874,633.9958740000002
1398,46,45,2024-10-22,6,56450.9,1881.33,5.6958,10715.679414,64294.076484000005,7843.176484000003
2170,33,42,2024-10-22,4,22772.45,1263.57,5.6958,7197.042006,28788.168024,6015.718023999998
6961,25,77,2024-10-22,12,536456.0,8959.75,5.6958,51032.94405,612395.3286,75939.32860000001
5580,46,140,2024-10-22,14,41689.8,612.49,5.6958,3488.620542,48840.687588,7150.887587999998
5445,32,47,2024-10-22,11,67353.0,1116.66,5.6958,6360.272028,69962.992308,2609.992308000001
156,11,44,2024-10-22,13,133464.55,2159.34,5.6958,12299.168772,159889.194036,26424.644036000012
7377,1,102,2024-10-22,8,6656.0,199.93,5.6958,1138.7612940000001,9110.090352000001,2454.090352000001
3925,48,43,2024-10-22,10,350969.0,6219.32,5.6958,35424.002856,354240.02856,3271.028560000006
3520,47,19,2024-10-22,6,93664.3,3358.13,5.6958,19127.236854000002,114763.42112400001,21099.121124000012
4780,11,62,2024-10-22,7,715554.0,20000.78,5.6958,113920.442724,797443.099068,81889.09906799998
8472,23,30,2024-10-23,1,32248.0,6558.44,5.7149,37480.828755999995,37480.828755999995,5232.828755999995
6035,46,67,2024-10-23,5,407497.75,16720.73,5.7149,95557.299877,477786.499385,70288.74938499997
5219,28,45,2024-10-23,4,37634.25,1881.33,5.7149,10751.612817,43006.451268,5372.201267999997
6483,12,113,2024-10-23,5,20876.25,777.57,5.7149,4443.7347930000005,22218.673965,1342.4239650000018
1318,38,146,2024-10-23,13,6125.6,87.83,5.7149,501.939667,6525.215671,399.61567099999957
9998,33,97,2024-10-23,6,771409.5,25607.88,5.7149,146346.47341200002,878078.8404720002,106669.34047200019
7943,7,145,2024-10-23,7,30449.0,875.03,5.7149,5000.708947,35004.962629,4555.9626290000015
9805,42,46,2024-10-23,12,59805.0,1000.64,5.7149,5718.557536,68622.690432,8817.690432000003
448,31,56,2024-10-23,3,128966.0,8087.59,5.7149,46219.768091,138659.304273,9693.304272999987
9790,8,49,2024-10-23,12,159171.0,2352.61,5.7149,13444.930889000001,161339.170668,2168.170668000006
2844,34,21,2024-10-23,1,8298.25,1584.96,5.7149,9057.887904000001,9057.887904000001,759.6379040000011
9423,21,75,2024-10-23,15,491526.0,5924.6,5.7149,33858.49654,507877.4481,16351.44809999998
6744,48,2,2024-10-23,12,159579.1,2829.74,5.7149,16171.681126,194060.173512,34481.073512
1232,45,29,2024-10-23,1,34684.5,7689.63,5.7149,43945.466487,43945.466487,9260.966486999998
301,30,96,2024-10-23,10,706208.0,14776.4,5.7149,84445.64836,844456.4836,138248.48360000004
9135,44,74,2024-10-24,3,246692.2,17160.36,5.7087,97963.34713200001,293890.041396,47197.841396
1958,40,58,2024-10-24,11,1137216.5,19694.26,5.7087,112428.622062,1236714.842682,99498.34268200002
9262,4,149,2024-10-24,15,17454.0,225.94,5.7087,1289.823678,19347.35517,1893.355169999999
6031,42,78,2024-10-24,13,1503755.0,24425.59,5.7087,139438.365633,1812698.7532290001,308943.75322900014
3951,34,103,2024-10-24,10,16997.4,326.91,5.7087,1866.2311170000003,18662.31117,1664.9111699999994
1329,41,92,2024-10-24,4,337645.2,16239.74,5.7087,92707.803738,370831.214952,33186.014952
3895,29,49,2024-10-24,4,50404.15,2352.61,5.7087,13430.344707000002,53721.37882800001,3317.2288280000066
1317,19,8,2024-10-24,4,19937.0,947.05,5.7087,5406.424335,21625.69734,1688.6973399999988
7335,43,139,2024-10-24,9,12182.8,246.89,5.7087,1409.420943,12684.788487000002,501.98848700000235
2826,31,40,2024-10-24,13,175173.35,2867.26,5.7087,16368.327162000001,212788.25310600002,37614.90310600001
3040,43,47,2024-10-25,14,85721.0,1116.66,5.6969,6361.500354000001,89061.004956,3340.0049560000043
2766,40,80,2024-10-25,15,1938358.0,24177.04,5.6969,137734.179176,2066012.6876400001,127654.68764000013
6738,22,71,2024-10-25,11,1431915.0,23100.17,5.6969,131599.358473,1447592.943203,15677.943202999886
7766,34,54,2024-10-25,8,923665.05,23191.9,5.6969,132121.93511000002,1056975.4808800002,133310.43088000012
6957,9,5,2024-10-25,11,247341.05,4327.37,5.6969,24652.594153000002,271178.535683,23837.485683000006
9483,25,150,2024-10-25,12,19748.0,288.9,5.6969,1645.83441,19750.01292,2.0129200000010314
3569,38,74,2024-10-25,8,692468.0,17160.36,5.6969,97760.85488400001,782086.8390720001,89618.83907200012
1582,39,64,2024-10-25,4,446022.0,21352.22,5.6969,121641.46211800001,486565.84847200004,40543.84847200004
2678,16,50,2024-10-25,12,128546.4,2378.45,5.6969,13549.791804999999,162597.50165999998,34051.101659999986
2088,4,62,2024-10-25,1,102222.0,20000.78,5.6969,113942.44358199999,113942.44358199999,11720.443581999993
9862,1,36,2024-10-25,13,279127.1,4476.41,5.6969,25501.660129,331521.581677,52394.481677
8015,25,49,2024-10-25,11,138611.65,2352.61,5.6969,13402.583909,147428.422999,8816.772999000008
9207,2,98,2024-10-25,14,1055503.2,15850.04,5.6969,90296.09287600001,1264145.3002640002,208642.10026400024
8269,34,136,2024-10-25,3,5920.0,390.62,5.6969,2225.3230780000004,6675.969234000001,755.969234000001
3077,10,28,2024-10-26,5,67728.35,2776.74,5.6969,15818.810105999999,79094.05053,11365.700529999987
8997,47,137,2024-10-26,1,3215.75,673.98,5.6969,3839.5966620000004,3839.5966620000004,623.8466620000004
9538,11,70,2024-10-26,13,446621.0,6083.51,5.6969,34657.148119000005,450542.9255470001,3921.925547000079
7753,14,23,2024-10-26,1,10620.05,2244.66,5.6969,12787.603554,12787.603554,2167.553554
3502,14,2,2024-10-26,2,27996.0,2829.74,5.6969,16120.745805999999,32241.491611999998,4245.491611999998
2253,41,132,2024-10-26,13,19303.05,314.46,5.6969,1791.447174,23288.813262,3985.7632620000004
5625,25,72,2024-10-26,6,568088.6,30675.48,5.6969,174755.142012,1048530.852072,480442.25207200006
3734,47,128,2024-10-26,6,27904.0,853.09,5.6969,4859.9684210000005,29159.810526,1255.8105260000011
2205,22,74,2024-10-26,15,1233459.1,17160.36,5.6969,97760.85488400001,1466412.8232600002,232953.72326000012
5297,4,14,2024-10-26,8,286489.0,6832.87,5.6969,38926.177103,311409.416824,24920.416824000014
1162,12,115,2024-10-26,11,9136.0,167.9,5.6969,956.5095100000001,10521.60461,1385.6046100000003
5319,4,43,2024-10-26,14,491356.0,6219.32,5.6969,35430.844108,496031.817512,4675.81751199998
6951,6,124,2024-10-26,3,11310.0,665.23,5.6969,3789.7487870000004,11369.246361000001,59.24636100000134
6755,35,87,2024-10-26,10,635169.05,13597.7,5.6969,77464.73713000001,774647.3713000001,139478.32130000007
3631,44,8,2024-10-26,1,4734.8,947.05,5.6969,5395.249145,5395.249145,660.4491449999996
6819,9,94,2024-10-26,1,40751.0,8022.13,5.6969,45701.272397,45701.272397,4950.272397000001
1826,21,92,2024-10-27,10,888541.0,16239.74,5.6969,92516.17480600001,925161.7480600001,36620.74806000013
4046,3,119,2024-10-27,11,35814.0,669.88,5.6969,3816.239372,41978.633092000004,6164.633092000004
6739,21,143,2024-10-27,15,66546.0,896.83,5.6969,5109.150827,76637.262405,10091.262405000001
6049,15,43,2024-10-27,10,333420.55,6219.32,5.6969,35430.844108,354308.44107999996,20887.891079999972
2208,23,2,2024-10-27,11,146281.0,2829.74,5.6969,16120.745805999999,177328.203866,31047.203865999996
5893,15,113,2024-10-27,7,30765.0,777.57,5.6969,4429.738533000001,31008.169731000005,243.1697310000054
6927,15,136,2024-10-27,12,23682.0,390.62,5.6969,2225.3230780000004,26703.876936000004,3021.876936000004
6857,13,48,2024-10-27,2,29473.0,2605.99,5.6969,14846.064430999999,29692.128861999998,219.12886199999775
3962,23,107,2024-10-27,6,8626.0,311.59,5.6969,1775.097071,10650.582425999999,2024.582425999999
110,34,148,2024-10-27,8,38284.0,885.1,5.6969,5042.326190000001,40338.609520000005,2054.6095200000054
1872,49,144,2024-10-27,1,2214.0,402.54,5.6969,2293.2301260000004,2293.2301260000004,79.23012600000038
5167,10,65,2024-10-27,2,48559.25,4996.52,5.6969,28464.674788000004,56929.34957600001,8370.099576000008
5238,29,97,2024-10-27,15,2030026.0,25607.88,5.6969,145885.531572,2188282.97358,158256.97358
8184,27,80,2024-10-27,9,1104864.25,24177.04,5.6969,137734.179176,1239607.612584,134743.362584
5248,6,74,2024-10-27,3,259676.0,17160.36,5.6969,97760.85488400001,293282.56465200003,33606.56465200003
1796,40,88,2024-10-28,13,628374.0,9896.1,5.6988,56395.894680000005,733146.6308400001,104772.63084000011
1886,14,6,2024-10-28,1,11820.0,2172.43,5.6988,12380.244084,12380.244084,560.2440839999999
5492,38,47,2024-10-28,3,18369.0,1116.66,5.6988,6363.622008000001,19090.866024000003,721.8660240000027
6322,24,77,2024-10-28,14,625865.0,8959.75,5.6988,51059.823300000004,714837.5262000001,88972.52620000008
3406,28,19,2024-10-28,4,65729.0,3358.13,5.6988,19137.311244,76549.244976,10820.244976000002
2723,5,108,2024-10-28,15,50183.0,688.83,5.6988,3925.5044040000002,58882.566060000005,8699.566060000005
781,45,101,2024-10-28,12,5282.95,82.96,5.6988,472.772448,5673.269376,390.3193760000004
2548,2,124,2024-10-28,9,33929.0,665.23,5.6988,3791.012724,34119.114516,190.11451600000146
969,13,39,2024-10-28,8,237063.0,5270.87,5.6988,30037.633956,240301.071648,3238.071648000012
9019,9,79,2024-10-28,13,816913.55,11873.21,5.6988,67663.049148,879619.6389240001,62706.08892400004
2567,11,8,2024-10-28,10,49842.0,947.05,5.6988,5397.04854,53970.4854,4128.485399999998
5693,49,69,2024-10-28,5,215008.75,8046.11,5.6988,45853.171668,229265.85834,14257.108340000006
656,1,135,2024-10-28,7,11512.0,328.1,5.6988,1869.7762800000003,13088.433960000002,1576.4339600000021
8952,14,61,2024-10-29,3,84056.0,5102.18,5.714,29153.856520000005,87461.56956000002,3405.569560000018
5255,46,63,2024-10-29,10,1399577.0,27618.14,5.714,157810.05196,1578100.5196000002,178523.51960000023
8020,18,120,2024-10-29,11,34369.0,635.45,5.714,3630.9613000000004,39940.57430000001,5571.5743000000075
7802,30,19,2024-10-29,15,246485.0,3358.13,5.714,19188.35482,287825.3223,41340.3223
6349,21,86,2024-10-29,11,1028754.0,17824.79,5.714,101850.85006000001,1120359.3506600002,91605.35066000023
461,10,23,2024-10-29,4,42479.25,2244.66,5.714,12825.98724,51303.94896,8824.698960000002
4517,24,64,2024-10-29,14,1483024.1,21352.22,5.714,122006.58508000002,1708092.1911200003,225068.09112000023
3669,24,3,2024-10-29,2,18048.0,1753.77,5.714,10021.041780000001,20042.083560000003,1994.0835600000028
3428,10,138,2024-10-29,10,39738.5,836.88,5.714,4781.93232,47819.3232,8080.823199999999
4200,12,77,2024-10-29,5,223523.0,8959.75,5.714,51196.0115,255980.0575,32457.057499999995
6384,43,44,2024-10-29,8,86455.0,2159.34,5.714,12338.468760000002,98707.75008000001,12252.750080000013
6098,44,119,2024-10-29,14,45581.0,669.88,5.714,3827.69432,53587.72048,8006.720480000004
5542,47,97,2024-10-29,9,1157115.2,25607.88,5.714,146323.42632000003,1316910.8368800003,159795.63688000035
1917,18,36,2024-10-29,9,193242.35,4476.41,5.714,25578.20674,230203.86066,36961.51066
1182,18,135,2024-10-30,13,21379.0,328.1,5.7801,1896.45081,24653.86053,3274.8605300000017
1675,41,149,2024-10-30,4,4654.0,225.94,5.7801,1305.955794,5223.823176,569.8231759999999
6971,36,36,2024-10-30,4,85885.7,4476.41,5.7801,25874.097440999998,103496.38976399999,17610.689763999995
1044,49,46,2024-10-30,1,4984.0,1000.64,5.7801,5783.799264,5783.799264,799.7992640000002
8726,14,3,2024-10-30,9,77157.1,1753.77,5.7801,10136.965977,91232.693793,14075.593792999993
1615,15,63,2024-10-30,4,559831.0,27618.14,5.7801,159635.611014,638542.444056,78711.44405599998
497,31,121,2024-10-30,9,31585.6,677.66,5.7801,3916.9425659999997,35252.483093999996,3666.883093999997
4658,34,21,2024-10-30,4,33191.1,1584.96,5.7801,9161.227296000001,36644.909184000004,3453.809184000005
4674,6,49,2024-10-30,6,75606.7,2352.61,5.7801,13598.321061,81589.926366,5983.226366000003
5662,43,74,2024-10-30,12,986767.85,17160.36,5.7801,99188.596836,1190263.162032,203495.31203200005
2778,42,114,2024-10-30,10,7993.0,152.46,5.7801,881.234046,8812.34046,819.3404599999994
3623,10,85,2024-10-30,10,366497.65,7885.27,5.7801,45577.649127000004,455776.49127000006,89278.84127000003
7254,26,36,2024-10-30,13,293818.0,4476.41,5.7801,25874.097440999998,336363.266733,42545.266733
794,13,73,2024-10-30,4,572640.0,25649.93,5.7801,148259.160393,593036.641572,20396.641571999993
8590,6,39,2024-10-31,13,385227.0,5270.87,5.7779,30454.559772999997,395909.27704899997,10682.277048999968
923,31,7,2024-10-31,8,148342.5,3678.62,5.7779,21254.698497999998,170037.58798399998,21695.087983999983
6115,23,10,2024-10-31,14,426039.85,5864.71,5.7779,33885.707909,474399.910726,48360.060725999996
1369,46,89,2024-10-31,1,74744.1,14122.53,5.7779,81598.566087,81598.566087,6854.466086999993
6065,17,85,2024-10-31,13,501523.0,7885.27,5.7779,45560.301533,592283.919929,90760.91992899997
1766,29,47,2024-10-31,3,17450.55,1116.66,5.7779,6451.9498140000005,19355.849442000002,1905.2994420000032
5030,2,123,2024-10-31,13,36102.0,535.37,5.7779,3093.314323,40213.086199,4111.086198999998
9165,17,94,2024-10-31,14,570512.0,8022.13,5.7779,46351.064927,648914.908978,78402.90897800005
2154,43,116,2024-10-31,3,7727.0,502.24,5.7779,2901.892496,8705.677488,978.6774879999994
8803,4,144,2024-10-31,10,22141.0,402.54,5.7779,2325.835866,23258.358659999998,1117.358659999998
6050,35,5,2024-10-31,1,23669.0,4327.37,5.7779,25003.111123,25003.111123,1334.1111229999988
872,10,126,2024-10-31,1,2543.15,467.05,5.7779,2698.568195,2698.568195,155.41819499999974
4165,16,91,2024-10-31,10,1281417.0,27671.77,5.7779,159884.71988299998,1598847.19883,317430.1988299999
7846,19,86,2024-10-31,14,1243857.8,17824.79,5.7779,102989.854141,1441857.9579740001,198000.1579740001
469,44,9,2024-10-31,1,37720.7,7258.64,5.7779,41939.696056,41939.696056,4218.996056000004
2811,8,41,2024-10-31,4,40280.0,1944.42,5.7779,11234.664318,44938.657272,4658.657271999997
8778,4,2,2024-10-31,6,79789.55,2829.74,5.7779,16349.954745999998,98099.72847599999,18310.178475999986
1725,26,69,2024-10-31,5,226325.0,8046.11,5.7779,46489.618968999996,232448.09484499999,6123.094844999985
8319,3,99,2024-10-31,4,407613.65,18977.86,5.7779,109652.177294,438608.709176,30995.05917599995
7386,44,35,2024-11-01,15,156828.85,2106.85,5.8073,12235.110004999999,183526.65007499998,26697.800074999977
6090,48,107,2024-11-01,3,4540.0,311.59,5.8073,1809.4966069999998,5428.489820999999,888.4898209999992
4322,43,94,2024-11-01,14,541986.4,8022.13,5.8073,46586.915549,652216.8176859999,110230.41768599988
6730,1,68,2024-11-01,11,699074.6,13317.89,5.8073,77340.982597,850750.808567,151676.208567
598,13,39,2024-11-01,14,414860.0,5270.87,5.8073,30609.523350999996,428533.326914,13673.326913999976
6583,25,9,2024-11-01,9,357350.0,7258.64,5.8073,42153.100072,379377.900648,22027.90064800001
2939,29,83,2024-11-01,1,128063.8,35839.7,5.8073,208131.88980999996,208131.88980999996,80068.08980999996
2014,4,135,2024-11-01,1,1645.0,328.1,5.8073,1905.3751300000001,1905.3751300000001,260.3751300000001
1357,20,23,2024-11-01,1,10620.05,2244.66,5.8073,13035.414017999998,13035.414017999998,2415.3640179999984
5046,7,111,2024-11-01,2,8141.5,860.37,5.8073,4996.426700999999,9992.853401999999,1851.3534019999988
5433,6,148,2024-11-01,14,63648.1,885.1,5.8073,5140.04123,71960.57721999999,8312.477219999993
9383,49,108,2024-11-01,11,36801.0,688.83,5.8073,4000.242459,44002.667049,7201.667049000003
8232,28,95,2024-11-02,2,132635.2,12945.63,5.8073,75179.15709899999,150358.31419799998,17723.114197999967
8036,31,51,2024-11-02,8,513272.0,11769.05,5.8073,68346.404065,546771.23252,33499.23251999996
1148,19,98,2024-11-02,14,1055503.2,15850.04,5.8073,92045.937292,1288643.122088,233139.922088
6343,6,120,2024-11-02,11,34369.0,635.45,5.8073,3690.248785,40592.736635,6223.736635000001
9668,18,59,2024-11-02,11,958828.0,15361.57,5.8073,89209.245461,981301.700071,22473.70007100003
400,12,122,2024-11-02,12,15870.0,271.3,5.8073,1575.5204899999999,18906.24588,3036.2458799999986
913,48,52,2024-11-02,2,27408.0,2426.66,5.8073,14092.342617999999,28184.685235999998,776.6852359999975
7881,19,120,2024-11-02,9,28120.0,635.45,5.8073,3690.248785,33212.239065,5092.239065000002
2086,41,53,2024-11-02,4,203965.0,9496.3,5.8073,55147.862989999994,220591.45195999998,16626.451959999977
1699,47,122,2024-11-02,7,9257.0,271.3,5.8073,1575.5204899999999,11028.64343,1771.64343
7135,27,26,2024-11-02,5,82095.2,3378.85,5.8073,19621.995605,98109.978025,16014.778025000007
9627,8,132,2024-11-02,13,20319.0,314.46,5.8073,1826.1635579999997,23740.126253999995,3421.1262539999952
8420,26,53,2024-11-02,11,590425.0,9496.3,5.8073,55147.862989999994,606626.4928899999,16201.492889999878
6348,44,48,2024-11-02,1,13999.2,2605.99,5.8073,15133.765726999998,15133.765726999998,1134.5657269999974
5364,11,75,2024-11-02,7,217910.05,5924.6,5.8073,34405.92958,240841.50706000003,22931.457060000044
4856,10,113,2024-11-02,7,29226.75,777.57,5.8073,4515.5822610000005,31609.075827000004,2382.325827000004
3856,28,71,2024-11-03,15,1854980.45,23100.17,5.8073,134149.61724099997,2012244.2586149995,157263.80861499952
4699,22,46,2024-11-03,12,56814.75,1000.64,5.8073,5811.016672,69732.200064,12917.450064000004
1100,21,63,2024-11-03,7,930718.8,27618.14,5.8073,160386.82442199998,1122707.7709539998,191988.9709539998
3705,2,98,2024-11-03,5,396806.0,15850.04,5.8073,92045.937292,460229.68646,63423.68646
8737,34,19,2024-11-03,6,98594.0,3358.13,5.8073,19501.668349,117010.010094,18416.010093999997
5640,35,120,2024-11-03,15,44523.65,635.45,5.8073,3690.248785,55353.731775,10830.081774999999
4379,22,71,2024-11-03,9,1171567.0,23100.17,5.8073,134149.61724099997,1207346.5551689998,35779.555168999825
1293,46,99,2024-11-03,1,107267.0,18977.86,5.8073,110210.126378,110210.126378,2943.126378000001
9001,40,55,2024-11-03,8,879898.0,22138.68,5.8073,128565.956364,1028527.650912,148629.65091199998
8459,27,85,2024-11-03,3,115736.0,7885.27,5.8073,45792.128471,137376.385413,21640.38541300001
5989,6,139,2024-11-03,8,10829.05,246.89,5.8073,1433.764297,11470.114376,641.0643760000003
9982,16,90,2024-11-03,11,826567.45,14571.29,5.8073,84619.852417,930818.376587,104250.92658700002
1549,25,141,2024-11-03,10,45427.1,972.86,5.8073,5649.689878,56496.89878,11069.798780000005
3537,17,118,2024-11-03,6,24596.45,787.87,5.8073,4575.397451,27452.384705999997,2855.9347059999964
8182,5,115,2024-11-03,5,4153.0,167.9,5.8073,975.04567,4875.228349999999,722.2283499999994
7084,28,112,2024-11-03,6,13086.0,406.44,5.8073,2360.319012,14161.914072,1075.9140719999996
5867,4,76,2024-11-04,1,148198.0,26819.81,5.7898,155281.335938,155281.335938,7083.335938000004
9900,47,46,2024-11-04,10,47346.1,1000.64,5.7898,5793.505472,57935.05472,10588.954720000002
7201,11,134,2024-11-04,13,58262.55,948.15,5.7898,5489.59887,71364.78530999999,13102.23530999999
6870,17,147,2024-11-04,14,40299.95,592.19,5.7898,3428.661662,48001.263268,7701.313268000005
521,29,109,2024-11-04,4,2366.45,123.24,5.7898,713.534952,2854.139808,487.6898080000001
7172,48,68,2024-11-04,14,936559.0,13317.89,5.7898,77107.919522,1079510.873308,142951.87330799992
4660,19,30,2024-11-04,14,451470.0,6558.44,5.7898,37972.055911999996,531608.7827679999,80138.78276799992
875,13,92,2024-11-04,12,1012936.55,16239.74,5.7898,94024.846652,1128298.159824,115361.60982399993
5066,24,105,2024-11-04,5,1470.6,57.36,5.7898,332.10292799999996,1660.5146399999999,189.91463999999996
4460,33,101,2024-11-04,4,1854.0,82.96,5.7898,480.3218079999999,1921.2872319999997,67.28723199999968
9567,46,140,2024-11-04,14,41689.8,612.49,5.7898,3546.194602,49646.724428,7956.924427999998
2871,8,107,2024-11-04,13,19674.0,311.59,5.7898,1804.0437819999997,23452.569165999997,3778.5691659999975
3552,18,17,2024-11-04,15,200052.9,2833.14,5.7898,16403.313972,246049.70958,45996.80958
7774,13,96,2024-11-04,13,872167.45,14776.4,5.7898,85552.40071999999,1112181.20936,240013.75936000003
799,40,150,2024-11-04,12,19748.0,288.9,5.7898,1672.6732199999997,20072.078639999996,324.0786399999961
22,29,20,2024-11-04,2,61667.0,5689.04,5.7898,32938.403792,65876.807584,4209.807583999995
780,11,12,2024-11-04,11,28488.6,481.53,5.7898,2787.9623939999997,30667.586333999996,2178.9863339999974
5193,29,51,2024-11-04,11,705749.0,11769.05,5.7898,68140.44569,749544.90259,43795.902589999954
1908,37,18,2024-11-04,7,186007.0,5265.1,5.7898,30483.87598,213387.13186,27380.131859999994
5737,29,126,2024-11-05,2,5086.3,467.05,5.7846,2701.69743,5403.39486,317.09486000000015
3658,29,95,2024-11-05,8,558464.0,12945.63,5.7846,74885.291298,599082.330384,40618.33038399997
4197,47,124,2024-11-05,10,35814.05,665.23,5.7846,3848.0894580000004,38480.89458000001,2666.8445800000045
2550,20,149,2024-11-05,11,12800.0,225.94,5.7846,1306.972524,14376.697764,1576.6977640000005
6217,12,76,2024-11-05,5,703941.45,26819.81,5.7846,155141.872926,775709.3646300001,71767.91463000013
3779,35,128,2024-11-05,5,22091.3,853.09,5.7846,4934.784414000001,24673.922070000004,2582.622070000005
2050,12,30,2024-11-05,8,245083.85,6558.44,5.7846,37937.952024,303503.616192,58419.76619199998
3642,14,121,2024-11-05,4,14777.0,677.66,5.7846,3919.992036,15679.968144,902.9681440000004
6781,3,110,2024-11-05,4,9482.9,443.85,5.7846,2567.4947100000004,10269.978840000002,787.078840000002
7854,14,36,2024-11-05,11,236184.25,4476.41,5.7846,25894.241286,284836.654146,48652.404145999986
6457,11,12,2024-11-05,15,38848.35,481.53,5.7846,2785.458438,41781.87657,2933.526570000002
6103,31,142,2024-11-06,11,9091.0,149.71,5.7648,863.048208,9493.530288,402.5302879999999
6319,8,65,2024-11-06,3,76673.0,4996.52,5.7648,28803.938496000002,86411.81548800001,9738.815488000007
1024,17,78,2024-11-06,9,1095854.0,24425.59,5.7648,140808.641232,1267277.771088,171423.77108799992
4011,6,89,2024-11-06,1,74744.1,14122.53,5.7648,81413.56094400001,81413.56094400001,6669.460944000006
3469,15,22,2024-11-06,13,512887.0,7630.67,5.7648,43989.286416,571860.7234080001,58973.72340800008
5965,33,79,2024-11-06,4,264587.0,11873.21,5.7648,68446.681008,273786.724032,9199.724031999998
3229,14,25,2024-11-06,6,69121.05,2139.99,5.7648,12336.614351999999,74019.686112,4898.636111999993
8676,38,144,2024-11-06,7,15499.0,402.54,5.7648,2320.562592,16243.938144000002,744.9381440000016
2868,42,64,2024-11-06,6,669033.0,21352.22,5.7648,123091.27785600002,738547.6671360001,69514.66713600012
8503,2,116,2024-11-06,3,7340.65,502.24,5.7648,2895.313152,8685.939456,1345.2894560000004
8441,22,105,2024-11-06,12,3528.3,57.36,5.7648,330.668928,3968.0271359999997,439.7271359999995
3760,10,147,2024-11-06,1,2878.5,592.19,5.7648,3413.856912,3413.856912,535.3569120000002
7979,16,106,2024-11-06,4,17539.0,918.37,5.7648,5294.219376,21176.877504,3637.877504
2078,27,53,2024-11-06,3,152973.75,9496.3,5.7648,54744.27024,164232.81072,11259.060720000009
4571,26,108,2024-11-06,10,31783.2,688.83,5.7648,3970.9671840000005,39709.67184,7926.471840000002
9163,26,48,2024-11-06,10,139995.8,2605.99,5.7648,15023.011152,150230.11151999998,10234.311519999988
5681,1,1,2024-11-06,8,251731.0,5774.5,5.7648,33288.8376,266310.7008,14579.700799999991
3762,49,66,2024-11-06,7,83600.95,2297.7,5.7648,13245.78096,92720.46672,9119.51672
3115,38,105,2024-11-07,5,1470.6,57.36,5.6624,324.795264,1623.9763199999998,153.37631999999985
9412,48,130,2024-11-07,12,47242.55,752.23,5.6624,4259.427152,51113.125824,3870.5758239999996
5642,28,69,2024-11-07,11,473019.25,8046.11,5.6624,45560.293264,501163.225904,28143.97590399999
4343,36,149,2024-11-07,13,14370.65,225.94,5.6624,1279.362656,16631.714528,2261.064528000001
8544,43,130,2024-11-07,7,27558.55,752.23,5.6624,4259.427152,29815.990064,2257.440064000002
7119,29,88,2024-11-07,11,505115.95,9896.1,5.6624,56035.67664,616392.4430399999,111276.49303999991
5523,12,36,2024-11-07,15,339021.0,4476.41,5.6624,25347.223984,380208.35976,41187.35976000002
8261,9,97,2024-11-07,6,771409.5,25607.88,5.6624,145002.05971200002,870012.3582720001,98602.8582720001
4414,18,114,2024-11-07,6,4796.0,152.46,5.6624,863.2895040000001,5179.737024,383.737024
4569,18,78,2024-11-07,11,1272408.15,24425.59,5.6624,138307.460816,1521382.068976,248973.91897600004
7433,30,13,2024-11-07,3,22078.95,1356.5,5.6624,7681.0455999999995,23043.1368,964.1867999999995
4440,38,103,2024-11-07,2,3399.1,326.91,5.6624,1851.095184,3702.190368,303.0903680000001
2699,13,41,2024-11-07,12,127200.0,1944.42,5.6624,11010.083808,132121.005696,4921.005696000007
5840,12,53,2024-11-07,7,356938.75,9496.3,5.6624,53771.84911999999,376402.94383999996,19464.193839999964
5762,18,15,2024-11-08,13,344562.15,5097.71,5.7648,29387.278608,382034.621904,37472.471903999976
9731,49,50,2024-11-08,6,67656.0,2378.45,5.7648,13711.288559999999,82267.73135999999,14611.73135999999
9374,12,28,2024-11-08,11,156844.0,2776.74,5.7648,16007.350751999998,176080.85827199998,19236.858271999983
8637,23,38,2024-11-08,15,396917.0,4851.61,5.7648,27968.561328,419528.41992,22611.419920000015
3561,48,127,2024-11-08,15,23240.0,296.24,5.7648,1707.7643520000001,25616.465280000004,2376.465280000004
9037,9,17,2024-11-08,3,40010.2,2833.14,5.7648,16332.485472,48997.456416,8987.256416000004
3833,21,48,2024-11-08,13,181994.35,2605.99,5.7648,15023.011152,195299.14497599998,13304.794975999976
5008,21,122,2024-11-08,14,17589.25,271.3,5.7648,1563.99024,21895.863360000003,4306.613360000003
6760,6,117,2024-11-08,12,46774.2,823.4,5.7648,4746.73632,56960.83584,10186.635840000003
3685,25,6,2024-11-08,15,177303.0,2172.43,5.7648,12523.624463999999,187854.36695999998,10551.366959999985
5208,20,88,2024-11-08,13,596955.3,9896.1,5.7648,57049.037280000004,741637.48464,144682.18464
2873,28,49,2024-11-08,10,132642.0,2352.61,5.7648,13562.326128,135623.26128,2981.261280000006
5356,40,132,2024-11-08,9,13363.65,314.46,5.7648,1812.799008,16315.191072,2951.541072
1739,6,1,2024-11-09,14,463715.0,5774.5,5.7648,33288.8376,466043.7264,2328.726399999985
2394,19,11,2024-11-09,11,398551.0,7246.24,5.7648,41773.124352,459504.367872,60953.36787199997
9349,37,48,2024-11-09,11,153995.0,2605.99,5.7648,15023.011152,165253.122672,11258.122671999998
6637,37,72,2024-11-09,3,298994.0,30675.48,5.7648,176838.007104,530514.021312,231520.021312
1758,10,68,2024-11-09,4,267588.0,13317.89,5.7648,76774.972272,307099.889088,39511.889087999996
3747,3,42,2024-11-09,4,23971.0,1263.57,5.7648,7284.228336,29136.913344,5165.9133440000005
4909,5,146,2024-11-09,4,1884.8,87.83,5.7648,506.322384,2025.289536,140.48953600000004
2561,36,55,2024-11-09,12,1253853.7,22138.68,5.7648,127625.062464,1531500.749568,277647.049568
3798,2,122,2024-11-09,8,10051.0,271.3,5.7648,1563.99024,12511.92192,2460.9219200000007
9386,23,139,2024-11-09,10,14249.0,246.89,5.7648,1423.271472,14232.71472,0.0
9115,5,85,2024-11-09,8,308630.0,7885.27,5.7648,45457.004496,363656.035968,55026.03596800001
2525,46,55,2024-11-09,8,835903.1,22138.68,5.7648,127625.062464,1021000.499712,185097.39971200004
1379,8,28,2024-11-09,12,162547.85,2776.74,5.7648,16007.350751999998,192088.20902399998,29540.359023999976
9990,39,75,2024-11-09,5,163842.0,5924.6,5.7648,34154.13408,170770.6704,6928.670400000003
4534,37,150,2024-11-09,6,9380.3,288.9,5.7648,1665.4507199999998,9992.704319999999,612.4043199999996
8081,20,50,2024-11-09,3,32136.6,2378.45,5.7648,13711.288559999999,41133.865679999995,8997.265679999997
268,24,97,2024-11-09,5,676675.0,25607.88,5.7648,147624.30662400002,738121.53312,61446.53312000004
3045,9,12,2024-11-09,6,15539.15,481.53,5.7648,2775.924144,16655.544864,1116.3948639999999
4683,9,147,2024-11-09,8,23028.95,592.19,5.7648,3413.856912,27310.855296,4281.905296000001
4501,13,100,2024-11-09,12,1192442.85,19807.28,5.7648,114185.007744,1370220.092928,177777.24292799993
8720,28,58,2024-11-09,7,723683.4,19694.26,5.7648,113533.47004799999,794734.2903359999,71050.8903359999
3418,3,146,2024-11-09,2,992.0,87.83,5.7648,506.322384,1012.644768,20.644768
9247,31,67,2024-11-09,5,407497.75,16720.73,5.7648,96391.664304,481958.32152,74460.57152
3391,13,93,2024-11-10,12,1205724.0,19072.72,5.7648,109950.41625600001,1319404.9950720002,113680.9950720002
5268,46,112,2024-11-10,15,32714.0,406.44,5.7648,2343.045312,35145.67968,2431.679680000001
8383,47,127,2024-11-10,5,7747.0,296.24,5.7648,1707.7643520000001,8538.82176,791.8217600000007
9219,34,60,2024-11-10,7,761258.0,19786.24,5.7648,114063.71635200002,798446.0144640001,37188.01446400012
3465,20,130,2024-11-10,5,20720.0,752.23,5.7648,4336.4555040000005,21682.277520000003,962.2775200000033
3751,34,4,2024-11-10,5,16063.55,679.13,5.7648,3915.048624,19575.24312,3511.69312
979,9,58,2024-11-10,7,723683.4,19694.26,5.7648,113533.47004799999,794734.2903359999,71050.8903359999
3058,17,79,2024-11-10,6,377036.95,11873.21,5.7648,68446.681008,410680.086048,33643.136048000015
1970,16,114,2024-11-10,12,9591.0,152.46,5.7648,878.9014080000001,10546.816896,955.8168960000003
9283,28,48,2024-11-10,10,147364.0,2605.99,5.7648,15023.011152,150230.11151999998,2866.1115199999767
1833,21,74,2024-11-10,6,519351.0,17160.36,5.7648,98926.043328,593556.259968,74205.259968
5446,39,142,2024-11-10,7,5495.75,149.71,5.7648,863.048208,6041.337456,545.5874560000002
8171,19,3,2024-11-10,5,42864.95,1753.77,5.7648,10110.133296,50550.66648,7685.716480000003
9870,22,134,2024-11-10,12,56611.0,948.15,5.7648,5465.89512,65590.74144,8979.741439999998
5348,46,91,2024-11-11,10,1348860.0,27671.77,5.798,160440.92246,1604409.2246,255549.22460000007
2422,49,19,2024-11-11,7,115026.0,3358.13,5.798,19470.43774,136293.06418000002,21267.064180000016
9755,34,23,2024-11-11,1,10620.05,2244.66,5.798,13014.53868,13014.53868,2394.4886800000004
5933,13,67,2024-11-11,12,1029469.0,16720.73,5.798,96946.79254,1163361.51048,133892.51047999994
2236,31,128,2024-11-11,14,65110.0,853.09,5.798,4946.21582,69247.02148000001,4137.02148000001
7726,7,24,2024-11-11,7,162625.0,4113.86,5.798,23852.16028,166965.12196,4340.1219599999895
2812,31,44,2024-11-11,11,112931.25,2159.34,5.798,12519.85332,137718.38652,24787.13652
4185,33,110,2024-11-11,9,21337.0,443.85,5.798,2573.4423,23160.9807,1823.9807
2936,32,130,2024-11-11,10,41441.0,752.23,5.798,4361.42954,43614.2954,2173.2954000000027
422,18,104,2024-11-11,8,28218.8,742.54,5.798,4305.24692,34441.97536,6223.175359999997
8605,4,36,2024-11-11,9,193242.35,4476.41,5.798,25954.225179999998,233588.02662,40345.676619999984
4542,33,6,2024-11-11,8,94562.0,2172.43,5.798,12595.74914,100765.99312,6203.993119999999
3273,9,137,2024-11-11,11,35378.0,673.98,5.798,3907.7360400000002,42985.09644,7607.096440000001
8947,34,126,2024-11-12,9,22889.3,467.05,5.7694,2694.59827,24251.38443,1362.084429999999
9141,8,25,2024-11-12,9,103681.1,2139.99,5.7694,12346.458305999999,111118.12475399999,7437.024753999984
2231,25,118,2024-11-12,12,49191.95,787.87,5.7694,4545.5371780000005,54546.446136000006,5354.496136000009
5569,20,106,2024-11-12,2,8331.5,918.37,5.7694,5298.443878,10596.887756,2265.387756
4485,21,134,2024-11-12,8,35853.95,948.15,5.7694,5470.25661,43762.05288,7908.102880000006
4741,3,118,2024-11-12,11,47466.0,787.87,5.7694,4545.5371780000005,50000.90895800001,2534.9089580000073
8353,14,121,2024-11-12,10,36943.0,677.66,5.7694,3909.691604,39096.916040000004,2153.9160400000037
5150,11,66,2024-11-12,3,37715.0,2297.7,5.7694,13256.35038,39769.051139999996,2054.051139999996
8453,7,11,2024-11-12,10,344203.05,7246.24,5.7694,41806.457056,418064.57056,73861.52056000003
5539,45,13,2024-11-12,1,7747.0,1356.5,5.7694,7826.1911,7826.1911,79.1911
2901,19,78,2024-11-12,2,243523.0,24425.59,5.7694,140920.998946,281841.997892,38318.997892000014
3655,24,64,2024-11-12,4,446022.0,21352.22,5.7694,123189.49806800002,492757.99227200006,46735.99227200006
9360,11,137,2024-11-12,13,41810.45,673.98,5.7694,3888.460212,50549.982756,8739.532756
112,37,100,2024-11-12,9,894331.9,19807.28,5.7694,114276.12123199999,1028485.0910879999,134153.19108799985
6036,29,136,2024-11-12,4,7499.3,390.62,5.7694,2253.643028,9014.572112,1515.2721119999997
4072,45,77,2024-11-12,13,581161.0,8959.75,5.7694,51692.38165,672000.9614500001,90839.96145000006
7814,10,28,2024-11-13,7,99810.0,2776.74,5.7713,16025.399561999999,112177.79693399998,12367.796933999984
4238,7,112,2024-11-13,1,2071.95,406.44,5.7713,2345.687172,2345.687172,273.7371720000001
4516,21,26,2024-11-13,13,224681.0,3378.85,5.7713,19500.357004999998,253504.64106499997,28823.641064999974
6055,25,148,2024-11-13,1,4546.7,885.1,5.7713,5108.17763,5108.17763,561.4776300000003
9408,22,119,2024-11-13,12,39070.0,669.88,5.7713,3866.078444,46392.941328,7322.941328000001
3248,28,33,2024-11-13,1,6380.2,1325.97,5.7713,7652.570661000001,7652.570661000001,1272.3706610000008
6930,34,102,2024-11-13,13,10275.2,199.93,5.7713,1153.856009,15000.128117,4724.9281169999995
6629,40,67,2024-11-13,8,686312.0,16720.73,5.7713,96500.349049,772002.792392,85690.79239199997
133,34,122,2024-11-13,2,2512.75,271.3,5.7713,1565.75369,3131.50738,618.75738
8824,48,32,2024-11-13,14,166282.3,2288.99,5.7713,13210.447987,184946.271818,18663.97181800002
1516,2,116,2024-11-13,7,18029.0,502.24,5.7713,2898.5777120000002,20290.043984000004,2261.0439840000035
2955,20,130,2024-11-13,2,8288.0,752.23,5.7713,4341.344999,8682.689998,394.68999799999983
9434,37,137,2024-11-13,2,6432.45,673.98,5.7713,3889.7407740000003,7779.481548000001,1347.0315480000008
3797,2,52,2024-11-13,13,169245.35,2426.66,5.7713,14004.982858,182064.77715399998,12819.427153999975
3489,13,128,2024-11-13,7,30927.25,853.09,5.7713,4923.438317,34464.068219,3536.8182190000007
4371,4,47,2024-11-13,5,30615.0,1116.66,5.7713,6444.579858000001,32222.899290000005,1607.8992900000048
7859,24,128,2024-11-13,7,32555.0,853.09,5.7713,4923.438317,34464.068219,1909.0682190000007
9984,37,23,2024-11-13,14,156501.0,2244.66,5.7713,12954.606258,181364.487612,24863.487611999997
4315,36,13,2024-11-13,15,110395.7,1356.5,5.7713,7828.7684500000005,117431.52675,7035.826750000007
854,42,49,2024-11-13,14,185700.0,2352.61,5.7713,13577.618093000001,190086.65330200002,4386.653302000021
137,17,62,2024-11-14,5,511110.0,20000.78,5.7885,115774.51503,578872.5751499999,67762.57514999993
5648,15,40,2024-11-14,8,107798.4,2867.26,5.7885,16597.13451,132777.07608,24978.676080000005
5113,32,116,2024-11-14,3,7727.0,502.24,5.7885,2907.21624,8721.648720000001,994.648720000001
3998,30,138,2024-11-14,15,59608.7,836.88,5.7885,4844.27988,72664.1982,13055.498200000002
4400,10,103,2024-11-14,10,16997.4,326.91,5.7885,1892.318535,18923.18535,1925.7853499999983
2855,36,102,2024-11-14,11,9152.0,199.93,5.7885,1157.294805,12730.242855,3578.2428550000004
3614,21,115,2024-11-14,9,7475.0,167.9,5.7885,971.8891500000001,8747.00235,1272.0023500000007
9776,37,94,2024-11-14,5,203754.0,8022.13,5.7885,46436.099505,232180.49752499998,28426.497524999984
176,32,124,2024-11-14,12,45239.0,665.23,5.7885,3850.683855,46208.206260000006,969.2062600000063
2271,17,8,2024-11-14,14,66289.1,947.05,5.7885,5481.998925,76747.98495,10458.884949999992
5223,18,147,2024-11-14,4,11514.0,592.19,5.7885,3427.8918150000004,13711.567260000002,2197.5672600000016
4903,11,56,2024-11-15,14,571750.85,8087.59,5.7885,46815.014715,655410.20601,83659.35600999999
6403,8,109,2024-11-15,14,8282.1,123.24,5.7885,713.37474,9987.24636,1705.1463599999988
511,17,120,2024-11-15,15,46867.0,635.45,5.7885,3678.302325,55174.534875000005,8307.534875000005
830,29,139,2024-11-15,12,16244.05,246.89,5.7885,1429.1227649999998,17149.473179999997,905.423179999998
1620,35,135,2024-11-15,3,4687.3,328.1,5.7885,1899.20685,5697.62055,1010.3205499999995
8943,14,127,2024-11-15,3,4415.6,296.24,5.7885,1714.7852400000002,5144.3557200000005,728.7557200000001
8931,31,61,2024-11-15,13,364242.0,5102.18,5.7885,29533.968930000003,383941.59609,19699.596090000006
1933,4,102,2024-11-15,3,2496.0,199.93,5.7885,1157.294805,3471.884415,975.884415
3161,32,88,2024-11-15,9,435028.0,9896.1,5.7885,57283.574850000005,515552.17365,80524.17365000001
664,7,33,2024-11-15,7,44659.5,1325.97,5.7885,7675.377345,53727.641415,9068.141414999998
8951,18,80,2024-11-15,11,1350388.9,24177.04,5.7885,139948.79604000002,1539436.7564400001,189047.85644000024
299,42,137,2024-11-15,6,20313.0,673.98,5.7885,3901.33323,23407.99938,3094.999380000001
4251,21,44,2024-11-15,6,64841.0,2159.34,5.7885,12499.339590000001,74996.03754,10155.037540000005
2436,39,90,2024-11-16,8,632779.0,14571.29,5.7885,84345.912165,674767.29732,41988.29732000001
1432,26,57,2024-11-16,1,118791.0,23810.02,5.7885,137824.30077,137824.30077,19033.30077
2152,4,15,2024-11-16,2,53010.0,5097.71,5.7885,29508.094335,59016.18867,6006.188670000003
6726,27,18,2024-11-16,10,265724.0,5265.1,5.7885,30477.03135,304770.3135,39046.31349999999
4418,9,91,2024-11-16,13,1665842.1,27671.77,5.7885,160178.040645,2082314.528385,416472.428385
9548,44,33,2024-11-16,5,31900.05,1325.97,5.7885,7675.377345,38376.886725,6476.836724999997
5854,5,73,2024-11-16,11,1496021.05,25649.93,5.7885,148474.619805,1633220.817855,137199.76785499998
8409,7,15,2024-11-16,15,418496.0,5097.71,5.7885,29508.094335,442621.415025,24125.415024999995
4914,48,144,2024-11-16,6,13285.0,402.54,5.7885,2330.10279,13980.61674,695.6167399999995
3254,45,71,2024-11-16,13,1692263.0,23100.17,5.7885,133715.334045,1738299.342585,46036.34258499998
6163,39,10,2024-11-16,10,320330.0,5864.71,5.7885,33947.873835,339478.73835,19148.73835
4976,30,25,2024-11-16,13,149761.8,2139.99,5.7885,12387.332115,161035.317495,11273.517495000007
9393,28,150,2024-11-16,4,6583.0,288.9,5.7885,1672.2976499999997,6689.190599999999,106.190599999999
8249,39,20,2024-11-16,13,400835.0,5689.04,5.7885,32931.00804,428103.10452,27268.104519999993
696,36,90,2024-11-16,14,1107363.0,14571.29,5.7885,84345.912165,1180842.77031,73479.77031000005
7253,46,64,2024-11-16,14,1561078.0,21352.22,5.7885,123597.32547000001,1730362.55658,169284.5565800001
897,44,116,2024-11-16,3,7727.0,502.24,5.7885,2907.21624,8721.648720000001,994.648720000001
6239,44,141,2024-11-17,7,33473.0,972.86,5.7885,5631.4001100000005,39419.80077,5946.800770000002
3473,32,81,2024-11-17,7,855039.0,23685.5,5.7885,137103.51675,959724.6172500001,104685.61725000013
9844,5,71,2024-11-17,5,618326.5,23100.17,5.7885,133715.334045,668576.670225,50250.17022500001
8949,9,147,2024-11-17,11,31664.45,592.19,5.7885,3427.8918150000004,37706.80996500001,6042.359965000007
3479,6,38,2024-11-17,15,377071.15,4851.61,5.7885,28083.544485,421253.16727499996,44182.01727499993
7569,9,57,2024-11-17,7,789957.3,23810.02,5.7885,137824.30077,964770.10539,174812.80539
876,35,150,2024-11-17,1,1563.7,288.9,5.7885,1672.2976499999997,1672.2976499999997,108.5976499999997
5095,6,137,2024-11-17,4,12864.9,673.98,5.7885,3901.33323,15605.33292,2740.432920000001
7418,10,12,2024-11-17,6,15539.15,481.53,5.7885,2787.336405,16724.01843,1184.8684300000004
6913,37,77,2024-11-17,6,254816.6,8959.75,5.7885,51863.512875,311181.07725,56364.47724999997
5402,47,26,2024-11-17,2,32837.7,3378.85,5.7885,19558.473224999998,39116.946449999996,6279.246449999999
6493,38,107,2024-11-17,9,12939.0,311.59,5.7885,1803.6387149999998,16232.748434999998,3293.7484349999977
8640,25,126,2024-11-17,14,35605.05,467.05,5.7885,2703.518925,37849.26495,2244.214949999994
5612,38,68,2024-11-17,11,735868.0,13317.89,5.7885,77090.606265,847996.6689149999,112128.66891499993
3928,7,71,2024-11-17,7,911218.0,23100.17,5.7885,133715.334045,936007.338315,24789.338314999943
5536,16,128,2024-11-18,8,37206.0,853.09,5.7603,4914.054327,39312.434616,2106.4346159999986
9913,12,37,2024-11-18,9,51878.55,1211.89,5.7603,6980.849967,62827.649703,10949.099703
8150,48,23,2024-11-18,10,106196.7,2244.66,5.7603,12929.914997999998,129299.14997999999,23102.44997999999
6362,42,117,2024-11-18,12,49236.0,823.4,5.7603,4743.031019999999,56916.37224,7680.372239999997
3082,37,37,2024-11-18,8,48542.0,1211.89,5.7603,6980.849967,55846.799736,7304.799736000001
227,15,9,2024-11-18,6,238233.0,7258.64,5.7603,41811.943992,250871.663952,12638.663952000003
5308,20,83,2024-11-18,9,1213235.0,35839.7,5.7603,206447.42390999998,1858026.8151899998,644791.8151899998
2325,38,116,2024-11-18,1,2447.2,502.24,5.7603,2893.053072,2893.053072,445.85307200000034
3857,40,122,2024-11-18,3,3967.0,271.3,5.7603,1562.7693900000002,4688.30817,721.3081700000002
1974,38,37,2024-11-18,5,30339.0,1211.89,5.7603,6980.849967,34904.249835,4565.249835000002
5774,32,13,2024-11-18,9,69724.0,1356.5,5.7603,7813.84695,70324.62255,600.62255
963,13,100,2024-11-18,15,1569004.0,19807.28,5.7603,114095.874984,1711438.12476,142434.12476000004
7049,12,82,2024-11-18,9,441470.7,9770.29,5.7603,56279.801487000004,506518.21338300005,65047.51338300004
9044,26,150,2024-11-19,12,19748.0,288.9,5.7743,1668.19527,20018.34324,270.34323999999833
6823,49,97,2024-11-19,4,514273.0,25607.88,5.7743,147867.58148400002,591470.3259360001,77197.3259360001
6675,7,119,2024-11-19,2,6512.0,669.88,5.7743,3868.088084,7736.176168,1224.176168
1023,30,82,2024-11-19,11,567974.0,9770.29,5.7743,56416.58554700001,620582.4410170001,52608.44101700012
5786,13,25,2024-11-19,9,109138.0,2139.99,5.7743,12356.944257,111212.49831299999,2074.498312999989
5583,42,62,2024-11-19,3,291332.7,20000.78,5.7743,115490.503954,346471.511862,55138.81186199997
6079,6,147,2024-11-19,12,34542.95,592.19,5.7743,3419.4827170000003,41033.792604,6490.842604000005
1946,15,120,2024-11-19,9,26714.0,635.45,5.7743,3669.2789350000003,33023.510415000004,6309.510415000004
3365,15,35,2024-11-19,13,143072.0,2106.85,5.7743,12165.583955,158152.591415,15080.591415000003
8175,28,27,2024-11-19,15,235288.4,3051.23,5.7743,17618.717389,264280.760835,28992.36083500003
6449,1,112,2024-11-19,7,15267.0,406.44,5.7743,2346.906492,16428.345444,1161.3454439999987
6291,26,126,2024-11-19,15,40156.0,467.05,5.7743,2696.8868150000003,40453.30222500001,297.30222500000673
3587,21,133,2024-11-19,9,17034.0,381.67,5.7743,2203.877081,19834.893729,2800.8937289999994
403,46,32,2024-11-19,2,23754.75,2288.99,5.7743,13217.314956999999,26434.629913999997,2679.8799139999974
8305,10,94,2024-11-19,12,489010.0,8022.13,5.7743,46322.185259000005,555866.2231080001,66856.22310800012
4641,16,128,2024-11-19,7,30927.25,853.09,5.7743,4925.997587000001,34481.98310900001,3554.733109000008
5765,10,124,2024-11-19,12,45239.0,665.23,5.7743,3841.2375890000003,46094.851068,855.8510680000036
6146,36,80,2024-11-20,14,1809134.0,24177.04,5.7743,139605.482072,1954476.7490080001,145342.74900800013
6641,25,35,2024-11-20,15,156828.85,2106.85,5.7743,12165.583955,182483.759325,25654.909324999986
6182,9,45,2024-11-20,7,65859.7,1881.33,5.7743,10863.363819,76043.546733,10183.846732999998
8638,17,19,2024-11-20,1,16432.0,3358.13,5.7743,19390.850059,19390.850059,2958.8500590000003
5759,2,26,2024-11-20,15,246285.6,3378.85,5.7743,19510.493555,292657.403325,46371.803325000015
4855,9,12,2024-11-20,8,21809.0,481.53,5.7743,2780.498679,22243.989432,434.9894319999985
4227,36,111,2024-11-20,1,4285.0,860.37,5.7743,4968.034491,4968.034491,683.0344910000003
8785,31,7,2024-11-20,4,74171.25,3678.62,5.7743,21241.455466,84965.821864,10794.571863999998
578,27,125,2024-11-20,3,10206.0,646.27,5.7743,3731.756861,11195.270583,989.2705829999995
3284,30,69,2024-11-20,15,678975.0,8046.11,5.7743,46460.652973,696909.794595,17934.794594999985
7812,27,91,2024-11-20,5,640708.5,27671.77,5.7743,159785.10151100002,798925.507555,158217.00755500002
6088,38,145,2024-11-21,9,39149.0,875.03,5.8173,5090.312019,45812.808171,6663.808170999997
8003,32,51,2024-11-21,11,670461.55,11769.05,5.8173,68464.094565,753105.040215,82643.490215
1177,32,10,2024-11-21,6,182588.1,5864.71,5.8173,34116.777483000005,204700.66489800002,22112.56489800001
1345,15,98,2024-11-21,6,476167.0,15850.04,5.8173,92204.437692,553226.626152,77059.62615200004
9812,40,66,2024-11-21,7,83600.95,2297.7,5.8173,13366.41021,93564.87147,9963.921470000001
9361,22,30,2024-11-21,4,122541.45,6558.44,5.8173,38152.413012,152609.652048,30068.202047999992
9598,19,82,2024-11-21,11,539575.3,9770.29,5.8173,56836.70801700001,625203.7881870001,85628.48818700004
2851,28,127,2024-11-21,7,10302.75,296.24,5.8173,1723.3169520000001,12063.218664,1760.468664
7474,16,82,2024-11-21,13,671243.0,9770.29,5.8173,56836.70801700001,738877.2042210002,67634.2042210002
4991,16,74,2024-11-21,3,246692.2,17160.36,5.8173,99826.962228,299480.886684,52788.686684000015
6707,27,137,2024-11-21,2,6432.45,673.98,5.8173,3920.7438540000003,7841.487708000001,1409.0377080000007
3442,5,45,2024-11-21,13,128748.0,1881.33,5.8173,10944.261009,142275.393117,13527.393117
5996,44,32,2024-11-21,11,130650.65,2288.99,5.8173,13315.741527,146473.156797,15822.50679700001
895,36,64,2024-11-21,5,557528.0,21352.22,5.8173,124212.26940600002,621061.3470300001,63533.34703000006
5676,10,36,2024-11-21,8,180811.0,4476.41,5.8173,26040.619893,208324.959144,27513.959143999993
539,35,65,2024-11-21,10,242798.15,4996.52,5.8173,29066.255796000005,290662.55796000006,47864.40796000007
2508,18,73,2024-11-22,6,816012.0,25649.93,5.8124,149087.653132,894525.918792,78513.91879200004
7403,8,60,2024-11-22,10,1087511.0,19786.24,5.8124,115005.54137600001,1150055.4137600001,62544.41376000014
7085,43,84,2024-11-22,8,330021.45,8456.45,5.8124,49152.269980000005,393218.15984000004,63196.709840000025
8237,49,74,2024-11-22,10,822306.7,17160.36,5.8124,99742.876464,997428.76464,175122.06464
5734,22,101,2024-11-22,7,3244.0,82.96,5.8124,482.196704,3375.376928,131.37692800000013
4865,12,80,2024-11-22,4,491050.25,24177.04,5.8124,140526.62729600002,562106.5091840001,71056.25918400008
6920,20,91,2024-11-22,1,128141.7,27671.77,5.8124,160839.39594800002,160839.39594800002,32697.695948000022
3653,23,43,2024-11-22,2,70194.0,6219.32,5.8124,36149.175568,72298.351136,2104.3511359999975
4277,7,20,2024-11-22,6,185001.0,5689.04,5.8124,33066.976096,198401.856576,13400.856575999991
1991,15,108,2024-11-22,14,46838.0,688.83,5.8124,4003.7554920000002,56052.576888,9214.576888000003
9693,29,52,2024-11-22,13,169245.35,2426.66,5.8124,14104.718584,183361.341592,14115.991592000006
8270,6,44,2024-11-22,12,123197.9,2159.34,5.8124,12550.947816000002,150611.37379200003,27413.473792000033
1791,47,103,2024-11-23,9,15297.85,326.91,5.8124,1900.1316840000002,17101.185156000003,1803.3351560000028
7359,30,60,2024-11-23,7,723195.1,19786.24,5.8124,115005.54137600001,805038.789632,81843.68963200005
635,31,63,2024-11-23,13,1728477.5,27618.14,5.8124,160527.676936,2086859.8001680002,358382.30016800016
7437,8,32,2024-11-23,5,59386.4,2288.99,5.8124,13304.525475999999,66522.62737999999,7136.227379999989
5124,39,72,2024-11-23,15,1494970.0,30675.48,5.8124,178298.15995200002,2674472.3992800005,1179502.3992800005
8050,48,103,2024-11-23,13,22096.05,326.91,5.8124,1900.1316840000002,24701.711892000003,2605.6618920000037
7813,46,55,2024-11-23,11,1209859.0,22138.68,5.8124,128678.86363200001,1415467.499952,205608.4999520001
7910,5,11,2024-11-23,14,507247.0,7246.24,5.8124,42118.045376,589652.635264,82405.63526400004
6037,39,71,2024-11-23,10,1236653.95,23100.17,5.8124,134267.428108,1342674.2810799999,106020.33107999992
6879,4,34,2024-11-23,9,44258.0,951.66,5.8124,5531.428584,49782.857256,5524.857256000003
1616,25,93,2024-11-23,13,1306201.0,17444.83,5.8124,101396.32989200001,1318152.288596,11951.288596000057
3003,42,73,2024-11-23,7,952014.0,25649.93,5.8124,149087.653132,1043613.571924,91599.57192400005
9457,39,97,2024-11-24,8,1082681.0,25607.88,5.8124,148843.24171200002,1190745.9336960001,108064.93369600014
348,38,40,2024-11-24,14,188648.15,2867.26,5.8124,16665.662024,233319.268336,44671.118336000014
5375,15,105,2024-11-24,15,4643.0,53.66,5.8124,311.89338399999997,4678.4007599999995,35.400759999999536
9736,23,77,2024-11-24,13,552102.95,8959.75,5.8124,52077.6509,677009.4617,124906.51170000003
8186,37,48,2024-11-24,2,29473.0,2605.99,5.8124,15147.056276,30294.112552,821.1125519999987
6144,14,18,2024-11-24,15,398587.0,5265.1,5.8124,30602.867240000003,459043.00860000006,60456.00860000006
2447,15,129,2024-11-24,3,9309.05,661.98,5.8124,3847.6925520000004,11543.077656000001,2234.027656000002
6571,13,3,2024-11-24,11,94302.7,1753.77,5.8124,10193.612748,112129.740228,17827.040227999998
6057,36,3,2024-11-24,13,111448.3,1753.77,5.8124,10193.612748,132516.965724,21068.665724000006
2511,7,123,2024-11-24,1,2777.0,535.37,5.8124,3111.784588,3111.784588,334.784588
55,35,54,2024-11-24,3,346373.8,23191.9,5.8124,134800.59956,404401.79868,58027.99868000002
5405,38,101,2024-11-24,10,4402.3,82.96,5.8124,482.196704,4821.96704,419.66704000000027
4127,44,73,2024-11-24,3,429480.0,25649.93,5.8124,149087.653132,447262.959396,17782.95939600002
582,46,9,2024-11-24,5,198528.0,7258.64,5.8124,42190.119136,210950.59568,12422.595679999999
191,43,101,2024-11-24,11,5097.0,82.96,5.8124,482.196704,5304.163744,207.1637440000004
2944,45,54,2024-11-24,13,1579953.0,23191.9,5.8124,134800.59956,1752407.79428,172454.79428000003
870,22,90,2024-11-24,11,826567.45,14571.29,5.8124,84694.16599600001,931635.8259560001,105068.37595600018
4313,44,48,2024-11-25,4,58945.0,2605.99,5.8002,15115.263197999999,60461.052791999995,1516.052791999995
6737,35,8,2024-11-25,10,49842.0,947.05,5.8002,5493.07941,54930.7941,5088.794099999999
3818,14,66,2024-11-25,2,23885.85,2297.7,5.8002,13327.11954,26654.23908,2768.389080000001
1389,5,43,2024-11-25,2,66684.3,6219.32,5.8002,36073.299864,72146.599728,5462.299727999998
3019,2,121,2024-11-25,4,14038.15,677.66,5.8002,3930.563532,15722.254128,1684.1041280000009
5489,38,16,2024-11-25,4,120024.0,5491.48,5.8002,31851.682296,127406.729184,7382.729183999996
9867,16,46,2024-11-26,1,4984.0,1000.64,5.799,5802.71136,5802.71136,818.7113600000002
2116,48,4,2024-11-26,12,38553.85,679.13,5.799,3938.27487,47259.29844,8705.44844
2997,21,9,2024-11-26,8,301761.8,7258.64,5.799,42092.85336000001,336742.82688000007,34981.02688000008
8801,21,57,2024-11-26,11,1306696.0,20486.78,5.799,118802.83722,1306831.20942,135.20941999997012
4845,29,47,2024-11-26,6,36738.0,1116.66,5.799,6475.511340000001,38853.068040000006,2115.0680400000056
6975,30,4,2024-11-26,4,13528.0,679.13,5.799,3938.27487,15753.09948,2225.0994800000008
6613,1,25,2024-11-26,11,126721.45,2139.99,5.799,12409.80201,136507.82211,9786.372110000011
3667,18,33,2024-11-26,11,70179.35,1325.97,5.799,7689.30003,84582.30033,14402.950329999992
3871,47,58,2024-11-26,9,930449.95,19694.26,5.799,114207.01374,1027863.1236599999,97413.17365999997
4867,30,18,2024-11-26,6,151463.25,5265.1,5.799,30532.314900000005,183193.88940000004,31730.639400000044
6662,40,38,2024-11-27,8,211689.0,4851.61,5.8291,28280.519851,226244.158808,14555.158808000007
503,45,54,2024-11-27,11,1270038.85,23191.9,5.8291,135187.90429,1487066.94719,217028.09718999988
6484,31,108,2024-11-27,6,20073.0,688.83,5.8291,4015.2589530000005,24091.553718000003,4018.553718000003
20,39,56,2024-11-27,12,490071.75,8087.59,5.8291,47143.370869000006,565720.4504280001,75648.70042800007
158,9,138,2024-11-27,5,19869.25,836.88,5.8291,4878.257208,24391.28604,4522.036039999999
801,37,64,2024-11-27,10,1059303.2,21352.22,5.8291,124464.22560200002,1244642.2560200002,185339.05602000025
7368,32,68,2024-11-27,8,508418.15,13317.89,5.8291,77631.312599,621050.500792,112632.35079199995
6216,18,18,2024-11-27,3,79717.0,5265.1,5.8291,30690.794410000006,92072.38323000002,12355.383230000021
7510,48,107,2024-11-27,8,12107.0,311.59,5.8291,1816.2892689999999,14530.314151999999,2423.314151999999
4439,43,134,2024-11-27,6,28306.0,948.15,5.8291,5526.861165,33161.16699,4855.166989999998
9351,42,34,2024-11-27,9,42045.1,951.66,5.8291,5547.321306,49925.891754,7880.791753999998
9571,10,48,2024-11-27,13,181994.35,2605.99,5.8291,15190.576309,197477.492017,15483.142017000006
3381,37,36,2024-11-27,3,67804.0,4476.41,5.8291,26093.441531,78280.324593,10476.324592999998
5740,7,146,2024-11-27,12,5952.0,87.83,5.8291,511.969853,6143.638236,191.63823599999978
8328,27,7,2024-11-27,6,117113.0,3678.62,5.8291,21443.043842,128658.263052,11545.263051999995
5307,39,102,2024-11-27,5,4160.0,199.93,5.8291,1165.411963,5827.0598150000005,1667.0598150000005
4894,25,80,2024-11-27,7,859338.65,24177.04,5.8291,140930.383864,986512.687048,127174.03704800003
5781,47,54,2024-11-27,12,1458418.0,23191.9,5.8291,135187.90429,1622254.8514800002,163836.8514800002
6847,48,106,2024-11-28,7,29159.3,918.37,5.9871,5498.373027,38488.611188999996,9329.311188999996
2117,35,45,2024-11-28,5,49519.0,1881.33,5.9871,11263.710842999999,56318.554215,6799.5542149999965
8752,19,111,2024-11-28,14,56993.35,860.37,5.9871,5151.121227,72115.697178,15122.347178000004
6979,6,26,2024-11-28,6,103699.0,3378.85,5.9871,20229.512834999998,121377.07700999998,17678.07700999998
831,19,126,2024-11-28,4,10172.6,467.05,5.9871,2796.275055,11185.10022,1012.5002199999999
3001,15,149,2024-11-28,15,17454.0,225.94,5.9871,1352.7253739999999,20290.880609999997,2836.8806099999965
4142,45,114,2024-11-28,13,9871.45,152.46,5.9871,912.793266,11866.312458,1994.8624579999996
1775,2,19,2024-11-28,14,218550.35,3358.13,5.9871,20105.460123,281476.441722,62926.09172200001
2831,48,82,2024-11-28,15,774511.0,9770.29,5.9871,58495.703259,877435.548885,102924.54888500005
5244,2,111,2024-11-28,14,59993.0,860.37,5.9871,5151.121227,72115.697178,12122.697178000002
4245,20,99,2024-11-28,11,1120936.35,18977.86,5.9871,113622.345606,1249845.801666,128909.45166599983
18,25,27,2024-11-28,3,47057.3,3051.23,5.9871,18268.019132999998,54804.057399,7746.757398999995
4529,8,144,2024-11-28,10,22141.0,402.54,5.9871,2410.047234,24100.47234,1959.4723400000003
4828,9,131,2024-11-28,15,13731.3,175.62,5.9871,1051.454502,15771.81753,2040.517530000001
6575,33,70,2024-11-28,3,97912.7,5960.14,5.9871,35683.954194,107051.862582,9139.162582000004
6581,43,3,2024-11-28,13,111448.3,1753.77,5.9871,10499.996367,136499.95277099998,25051.65277099998
5823,37,106,2024-11-28,2,8770.0,918.37,5.9871,5498.373027,10996.746054,2226.7460539999993
4452,15,92,2024-11-28,3,266562.0,16239.74,5.9871,97228.947354,291686.842062,25124.84206200001
6130,49,57,2024-11-29,1,112851.45,20486.78,6.0535,124016.72272999998,124016.72272999998,11165.272729999982
1118,36,46,2024-11-29,8,39870.0,1000.64,6.0535,6057.374239999999,48458.99391999999,8588.993919999994
263,3,107,2024-11-29,2,2875.65,311.59,6.0535,1886.2100649999998,3772.4201299999995,896.7701299999994
8781,43,95,2024-11-29,8,558464.0,12945.63,6.0535,78366.37120499999,626930.9696399999,68466.96963999991
9890,33,145,2024-11-29,7,30449.0,875.03,6.0535,5296.994105,37078.958735,6629.958735
2139,33,71,2024-11-29,13,1692263.0,23100.17,6.0535,139836.87909499998,1817879.4282349998,125616.42823499977
529,4,5,2024-11-29,7,165683.0,4327.37,6.0535,26195.734295,183370.14006499999,17687.140064999985
5643,39,17,2024-11-29,5,70194.0,2833.14,6.0535,17150.412989999997,85752.06494999999,15558.064949999985
4560,48,122,2024-11-29,12,15870.0,271.3,6.0535,1642.31455,19707.7746,3837.7746000000006
6366,8,19,2024-11-29,10,164324.0,3358.13,6.0535,20328.439954999998,203284.39954999997,38960.39954999997
9354,3,21,2024-11-29,15,131018.0,1584.96,6.0535,9594.55536,143918.3304,12900.330400000006
4404,40,130,2024-11-29,9,35432.15,752.23,6.0535,4553.624305,40982.618745,5550.468744999998
4317,34,96,2024-11-29,8,564967.0,14776.4,6.0535,89448.9374,715591.4992,150624.49919999996
9249,27,88,2024-11-29,13,628374.0,9896.1,6.0535,59906.04135,778778.53755,150404.53755
7439,16,129,2024-11-29,8,26130.0,661.98,6.0535,4007.2959299999998,32058.367439999998,5928.367439999998
4140,23,75,2024-11-29,3,98305.0,5924.6,6.0535,35864.566100000004,107593.69830000002,9288.698300000018
4337,9,98,2024-11-29,13,980110.25,15850.04,6.0535,95948.21714,1247326.82282,267216.5728199999
7051,38,77,2024-11-30,15,670570.0,8959.75,6.0535,54237.846625,813567.699375,142997.69937499997
1914,28,72,2024-11-30,11,1041495.45,30675.48,6.0535,185694.01817999998,2042634.1999799998,1001138.7499799998
2079,27,84,2024-11-30,2,82505.6,8456.45,6.0535,51191.120075,102382.24015,19876.640149999992
649,25,31,2024-11-30,11,86558.3,1482.91,6.0535,8976.795685,98744.75253499999,12186.45253499999
4702,4,47,2024-11-30,13,79598.0,1116.66,6.0535,6759.70131,87876.11703000001,8278.117030000009
329,3,123,2024-11-30,1,2777.0,535.37,6.0535,3240.862295,3240.862295,463.8622949999999
6611,36,95,2024-11-30,8,558464.0,12945.63,6.0535,78366.37120499999,626930.9696399999,68466.96963999991
5884,16,100,2024-11-30,4,397480.95,19807.28,6.0535,119903.36947999998,479613.4779199999,82132.5279199999
4130,41,73,2024-11-30,6,816012.0,25649.93,6.0535,155271.851255,931631.1075299999,115619.10752999992
2526,42,21,2024-11-30,15,124467.1,1584.96,6.0535,9594.55536,143918.3304,19451.2304
5022,28,19,2024-11-30,8,131459.0,3358.13,6.0535,20328.439954999998,162627.51963999998,31168.519639999984
8875,21,61,2024-12-01,7,186323.5,5102.18,6.0535,30886.04663,216202.32641,29878.82641000001
3741,43,88,2024-12-01,15,725047.0,9896.1,6.0535,59906.04135,898590.62025,173543.62025000004
6931,47,118,2024-12-01,6,24596.45,787.87,6.0535,4769.371045,28616.22627,4019.7762699999985
7971,4,80,2024-12-01,7,904567.0,24177.04,6.0535,146355.71164,1024489.98148,119922.98147999996
2884,18,82,2024-12-01,13,671243.0,9770.29,6.0535,59144.450515000004,768877.8566950001,97634.85669500008
685,9,98,2024-12-01,3,238083.0,15850.04,6.0535,95948.21714,287844.65142,49761.65142000001
4618,27,92,2024-12-01,10,888541.0,16239.74,6.0535,98307.26608999999,983072.6608999999,94531.6608999999
5622,40,140,2024-12-01,5,15673.0,612.49,6.0535,3707.7082149999997,18538.541074999997,2865.5410749999974
7373,6,149,2024-12-01,14,16291.0,225.94,6.0535,1367.72779,19148.189059999997,2857.189059999997
6665,17,2,2024-12-01,3,39894.3,2829.74,6.0535,17129.831089999996,51389.49326999999,11495.193269999989
4089,16,88,2024-12-02,10,459196.75,9896.1,6.0634,60004.01274,600040.1274,140843.3774
2371,1,144,2024-12-02,7,14724.05,402.54,6.0634,2440.761036,17085.327252,2361.277252
8595,33,6,2024-12-02,6,67374.95,2172.43,6.0634,13172.312061999999,79033.872372,11658.922372
9259,41,138,2024-12-02,10,39738.5,836.88,6.0634,5074.338191999999,50743.38191999999,11004.881919999993
2181,3,56,2024-12-02,2,85978.0,8087.59,6.0634,49038.293205999995,98076.58641199999,12098.58641199999
5627,34,9,2024-12-02,7,264041.1,7258.64,6.0634,44012.037776,308084.264432,44043.16443200002
1173,9,105,2024-12-02,8,2476.0,53.37,6.0634,323.60365799999994,2588.8292639999995,112.82926399999951
4915,1,4,2024-12-02,5,16909.0,679.13,6.0634,4117.836842,20589.18421,3680.1842099999994
5175,36,113,2024-12-02,2,8350.5,777.57,6.0634,4714.717938,9429.435876,1078.9358759999996
3178,45,43,2024-12-02,8,266736.25,6219.32,6.0634,37710.224888,301681.799104,34945.549103999976
1988,40,37,2024-12-02,4,23057.45,1211.89,6.0634,7348.173826,29392.695304,6335.245304
9902,22,122,2024-12-02,10,12563.75,271.3,6.0634,1645.00042,16450.0042,3886.2541999999994
4549,44,102,2024-12-02,5,3952.0,199.93,6.0634,1212.255562,6061.2778100000005,2109.2778100000005
9796,21,110,2024-12-03,13,30819.9,443.85,6.0707,2694.4801950000005,35028.242535000005,4208.342535000003
5003,47,122,2024-12-03,3,3967.0,271.3,6.0707,1646.9809100000002,4940.942730000001,973.9427300000007
9216,36,121,2024-12-03,5,17547.45,677.66,6.0707,4113.870562,20569.35281,3021.9028099999996
6929,11,101,2024-12-03,13,6024.0,82.96,6.0707,503.625272,6547.128536,523.1285360000002
2946,23,3,2024-12-03,9,77157.1,1753.77,6.0707,10646.611539000001,95819.50385100002,18662.40385100001
7792,11,38,2024-12-03,4,100552.75,4851.61,6.0707,29452.668827,117810.675308,17257.925308000005
7252,36,66,2024-12-03,14,167202.85,2297.7,6.0707,13948.64739,195281.06346,28078.21346
721,43,46,2024-12-03,15,71019.15,1000.64,6.0707,6074.585248,91118.77872,20099.628720000008
6078,33,142,2024-12-03,9,7066.1,149.71,6.0707,908.8444970000002,8179.600473000001,1113.500473000001
44,39,81,2024-12-03,8,928328.6,23685.5,6.0707,143787.56485000002,1150300.5188000002,221971.91880000022
6944,16,116,2024-12-04,9,23180.0,502.24,6.0581,3042.620144,27383.581296,4203.581296
7272,45,108,2024-12-04,14,44496.1,688.83,6.0581,4173.001023,58422.014321999995,13925.914321999997
21,17,71,2024-12-04,3,390522.0,23100.17,6.0581,139943.13987699998,419829.4196309999,29307.41963099991
3832,9,133,2024-12-04,10,18927.0,381.67,6.0581,2312.1950269999998,23121.950269999998,4194.9502699999975
6443,42,122,2024-12-04,6,7935.0,271.3,6.0581,1643.56253,9861.37518,1926.375179999999
4067,30,109,2024-12-04,4,2366.45,123.24,6.0581,746.600244,2986.400976,619.9509760000001
2304,3,32,2024-12-04,12,142528.5,2288.99,6.0581,13866.930318999997,166403.16382799996,23874.66382799996
861,45,39,2024-12-04,7,197058.5,5270.87,6.0581,31931.457546999998,223520.202829,26461.702828999987
822,45,131,2024-12-04,5,4577.1,175.62,6.0581,1063.923522,5319.61761,742.5176099999999
4161,33,114,2024-12-04,3,2278.1,152.46,6.0581,923.617926,2770.853778,492.75377800000024
6127,34,44,2024-12-04,9,97262.0,2159.34,6.0581,13081.497654,117733.47888600001,20471.47888600001
5538,38,122,2024-12-04,10,12563.75,271.3,6.0581,1643.56253,16435.6253,3871.8752999999997
8073,19,65,2024-12-05,8,194238.9,4996.52,5.9849,29903.672548000002,239229.38038400002,44990.480384000024
5100,43,135,2024-12-05,3,4934.0,328.1,5.9849,1963.64569,5890.93707,956.93707
428,28,43,2024-12-05,4,140387.0,6219.32,5.9849,37222.008268,148888.033072,8501.033071999991
9919,45,133,2024-12-05,13,23374.75,381.67,5.9849,2284.256783,29695.338179,6320.5881789999985
5890,43,42,2024-12-05,6,34159.15,1263.57,5.9849,7562.340092999999,45374.04055799999,11214.890557999992
2326,19,111,2024-12-05,11,44781.1,860.37,5.9849,5149.228413,56641.512543,11860.412542999999
3804,40,61,2024-12-05,9,239559.6,5102.18,5.9849,30536.037082,274824.333738,35264.73373800001
6615,3,18,2024-12-05,14,353413.3,5265.1,5.9849,31511.096990000002,441155.35786000005,87742.05786000006
9332,19,35,2024-12-05,5,52276.6,2106.85,5.9849,12609.286564999999,63046.432824999996,10769.832824999998
2984,43,121,2024-12-05,14,49134.0,677.66,5.9849,4055.7273339999997,56780.182676,7646.182675999997
1733,40,37,2024-12-05,14,84948.0,1211.89,5.9849,7253.0404610000005,101542.56645400001,16594.566454000014
5159,20,76,2024-12-05,10,1407882.9,26819.81,5.9849,160513.880869,1605138.8086899999,197255.90868999995
9492,42,118,2024-12-05,11,47466.0,787.87,5.9849,4715.323163,51868.554793,4402.554793000003
6570,7,50,2024-12-05,4,42848.8,2378.45,5.9849,14234.785404999999,56939.141619999995,14090.341619999992
3603,34,31,2024-12-05,12,94427.15,1482.91,5.9849,8875.068059,106500.816708,12073.666708000004
1130,30,2,2024-12-06,13,181976.0,2829.74,6.0293,17061.351382,221797.567966,39821.567966
8587,17,13,2024-12-06,15,116206.0,1356.5,6.0293,8178.74545,122681.18175,6475.181750000003
8668,44,63,2024-12-06,10,1329598.15,27618.14,6.0293,166518.051502,1665180.5150199998,335582.3650199999
6246,49,95,2024-12-06,3,209424.0,12945.63,6.0293,78053.086959,234159.260877,24735.260876999993
9702,14,30,2024-12-06,5,153177.05,6558.44,6.0293,39542.802292,197714.01146,44536.96146000002
3324,15,16,2024-12-06,1,30006.0,5491.48,6.0293,33109.780364,33109.780364,3103.7803639999984
3317,6,83,2024-12-06,4,512255.2,35839.7,6.0293,216088.30320999998,864353.2128399999,352098.0128399999
4690,37,28,2024-12-06,2,27091.15,2776.74,6.0293,16741.798482,33483.596964,6392.446963999995
4935,18,31,2024-12-06,9,74548.0,1482.91,6.0293,8940.909263000001,80468.18336700002,5920.18336700002
1419,12,53,2024-12-06,12,644100.0,9496.3,6.0293,57256.04158999999,687072.49908,42972.49907999998
2031,45,22,2024-12-07,5,187400.8,7630.67,6.0293,46007.598631,230037.993155,42637.193155000015
6989,3,2,2024-12-07,12,159579.1,2829.74,6.0293,17061.351382,204736.216584,45157.116584
7764,8,85,2024-12-07,8,293198.5,7885.27,6.0293,47542.658411000004,380341.26728800003,87142.76728800003
249,38,67,2024-12-07,13,1115258.0,16720.73,6.0293,100814.297389,1310585.866057,195327.8660569999
7835,16,29,2024-12-07,5,173424.4,7689.63,6.0293,46363.086159,231815.430795,58391.030795
7176,13,137,2024-12-07,7,23698.0,673.98,6.0293,4063.627614,28445.393298,4747.393297999999
8542,45,70,2024-12-07,4,137422.0,5960.14,6.0293,35935.472102,143741.888408,6319.888407999999
9181,2,100,2024-12-07,15,1490553.8,19807.28,6.0293,119424.033304,1791360.49956,300806.69955999986
1081,28,31,2024-12-07,8,66265.0,1482.91,6.0293,8940.909263000001,71527.27410400001,5262.274104000011
9189,43,99,2024-12-07,10,1072667.0,18977.86,6.0293,114423.21129800001,1144232.1129800002,71565.11298000021
9100,17,128,2024-12-07,8,37206.0,853.09,6.0293,5143.535537000001,41148.284296000005,3942.2842960000053
1529,7,24,2024-12-07,14,308988.45,4113.86,6.0293,24803.696097999997,347251.745372,38263.295371999964
7286,48,106,2024-12-07,1,4385.0,918.37,6.0293,5537.128241,5537.128241,1152.1282410000003
6926,15,82,2024-12-07,14,722877.0,9770.29,6.0293,58908.00949700001,824712.1329580001,101835.13295800006
8682,44,45,2024-12-08,10,99037.0,1881.33,6.0293,11343.102969,113431.02969,14394.029689999996
6472,46,116,2024-12-08,3,7727.0,502.24,6.0293,3028.155632,9084.466896,1357.466896
7731,47,141,2024-12-08,11,52600.0,972.86,6.0293,5865.664798,64522.312778,11922.312778
6963,17,85,2024-12-08,8,293198.5,7885.27,6.0293,47542.658411000004,380341.26728800003,87142.76728800003
9203,15,5,2024-12-08,13,292312.15,4327.37,6.0293,26091.011941,339183.155233,46871.005232999974
9630,2,98,2024-12-08,13,1031695.0,15850.04,6.0293,95564.64617200001,1242340.400236,210645.40023600007
7151,35,80,2024-12-08,3,387672.0,24177.04,6.0293,145770.627272,437311.88181600004,49639.88181600004
1064,17,135,2024-12-08,2,3289.0,328.1,6.0293,1978.2133300000003,3956.4266600000005,667.4266600000005
9955,7,15,2024-12-10,11,306897.0,5097.71,6.0529,30855.928859,339415.217449,32518.21744899999
3432,28,12,2024-12-10,7,18128.85,481.53,6.0529,2914.652937,20402.570559,2273.7205590000012
6387,22,112,2024-12-10,12,24862.45,406.44,6.0529,2460.140676,29521.688112,4659.238111999999
9675,8,98,2024-12-10,6,476167.0,15850.04,6.0529,95938.707116,575632.242696,99465.24269600003
5809,15,112,2024-12-10,4,8287.8,406.44,6.0529,2460.140676,9840.562704,1552.7627040000007
9847,16,84,2024-12-10,4,173696.0,8456.45,6.0529,51186.046205000006,204744.18482000002,31048.184820000024
7247,43,88,2024-12-10,15,688794.65,9896.1,6.0529,59900.10369,898501.55535,209706.90535000002
1378,23,45,2024-12-10,15,141128.2,1881.33,6.0529,11387.502357,170812.535355,29684.33535499999
6865,31,77,2024-12-10,11,491751.0,8959.75,6.0529,54232.470775,596557.178525,104806.178525
5209,17,31,2024-12-10,10,78689.45,1482.91,6.0529,8975.905939,89759.05939000001,11069.609390000012
4875,28,53,2024-12-10,13,697775.0,9496.3,6.0529,57480.15427,747242.00551,49467.005510000046
7716,41,36,2024-12-10,2,42942.85,4476.41,6.0529,27095.262089,54190.524178,11247.674178000001
4487,13,16,2024-12-10,9,270054.0,5491.48,6.0529,33239.379292,299154.41362799995,29100.41362799995
7041,4,39,2024-12-10,10,281511.6,5270.87,6.0529,31904.049023,319040.49023,37528.89023000002
7550,30,146,2024-12-10,7,3298.4,82.88,6.0529,501.664352,3511.6504640000003,213.2504640000002
3053,27,3,2024-12-10,15,128594.85,1753.77,6.0529,10615.394433,159230.91649499998,30636.066494999977
7693,23,38,2024-12-10,9,238150.0,4851.61,6.0529,29366.310169,264296.791521,26146.791520999977
2414,42,45,2024-12-11,12,118845.0,1881.33,6.032,11348.18256,136178.19071999998,17333.190719999984
4056,25,103,2024-12-11,15,25496.1,326.91,6.032,1971.9211200000002,29578.816800000004,4082.7168000000056
9758,3,32,2024-12-11,5,62512.0,2288.99,6.032,13807.18768,69035.9384,6523.938399999999
5358,44,119,2024-12-11,4,12371.85,669.88,6.032,4040.71616,16162.86464,3791.0146399999994
1414,45,72,2024-12-11,13,1295640.0,30675.48,6.032,185034.49536,2405448.43968,1109808.4396799998
525,45,15,2024-12-11,10,265048.1,5097.71,6.032,30749.38672,307493.8672,42445.7672
9443,13,59,2024-12-11,12,1045994.0,15361.57,6.032,92660.99024,1111931.88288,65937.88287999993
2345,17,32,2024-12-11,1,12502.0,2288.99,6.032,13807.18768,13807.18768,1305.187679999999
5443,21,116,2024-12-11,2,5151.0,502.24,6.032,3029.51168,6059.02336,908.0233600000001
5849,15,3,2024-12-11,4,34292.15,1753.77,6.032,10578.74064,42314.96256,8022.8125599999985
3069,48,90,2024-12-12,15,1186460.0,14571.29,5.9408,86565.11963200002,1298476.7944800002,112016.79448000016
9364,23,28,2024-12-12,10,135456.7,2776.74,5.9408,16496.056991999998,164960.56991999998,29503.86991999997
920,15,148,2024-12-12,8,36369.8,885.1,5.9408,5258.20208,42065.61664,5695.816639999997
5448,28,113,2024-12-12,1,4175.25,777.57,5.9408,4619.387856,4619.387856,444.1378560000003
3648,28,63,2024-12-12,11,1539534.0,27618.14,5.9408,164073.846112,1804812.307232,265278.30723199993
538,29,141,2024-12-13,1,4542.9,972.86,6.04,5876.0744,5876.0744,1333.1744000000008
9187,38,93,2024-12-13,9,904293.0,17444.83,6.04,105366.77320000001,948300.9588000001,44007.95880000014
3628,14,36,2024-12-13,12,271217.0,4476.41,6.04,27037.5164,324450.19680000003,53233.196800000034
7736,35,19,2024-12-13,5,82162.0,3358.13,6.04,20283.1052,101415.52600000001,19253.526000000013
4276,3,21,2024-12-13,2,17469.0,1584.96,6.04,9573.1584,19146.3168,1677.3168000000005
7323,26,85,2024-12-13,8,293198.5,7885.27,6.04,47627.0308,381016.2464,87817.7464
6832,22,35,2024-12-13,2,22011.0,2106.85,6.04,12725.374,25450.748,3439.7479999999996
77,6,110,2024-12-13,2,4741.45,443.85,6.04,2680.8540000000003,5361.7080000000005,620.2580000000007
8210,2,49,2024-12-13,8,106114.0,2352.61,6.04,14209.7644,113678.1152,7564.1152
9892,17,6,2024-12-13,6,70921.0,1951.33,6.04,11786.0332,70716.1992,0.0
8895,29,84,2024-12-13,12,495032.65,8456.45,6.04,51076.958000000006,612923.496,117890.84600000002
6703,14,77,2024-12-13,3,127408.3,8959.75,6.04,54116.89,162350.66999999998,34942.36999999998
3363,9,112,2024-12-13,7,14503.65,406.44,6.04,2454.8976,17184.283199999998,2680.6331999999984
1841,31,118,2024-12-13,1,4315.0,787.87,6.04,4758.7348,4758.7348,443.7348000000002
3930,2,132,2024-12-13,13,19303.05,314.46,6.04,1899.3383999999999,24691.3992,5388.349200000001
5800,28,90,2024-12-14,11,870071.0,14571.29,6.04,88010.5916,968116.5076,98045.50760000001
3454,31,40,2024-12-14,15,212761.0,2867.26,6.04,17318.2504,259773.75600000002,47012.75600000002
5968,33,87,2024-12-14,12,762203.05,13597.7,6.04,82130.10800000001,985561.2960000001,223358.24600000004
3078,29,23,2024-12-14,13,145322.0,2244.66,6.04,13557.7464,176250.7032,30928.70319999999
318,1,97,2024-12-14,9,1218016.0,25607.88,6.04,154671.5952,1392044.3568000002,174028.35680000018
4052,22,89,2024-12-14,7,523208.7,14122.53,6.04,85300.0812,597100.5684,73891.86839999998
2159,15,89,2024-12-14,15,1180171.0,14122.53,6.04,85300.0812,1279501.218,99330.21800000011
9596,37,62,2024-12-14,9,873998.1,20000.78,6.04,120804.71119999999,1087242.4008,213244.30079999997
4840,5,101,2024-12-14,7,3081.8,82.96,6.04,501.0784,3507.5488,425.74879999999985
1821,3,131,2024-12-14,2,1927.0,175.62,6.04,1060.7448,2121.4896,194.48959999999988
349,31,55,2024-12-15,8,835903.1,22138.68,6.04,133717.6272,1069741.0176,233837.91759999993
9740,46,6,2024-12-15,10,112291.9,1951.33,6.04,11786.0332,117860.332,5568.432000000001
7591,3,114,2024-12-15,15,11389.55,152.46,6.04,920.8584000000001,13812.876,2423.326000000001
3137,23,90,2024-12-15,5,375712.65,14571.29,6.04,88010.5916,440052.958,64340.30799999996
9966,8,120,2024-12-15,14,41555.85,635.45,6.04,3838.1180000000004,53733.652,12177.802000000003
9977,46,76,2024-12-15,5,703941.45,26819.81,6.04,161991.65240000002,809958.2620000001,106016.81200000015
5342,27,50,2024-12-15,8,85697.6,2378.45,6.04,14365.838,114926.704,29229.103999999992
8495,29,34,2024-12-15,8,39340.0,951.66,6.04,5748.0264,45984.2112,6644.211199999998
7751,31,99,2024-12-15,7,750867.0,18977.86,6.04,114626.27440000001,802383.9208000001,51516.92080000008
335,44,14,2024-12-15,11,374225.9,6832.87,6.04,41270.5348,453975.8828,79749.9828
6133,14,101,2024-12-15,13,6024.0,82.96,6.04,501.0784,6514.0192,490.0191999999997
8022,6,27,2024-12-15,4,66046.0,3051.23,6.04,18429.4292,73717.7168,7671.716799999995
346,48,39,2024-12-15,14,394117.0,5270.87,6.04,31836.054799999998,445704.7672,51587.7672
7621,36,12,2024-12-16,3,8179.0,481.53,6.0509,2913.689877,8741.069630999998,562.0696309999985
5570,25,78,2024-12-16,6,730569.0,24425.59,6.0509,147796.80253100002,886780.8151860002,156211.8151860002
9410,41,80,2024-12-16,10,1227626.1,24177.04,6.0509,146292.85133600002,1462928.5133600002,235302.41336000012
7450,19,126,2024-12-16,7,18739.0,467.05,6.0509,2826.072845,19782.509915000002,1043.5099150000024
9907,45,148,2024-12-16,15,71783.0,885.1,6.0509,5355.65159,80334.77385000001,8551.773850000012
4483,2,108,2024-12-16,9,30110.0,688.83,6.0509,4168.0414470000005,37512.37302300001,7402.373023000007
4375,25,10,2024-12-16,11,352363.0,5864.71,6.0509,35486.773739000004,390354.51112900005,37991.51112900005
3203,15,113,2024-12-16,15,62627.8,777.57,6.0509,4704.998313000001,70574.97469500001,7947.174695000009
7918,15,44,2024-12-16,12,129682.0,2159.34,6.0509,13065.950406000002,156791.404872,27109.404872000014
7992,20,60,2024-12-16,8,870009.0,19786.24,6.0509,119724.55961600001,957796.4769280001,87787.4769280001
8672,22,127,2024-12-16,5,7359.65,296.24,6.0509,1792.518616,8962.59308,1602.943080000001
2127,49,33,2024-12-17,13,87305.0,1325.97,6.1685,8179.245945,106330.197285,19025.197285000002
4386,32,88,2024-12-17,6,275518.05,9896.1,6.1685,61044.09285,366264.5571,90746.50709999999
1560,16,105,2024-12-17,11,3405.0,53.37,6.1685,329.21284499999996,3621.3412949999997,216.34129499999972
6195,1,44,2024-12-17,9,92398.9,2159.34,6.1685,13319.88879,119878.99911,27480.09911000001
4432,31,104,2024-12-17,7,24691.45,742.54,6.1685,4580.3579899999995,32062.505929999996,7371.055929999995
3918,8,20,2024-12-17,3,87875.0,5689.04,6.1685,35092.84324,105278.52972,17403.529720000006
9030,24,15,2024-12-17,5,139499.0,5097.71,6.1685,31445.224135,157226.120675,17727.120675000013
4773,20,52,2024-12-17,8,104151.35,2426.66,6.1685,14968.85221,119750.81768,15599.467679999987
6262,48,139,2024-12-17,13,18523.0,246.89,6.1685,1522.9409649999998,19798.232545,1275.232544999999
95,25,131,2024-12-17,12,11563.0,175.62,6.1685,1083.31197,12999.74364,1436.7436400000006
9601,9,85,2024-12-17,9,347208.0,7885.27,6.1685,48640.287995,437762.591955,90554.59195500001
9940,25,74,2024-12-17,8,657844.6,17160.36,6.1685,105853.68066,846829.44528,188984.84528
691,14,2,2024-12-17,15,199473.4,2829.74,6.1685,17455.25119,261828.76784999997,62355.36784999998
6326,7,37,2024-12-17,4,24271.0,1006.02,6.1685,6205.63437,24822.53748,551.537479999999
2958,48,78,2024-12-17,13,1503755.0,24425.59,6.1685,150669.251915,1958700.274895,454945.27489500004
389,32,145,2024-12-18,1,4350.0,718.09,6.1624,4425.157816,4425.157816,75.15781599999991
5037,13,67,2024-12-18,2,162999.1,16720.73,6.1624,103039.826552,206079.653104,43080.55310399999
3145,46,76,2024-12-18,8,1185586.0,26819.81,6.1624,165274.39714400002,1322195.1771520001,136609.17715200013
130,15,123,2024-12-18,2,5554.0,458.99,6.1624,2828.479976,5656.959952,102.95995200000016
6793,21,122,2024-12-18,2,2645.0,222.63,6.1624,1371.935112,2743.870224,98.87022399999978
9653,40,117,2024-12-18,15,58467.75,823.4,6.1624,5074.1201599999995,76111.80239999999,17644.052399999986
2698,37,2,2024-12-18,7,93087.65,2829.74,6.1624,17437.989776,122065.92843199999,28978.278431999992
8345,22,147,2024-12-18,7,21211.0,592.19,6.1624,3649.3116560000003,25545.181592,4334.181592000001
2131,39,53,2024-12-18,6,322050.0,9496.3,6.1624,58519.99911999999,351119.99471999996,29069.99471999996
4566,33,110,2024-12-18,11,26078.45,443.85,6.1624,2735.18124,30086.99364,4008.54364
9318,32,89,2024-12-18,11,822186.05,14122.53,6.1624,87028.678872,957315.467592,135129.41759199998
4215,4,133,2024-12-18,7,12586.55,381.67,6.1624,2352.003208,16464.022456,3877.4724559999995
4876,4,53,2024-12-18,3,161025.0,9496.3,6.1624,58519.99911999999,175559.99735999998,14534.99735999998
1494,21,51,2024-12-18,9,577431.0,11769.05,6.1624,72525.59371999999,652730.3434799999,75299.34347999992
1789,35,67,2024-12-18,2,162999.1,16720.73,6.1624,103039.826552,206079.653104,43080.55310399999
1171,13,66,2024-12-18,12,143317.0,2297.7,6.1624,14159.346479999998,169912.15775999997,26595.157759999973
3633,27,58,2024-12-18,13,1343984.0,19694.26,6.1624,121363.907824,1577730.8017119998,233746.8017119998
515,28,83,2024-12-18,10,1280637.05,35839.7,6.1624,220858.56728,2208585.6728,927948.6227999998
7745,29,42,2024-12-19,6,35957.0,1263.57,6.1841,7814.043237,46884.259422,10927.259422000003
6422,46,92,2024-12-19,4,355416.0,16239.74,6.1841,100428.176134,401712.704536,46296.704535999976
2469,24,142,2024-12-19,8,6280.45,149.71,6.1841,925.8216110000001,7406.572888000001,1126.1228880000008
7455,46,74,2024-12-19,15,1233459.1,17160.36,6.1841,106121.382276,1591820.73414,358361.63414
449,14,60,2024-12-19,3,309940.35,19786.24,6.1841,122360.08678400001,367080.260352,57139.910352000035
7088,38,45,2024-12-19,7,69326.0,1881.33,6.1841,11634.332853,81440.329971,12114.329971
3205,23,23,2024-12-19,9,100608.0,2244.66,6.1841,13881.201905999998,124930.81715399999,24322.81715399999
7392,11,56,2024-12-19,6,257933.0,8087.59,6.1841,50014.465319,300086.791914,42153.791914
4519,15,67,2024-12-19,11,943680.0,16720.73,6.1841,103402.66639299999,1137429.330323,193749.33032299997
8607,44,57,2024-12-19,13,1467063.15,20486.78,6.1841,126692.296198,1646999.850574,179936.70057400013
2173,37,1,2024-12-19,12,397470.0,5774.5,6.1841,35710.08545,428521.0254,31051.025399999984
6532,32,3,2024-12-19,9,77157.1,1753.77,6.1841,10845.489056999999,97609.40151299999,20452.301512999984
2390,45,43,2024-12-19,12,400103.9,6219.32,6.1841,38460.896812,461530.761744,61426.861743999994
8878,47,71,2024-12-19,10,1301741.0,23100.17,6.1841,142853.761297,1428537.61297,126796.6129699999
1084,43,116,2024-12-20,9,23180.0,502.24,6.078,3052.61472,27473.53248,4293.532480000002
3795,43,40,2024-12-20,9,127656.0,2867.26,6.078,17427.206280000002,156844.85652000003,29188.85652000003
4091,26,100,2024-12-20,4,397480.95,19807.28,6.078,120388.64784,481554.59136,84073.64136000001
6769,15,114,2024-12-20,14,10630.5,152.46,6.078,926.6518800000001,12973.126320000001,2342.626320000001
8187,45,69,2024-12-20,15,678975.0,8046.11,6.078,48904.25658,733563.8487,54588.84869999997
7083,24,100,2024-12-20,2,198740.0,19807.28,6.078,120388.64784,240777.29568,42037.29568000001
4912,7,143,2024-12-20,14,59004.5,766.33,6.078,4657.75374,65208.55236,6204.0523600000015
5656,43,78,2024-12-20,1,121762.0,24425.59,6.078,148458.73602,148458.73602,26696.73602000001
7815,22,56,2024-12-20,6,245036.35,8087.59,6.078,49156.37202,294938.23212,49901.882119999995
73,24,10,2024-12-20,3,91294.05,5864.71,6.078,35645.70738,106937.12213999999,15643.07213999999
9745,4,32,2024-12-20,7,87517.0,2288.99,6.078,13912.48122,97387.36854,9870.368539999996
2657,15,109,2024-12-20,13,7690.25,123.24,6.078,749.05272,9737.68536,2047.4353599999995
5019,41,109,2024-12-20,8,4982.0,123.24,6.078,749.05272,5992.42176,1010.4217600000002
9714,29,38,2024-12-20,2,50275.9,4851.61,6.078,29488.08558,58976.17116,8700.271159999997
2535,12,69,2024-12-20,8,344014.0,8046.11,6.078,48904.25658,391234.05264,47220.05264000001
1405,24,53,2024-12-20,5,254956.25,9496.3,6.078,57718.511399999996,288592.557,33636.30699999997
6535,8,123,2024-12-20,13,34296.9,458.99,6.078,2789.7412200000003,36266.63586,1969.7358600000007
6747,21,142,2024-12-21,14,10991.5,149.71,6.078,909.9373800000001,12739.12332,1747.6233200000006
8032,28,81,2024-12-21,12,1465782.0,23685.5,6.078,143960.469,1727525.628,261743.62800000003
9524,1,68,2024-12-21,1,63552.15,13317.89,6.078,80946.13542,80946.13542,17393.985420000005
1266,24,80,2024-12-21,6,775343.0,24177.04,6.078,146948.04912,881688.2947200001,106345.29472000012
2621,6,128,2024-12-21,9,39763.2,853.09,6.078,5185.0810200000005,46665.72918,6902.529180000005
8810,22,108,2024-12-21,6,19069.35,688.83,6.078,4186.70874,25120.25244,6050.902440000002
7137,8,139,2024-12-21,4,5415.0,246.89,6.078,1500.59742,6002.38968,587.3896800000002
7993,31,62,2024-12-21,3,306666.0,20000.78,6.078,121564.74084,364694.22252,58028.22252000001
1243,48,141,2024-12-21,7,33473.0,972.86,6.078,5913.04308,41391.30156,7918.30156
4038,18,57,2024-12-21,6,677105.85,20486.78,6.078,124518.64884,747111.89304,70006.04304000002
4849,35,93,2024-12-21,12,1145437.8,17444.83,6.078,106029.67674000001,1272356.12088,126918.32088000001
4538,36,39,2024-12-22,12,337814.3,5270.87,6.078,32036.34786,384436.17432,46621.87432
8694,34,100,2024-12-22,9,894331.9,19807.28,6.078,120388.64784,1083497.8305600001,189165.93056000012
7162,16,132,2024-12-22,14,20787.9,314.46,6.078,1911.2878799999999,26758.030319999998,5970.130319999997
2635,21,148,2024-12-22,13,62212.0,885.1,6.078,5379.6378,69935.2914,7723.291400000002
3010,22,29,2024-12-22,2,69369.95,7689.63,6.078,46737.57114,93475.14228,24105.192280000003
4521,12,37,2024-12-22,4,24271.0,1006.02,6.078,6114.58956,24458.35824,187.3582400000014
139,38,123,2024-12-22,1,2638.15,458.99,6.078,2789.7412200000003,2789.7412200000003,151.59122000000025
4382,26,127,2024-12-22,8,12395.0,296.24,6.078,1800.54672,14404.37376,2009.3737600000004
1279,28,135,2024-12-22,5,8223.0,328.1,6.078,1994.1918000000003,9970.959,1747.9590000000007
7463,48,125,2024-12-22,12,38783.75,646.27,6.078,3928.0290600000003,47136.34872,8352.598720000002
6604,24,136,2024-12-22,3,5624.0,390.62,6.078,2374.18836,7122.56508,1498.5650800000003
8817,14,93,2024-12-22,15,1507155.0,17444.83,6.078,106029.67674000001,1590445.1511000001,83290.15110000013
7514,5,141,2024-12-22,15,71727.0,972.86,6.078,5913.04308,88695.6462,16968.646200000003
9392,31,104,2024-12-22,7,24691.45,742.54,6.078,4513.15812,31592.10684,6900.65684
4260,7,26,2024-12-22,2,32837.7,3378.85,6.078,20536.6503,41073.3006,8235.600600000005
1714,17,35,2024-12-23,4,41820.9,2106.85,6.1612,12980.72422,51922.89688,10101.996879999999
2230,9,51,2024-12-23,9,577431.0,11769.05,6.1612,72511.47086,652603.23774,75172.23774000001
6489,34,8,2024-12-23,6,29905.0,947.05,6.1612,5834.96446,35009.78676,5104.786760000003
8018,7,42,2024-12-23,9,53936.0,1263.57,6.1612,7785.107483999999,70065.967356,16129.967355999994
4447,33,43,2024-12-23,1,33342.15,6219.32,6.1612,38318.474384,38318.474384,4976.324384
603,19,97,2024-12-23,10,1353351.0,25607.88,6.1612,157775.27025600002,1577752.7025600001,224401.70256000012
5287,13,78,2024-12-23,6,694040.55,24425.59,6.1612,150490.945108,902945.6706480001,208905.12064800004
7394,10,133,2024-12-23,1,1893.0,381.67,6.1612,2351.545204,2351.545204,458.545204
5813,8,122,2024-12-23,1,1255.9,222.63,6.1612,1371.667956,1371.667956,115.76795599999991
8886,17,142,2024-12-24,15,11776.2,149.71,6.1541,921.330311,13819.954665000001,2043.7546650000004
7436,26,59,2024-12-24,4,348665.0,15361.57,6.1541,94536.63793699999,378146.55174799997,29481.55174799997
3449,22,131,2024-12-24,8,7709.0,175.62,6.1541,1080.783042,8646.264336,937.2643360000002
4318,18,52,2024-12-24,5,65094.0,2426.66,6.1541,14933.908305999998,74669.54152999999,9575.541529999988
6500,35,5,2024-12-24,13,307697.0,4327.37,6.1541,26631.067716999998,346203.880321,38506.880321000004
4358,46,73,2024-12-24,12,1717919.0,25649.93,6.1541,157852.234213,1894226.8105559999,176307.81055599987
1225,11,60,2024-12-25,15,1549702.7,19786.24,6.1541,121766.499584,1826497.49376,276794.79376000003
6258,16,14,2024-12-25,5,179055.0,6832.87,6.1541,42050.165267,210250.826335,31195.82633499999
8214,8,38,2024-12-25,1,25137.95,4851.61,6.1541,29857.293100999996,29857.293100999996,4719.343100999995
5454,14,20,2024-12-25,12,370001.0,5689.04,6.1541,35010.921063999995,420131.05276799994,50130.052767999936
1816,39,65,2024-12-25,12,291357.4,4996.52,6.1541,30749.083732000003,368989.00478400005,77631.60478400002
8291,34,18,2024-12-25,14,372014.0,5265.1,6.1541,32401.95191,453627.32674,81613.32673999999
285,28,96,2024-12-26,5,335448.8,14776.4,6.1656,91105.37184,455526.85920000006,120078.05920000008
8196,32,42,2024-12-26,5,28465.8,1263.57,6.1656,7790.667192,38953.33596,10487.535959999997
2641,4,87,2024-12-26,6,381101.05,13597.7,6.1656,83837.97912,503027.87472,121926.82472000003
2695,35,107,2024-12-26,11,16647.0,311.59,6.1656,1921.139304,21132.532344,4485.532343999999
2392,14,63,2024-12-26,13,1819450.0,27618.14,6.1656,170282.403984,2213671.251792,394221.25179200014
7115,27,69,2024-12-26,13,588445.0,8046.11,6.1656,49609.095816,644918.245608,56473.24560799997
4223,35,104,2024-12-26,2,7426.0,742.54,6.1656,4578.204624,9156.409248,1730.409248
5397,10,132,2024-12-26,2,3126.0,314.46,6.1656,1938.834576,3877.669152,751.6691519999999
6152,41,15,2024-12-26,7,195298.0,5097.71,6.1656,31430.440776000003,220013.08543200002,24715.08543200002
3239,36,125,2024-12-26,15,51031.0,646.27,6.1656,3984.642312,59769.63468,8738.634680000003
8167,27,104,2024-12-26,12,44556.0,742.54,6.1656,4578.204624,54938.455488,10382.455488
2338,41,96,2024-12-26,1,67089.95,14776.4,6.1656,91105.37184,91105.37184,24015.42184000001
4668,42,67,2024-12-26,10,814995.5,16720.73,6.1656,103093.332888,1030933.32888,215937.82888000004
8695,15,28,2024-12-27,5,71293.0,2776.74,6.1991,17213.288933999997,86066.44466999998,14773.444669999983
3379,49,62,2024-12-27,3,291332.7,20000.78,6.1991,123986.83529799999,371960.50589399994,80627.80589399993
8371,49,114,2024-12-27,10,7593.35,152.46,6.1991,945.114786,9451.14786,1857.7978599999988
1077,45,84,2024-12-27,9,390815.0,8456.45,6.1991,52422.379195,471801.412755,80986.412755
6981,35,72,2024-12-27,7,697652.0,30675.48,6.1991,190160.36806799998,1331122.5764759998,633470.5764759998
5844,41,33,2024-12-27,15,95700.15,1325.97,6.1991,8219.820627,123297.30940499999,27597.159405
3384,48,124,2024-12-27,8,30159.0,665.23,6.1991,4123.827293,32990.618344,2831.6183440000023
3722,12,119,2024-12-27,11,34023.3,669.88,6.1991,4152.6531079999995,45679.18418799999,11655.884187999989
8675,16,2,2024-12-27,10,139982.0,2829.74,6.1991,17541.841233999996,175418.41233999995,35436.41233999995
248,36,103,2024-12-28,12,21470.0,326.91,6.1991,2026.547781,24318.573372,2848.573371999999
2289,45,104,2024-12-28,1,3527.35,742.54,6.1991,4603.0797139999995,4603.0797139999995,1075.7297139999996
4369,47,84,2024-12-28,2,86848.0,8456.45,6.1991,52422.379195,104844.75839,17996.758390000003
8622,9,5,2024-12-28,6,134913.3,4327.37,6.1991,26825.799366999996,160954.79620199997,26041.49620199998
628,20,72,2024-12-28,3,284044.3,30675.48,6.1991,190160.36806799998,570481.104204,286436.804204
8565,35,80,2024-12-28,9,1104864.25,24177.04,6.1991,149875.888664,1348882.997976,244018.74797599996
142,9,34,2024-12-28,5,24588.0,951.66,6.1991,5899.435506,29497.17753,4909.177530000001
5888,44,44,2024-12-28,10,108068.0,2159.34,6.1991,13385.964594000001,133859.64594000002,25791.645940000017
9173,13,128,2024-12-29,5,23254.0,853.09,6.1991,5288.390219,26441.951095,3187.9510950000004
7522,10,90,2024-12-29,13,1028265.0,14571.29,6.1991,90328.883839,1174275.489907,146010.48990699998
2479,5,78,2024-12-29,4,487046.0,24425.59,6.1991,151416.67496899999,605666.6998759999,118620.69987599994
9699,18,33,2024-12-29,3,20147.0,1325.97,6.1991,8219.820627,24659.461880999996,4512.461880999996
6063,24,104,2024-12-29,9,31746.15,742.54,6.1991,4603.0797139999995,41427.717425999996,9681.567425999994
5197,42,91,2024-12-29,9,1153275.3,27671.77,6.1991,171540.069407,1543860.624663,390585.32466299995
3481,6,38,2024-12-29,14,370456.0,4851.61,6.1991,30075.615550999995,421058.61771399993,50602.617713999934
6270,26,115,2024-12-29,3,2367.4,167.9,6.1991,1040.82889,3122.4866700000002,755.0866700000001
6054,37,140,2024-12-29,10,31346.0,612.49,6.1991,3796.886759,37968.86759,6622.867590000002
4836,15,26,2024-12-29,14,229866.75,3378.85,6.1991,20945.829035,293241.60649,63374.85648999998
8527,19,36,2024-12-29,10,226014.0,4476.41,6.1991,27749.713230999998,277497.13230999996,51483.13230999996
1052,4,99,2024-12-30,15,1609000.0,18977.86,6.1923,117516.60247800002,1762749.0371700001,153749.03717000014
8723,29,33,2024-12-30,1,6716.0,1325.97,6.1923,8210.804031000001,8210.804031000001,1494.8040310000015
4600,9,131,2024-12-30,3,2746.45,175.62,6.1923,1087.4917260000002,3262.4751780000006,516.0251780000008
3723,7,25,2024-12-30,1,12126.0,2139.99,6.1923,13251.460077,13251.460077,1125.4600769999997
4584,18,140,2024-12-30,8,23823.15,612.49,6.1923,3792.7218270000003,30341.774616000002,6518.624616000001
1324,2,8,2024-12-30,6,29905.0,947.05,6.1923,5864.4177150000005,35186.506290000005,5281.506290000005
4788,2,129,2024-12-30,15,48993.0,661.98,6.1923,4099.1787540000005,61487.68131000001,12494.681310000007
7832,1,107,2024-12-30,9,12939.0,311.59,6.1923,1929.4587569999999,17365.128813,4426.128812999999
4956,4,137,2024-12-30,6,20313.0,673.98,6.1923,4173.486354000001,25040.918124000003,4727.918124000003
1421,12,40,2024-12-30,13,175173.35,2867.26,6.1923,17754.934098,230814.14327400003,55640.793274000025
1307,34,94,2024-12-30,15,580699.85,8022.13,6.1923,49675.435599000004,745131.5339850001,164431.68398500013
3336,25,137,2024-12-30,2,6432.45,673.98,6.1923,4173.486354000001,8346.972708000001,1914.5227080000013
6866,24,99,2024-12-30,11,1120936.35,18977.86,6.1923,117516.60247800002,1292682.6272580002,171746.2772580001
570,8,132,2024-12-30,10,14848.5,314.46,6.1923,1947.230658,19472.30658,4623.80658
8192,25,76,2024-12-30,1,140788.1,26819.81,6.1923,166076.309463,166076.309463,25288.209463000007
1982,40,103,2024-12-30,9,16103.0,326.91,6.1923,2024.3247930000002,18218.923137,2115.9231370000016
1926,44,11,2024-12-30,11,378623.45,7246.24,6.1923,44870.891952,493579.811472,114956.36147199996
6389,33,17,2024-12-30,11,146705.65,2833.14,6.1923,17543.652822,192980.181042,46274.53104200002
7381,20,25,2024-12-30,2,24253.0,2139.99,6.1923,13251.460077,26502.920154,2249.9201539999995
9765,26,73,2024-12-30,4,544008.0,25649.93,6.1923,158832.06153900002,635328.2461560001,91320.24615600007
8466,13,22,2024-12-30,8,299841.85,7630.67,6.1923,47251.397841000005,378011.18272800004,78169.33272800007
3848,9,132,2024-12-30,8,11878.8,314.46,6.1923,1947.230658,15577.845264,3699.0452640000003
9989,21,77,2024-12-30,5,212346.85,7220.1,6.1923,44709.02523000001,223545.12615000003,11198.27615000002
5650,32,39,2024-12-31,1,28151.35,5270.87,6.1923,32638.808301,32638.808301,4487.458301000002
7097,30,6,2024-12-31,8,94562.0,1951.33,6.1923,12083.220759,96665.766072,2103.7660719999985
6141,1,56,2024-12-31,2,81679.1,8087.59,6.1923,50080.783557,100161.567114,18482.467114
4027,24,28,2024-12-31,9,121910.65,2776.74,6.1923,17194.407102,154749.663918,32839.01391800001
8000,41,12,2024-12-31,12,32714.0,481.53,6.1923,2981.778219,35781.338628,3067.3386279999977
5451,7,27,2024-12-31,9,141172.85,3051.23,6.1923,18894.131529000002,170047.18376100002,28874.333761000016
79,10,12,2024-12-31,13,35440.0,481.53,6.1923,2981.778219,38763.116847,3323.1168469999975
8041,48,113,2024-12-31,7,30765.0,777.57,6.1923,4814.9467110000005,33704.62697700001,2939.626977000007
2972,21,31,2024-12-31,1,8283.0,1482.91,6.1923,9182.623593,9182.623593,899.6235930000003
3026,5,99,2024-12-31,15,1528550.0,18977.86,6.1923,117516.60247800002,1762749.0371700001,234199.03717000014
3242,36,83,2024-12-31,2,269608.0,35839.7,6.1923,221930.17431,443860.34862,174252.34862
2638,2,9,2024-12-31,6,226321.35,7258.64,6.1923,44947.67647200001,269686.058832,43364.708832000004
8762,48,33,2024-12-31,13,87305.0,1325.97,6.1923,8210.804031000001,106740.45240300002,19435.452403000018
878,23,13,2024-12-31,2,15494.0,1356.5,6.1923,8399.85495,16799.7099,1305.7099000000017
